transaction_graph_strength,historical_association,temporal_similarity,geographic_relevance,risk_score
0.9556428757689246,0.7319939418114051,0.5986584841970366,0.17658466252766641,0.6272679333758285
0.5133240027692805,0.33370861113902184,0.14286681792194078,0.6517381203551995,0.40327747365692973
0.9446974381141752,0.0007787658410143283,0.9922115592912175,0.34623781203460174,0.5338766166051345
0.48875051677790415,0.2912291401980419,0.6118528947223795,0.45719539358237654,0.3909310752397902
0.4442157921404465,0.9832308858067882,0.4667628932479799,0.7417011109663175,0.7654514064497219
0.1585464336867516,0.9488855372533332,0.9656320330745594,0.7399746149894089,0.7997568223038092
0.3078044430599341,0.24102546602601171,0.6832635188254582,0.6130228193897037,0.4358842884018948
0.9183883618709039,0.2587799816000169,0.662522284353982,0.7208863595004755,0.46588788759109023
0.6109302950379923,0.03131329245555858,0.8422847745949985,0.18216657531762914,0.2874068255606057
0.6381099809299766,0.9218742350231168,0.0884925020519195,0.09909146571348924,0.4547237730714795
0.5857229191501718,0.5867511656638482,0.965255307264138,0.24900427177833914,0.6307720890220013
0.8219772826786357,0.07455064367977082,0.9868869366005173,0.4323077999694041,0.5086384757636632
0.27895816367992465,0.71134195274865,0.7901755405312056,0.7698440259210961,0.6610124303091456
0.20428215357261675,0.8631034258755935,0.6232981268275579,0.352082576215471,0.5718909928401757
0.7566455605042577,0.6375574713552131,0.8872127425763265,0.3962170123484518,0.6592478643764832
0.7847065437552077,0.5612771975694962,0.770967179954561,1.0,0.6896260835163834
0.12287721406968567,0.10789142699330445,0.03142918568673425,0.25812495414085973,0.17776742244374877
0.9168098265334838,0.24929222914887494,0.41038292303562973,0.121074167130208,0.4265558391879756
0.725306439735734,0.8804678390152577,0.6243540481337932,0.6389677982652665,0.7341044979925733
0.823304869209203,0.18657005888603584,0.8925589984899778,0.33718621335497767,0.49401570446298776
0.42066805426927745,0.906828441545754,0.2721322493846353,0.06506100267669909,0.4633499986160205
0.4756699028339011,0.22210781047073025,0.1198653673336828,0.7452936326533509,0.34870585933492576
0.4634525539522367,0.06489224710898156,0.2539154139343447,0.8817873512216565,0.29305773919189837
0.37079047883509275,0.2848404943774676,0.036886947354532795,0.7060230209941026,0.459838392811997
0.4105641232240147,0.6343513447013638,0.6807054515547668,0.2501240858361289,0.5960356980621357
0.17276799369944373,0.36965445606140446,0.24215993827742588,0.186270899632073,0.33816762698103153
0.6701767396848052,0.5357746840747585,0.0902897700544083,0.3506567517796674,0.48269265635077724
0.8725229243323479,0.32595890520188475,0.2202410475655483,0.588751161441627,0.4969607452910423
0.6806555113685049,0.17436642900499144,0.690937738102466,0.26205482159617355,0.38842931697227234
0.7081211053353527,0.7352161192407721,0.20907162073771368,0.987231911732072,0.6947900722605587
0.25745943438634256,0.9821683433294356,0.5166358912710143,0.20628245997331826,0.6140227127252179
0.2698363975072414,0.2788713525921819,0.7003578299727713,0.7108711799627385,0.45304980487681107
0.677828481538859,0.08413996499504883,0.16162871409461377,0.8226288269498875,0.4084432621435235
0.43505448990556883,0.9401334424577784,0.9736638367553173,0.6014618202874312,0.7233923859193511
0.7227056779234239,0.6519612595026005,0.22426930946055978,0.3025318329772679,0.5500400980604132
0.26094043829919594,0.3664687845828599,0.7441705230565623,0.4040105367886094,0.483658224384525
0.557932669154884,0.6363326181858954,0.25046181860558414,0.2315890907152316,0.4654938271721579
0.902841899659402,0.6311386259972629,0.7948113035416484,0.9734422159061742,0.7913628057279474
0.27571868901824004,0.7224521152615053,0.2807723624408558,0.8041980064470023,0.554255066830931
0.9950954597176069,0.46994451399094295,0.2795603417967586,0.8327223386365866,0.6347821987101943
0.9354867063289528,0.42818414831731433,0.9666548190436696,0.4153206281931595,0.559023728805789
0.38522980464064993,0.1694927466860925,0.5568012624583502,0.8173180925851182,0.43893279959770254
0.6535065040292528,0.9900538501042633,0.14008401523652403,0.5057423508862376,0.65845615704609
0.8638028154322069,0.13662133144202881,0.7089109969101186,0.619811203099344,0.5165393895400513
0.8291020552112627,0.8670723185801037,0.9132405525564713,0.45150476863060485,0.9782349772444454
0.27484655816083803,0.07094091699992766,0.3967838272138884,0.5068351251103829,0.24359902736841507
0.5190382163192142,0.5426446347075766,0.2865412521282844,0.6585468194610108,0.5138930470917734
0.1349512609864809,0.3032655146732228,0.5370824271966554,0.2966392001972417,0.28949356018101663
0.29423892474715885,0.6228904758190003,0.085347464993768,0.2045571839903814,0.3334048876935709
0.6736869113483859,0.7260913337226615,0.9758520794625346,0.49748574133423923,0.729164195656568
0.4589388113003151,0.43352073758074205,0.7440426429991154,0.7267307798696157,0.5304368961678992
0.7196499106888298,0.05819359550844361,0.9152137276264805,0.6451171320175908,0.4621171390647527
0.6941776390459581,0.27993389694594284,0.9548652806631941,0.837729626546041,0.6918956173533902
0.47764005618501093,0.24773098950115746,0.3559726786512616,0.4762608038793331,0.4546673875671993
0.7870279807035199,0.8069129770507795,0.3463043210894008,0.6113112156958203,0.6467735631827376
0.6542650882469948,0.6350936508676438,0.04530400977204452,0.5441273289066115,0.4309836381732157
0.5509358955237333,0.5393774484000625,0.6839637693981411,0.45677683677576253,0.5614953662685098
0.12386017948745964,0.5857755812734633,0.9402302414249576,0.21026230175113425,0.5532078151259688
0.21565031791051917,0.811204176736003,0.8206394757439553,0.31370174186334576,0.6168244850366688
0.2860159238890708,0.27396112732113376,0.21458911970837413,0.3581491118789568,0.2757643431946543
0.7147060960747211,0.07118864846022899,0.3189756302937613,0.34106352430557885,0.3459046143699551
0.7236013228227455,0.34833660445319736,0.9366481518557073,0.19099213668197934,0.4842889613916506
0.3538311153141759,0.17743954377972282,0.7506147516408583,0.3212328388068218,0.2950830534501676
0.31473717381130617,0.6798447799002458,0.7399087604473745,0.43731421304618456,0.5032295762184036
0.5547271352030715,0.8264574661077416,0.32004960103061175,0.7760775202130246,0.703452573285831
0.9626873471948785,0.8471431440955898,0.3549051904627206,0.21035680844423502,0.6578289275667589
0.6160940993109575,0.6318372121697993,0.44844552197831977,0.09939826185002981,0.42481303085639455
0.2914551055218061,0.9461945428816902,0.7812960504712025,0.8813666575878907,0.7895305246247323
0.7192270091575351,0.8369638742373738,0.8668687053108414,0.17415822641825646,0.7460104538793263
0.45698644175882674,0.8918969087767766,0.1466048216920255,0.24183460743854546,0.529794388400793
0.4335779323602018,0.8127995672575026,0.9472485773838587,0.4281555778747564,0.6762438868411721
0.44018883111002904,0.7050843642966599,0.24872415443028795,0.42756662046529004,0.41154073499158816
0.11021828029067716,0.46866064199412627,0.05630327568183735,0.6271138225980915,0.3847344875849737
0.31375582416322295,0.40022289287202484,0.47771489088022767,0.5057412947756371,0.37732617249219014
0.9669002854965502,0.012154474689816341,0.969878826707639,0.5224092481810417,0.4973290819920625
0.327691151190317,0.6954111231066475,0.07543454708976927,0.4528122475882131,0.4215429811262195
0.6648022720756571,0.5843143119231002,0.901158010490989,1.0,0.7065028670148118
0.2693090437513852,0.46369840493998216,0.3533522280260528,0.3240867338446302,0.3823486524242169
0.33395487656883643,0.45324084682883103,0.032315951109650465,0.7354677790802514,0.32161350963189844
0.7162580552984913,0.1626169393448913,0.9109271844938425,0.5741963016529466,0.5791560152984941
0.17447357803177554,0.8766614859257927,0.55158787254407,0.3690256896517395,0.5111911708072836
0.5323330736797192,0.9852860506655043,0.37673896993794076,0.7384214155232289,0.7954222854982678
0.8579070308221378,0.8383287047111379,0.4686931597949703,0.5405572341205632,0.6787942156843009
0.8316109082170698,0.9997176732861306,0.9966368370739054,0.35162333229338966,0.8514842088862227
0.7813730818382103,0.37785054927578643,0.24108483232963185,0.4343471048531182,0.40354721205211286
0.645557171005792,0.22864280550346272,0.6717006844058567,0.3465885829264378,0.4881102509639279
0.5483486679813037,0.4762106967890142,0.8313714900625012,0.4937072520315179,0.5367034542032314
0.6048441743818477,0.876653602658345,0.40348286621239704,0.26453759495851475,0.6736659460505074
0.8245402007674257,0.9031510586766263,0.617263712097292,0.40540708742604864,0.7427201813326778
0.4530196405897591,0.43747492202372906,0.9041586944937484,0.4200134419173423,0.42188503280314116
0.3681635063877554,0.5236022760150112,0.6976418714934634,0.18053297381225206,0.529692229621886
0.5429046637715844,0.25824438829895835,0.4591357562382613,0.7993800860326128,0.48373782288235395
0.28821771197066276,0.5796499344717384,0.34156321045654503,0.2825117497346903,0.515925634519036
0.2249444553844691,0.6408747448032146,0.18188008439914483,0.7747368031611801,0.4781275511086925
0.5637124493777897,0.9731103492701043,0.6019353955409602,0.7616106654019749,0.7482596424972016
0.3507313051287628,0.17701048427674682,0.08870253375705561,0.3892969640045442,0.18478823816780254
0.9047955366063332,0.1287483982996439,0.3300995133101554,0.3374761816446444,0.35229311845688577
0.7190062453864747,0.5116570135472612,0.15697768271619372,0.8178128425761065,0.5452039325471824
0.783959868043827,0.531265753973534,0.7205160613914648,0.4400218970407038,0.5621802721939477
0.5789021367387841,0.10717201133977605,0.44741236682345464,0.5393553679742427,0.3661759606365679
0.7636646854844372,0.18228387847595806,0.5639650920188364,0.643949408561733,0.47756386175343846
0.6342332081986438,0.6791023191444896,0.7891712386073383,0.4126025880514903,0.6386775386129228
0.6019680393553937,0.5865354346607591,0.5644585425226413,0.2476923761119647,0.46064469058694124
0.6813255171984411,0.5707783046689119,0.35609672589784624,0.20276909316162128,0.4827178630460043
0.10678092682066727,0.22533279771252823,0.36535681967405764,0.9188801007652206,0.36627126700796175
0.172210371095478,0.5245113895702547,0.4103968269896615,0.8390253268983142,0.489885619200001
0.10477000575784488,0.9750671629451425,0.49074877925878446,0.281585162048909,0.5937854509371061
0.6010866037125367,0.5716126894698998,0.2799790936602842,0.33373762410541535,0.5001356735132652
0.4828927947547751,0.507610378684455,0.24240973241508024,0.2259722501721482,0.3480832756869623
0.5554935607234124,0.9320143422569341,0.3206421921595143,0.32704199069908546,0.6755269836017933
0.5937428061443379,0.5489219798889773,0.20173046233023584,0.34174190843650665,0.4600571490293907
0.10243980947289671,0.11669606414168132,0.4731662010518922,0.628840634017849,0.3107935848273426
0.8656547140148092,0.7459745255487181,0.4085182929359169,0.7491594045106248,0.6409642666764808
0.7670085843610531,0.5744731131799119,0.8418287767582721,0.8337602662075203,0.6977149224312106
0.24729034857913407,0.16426579793099294,0.8145747202313821,0.2289774856896413,0.42764487000470064
0.3845769240668452,0.5883066757950567,0.6829820634171324,0.3772377986977596,0.5043633580455226
0.6616913897636538,0.539781061914633,0.43874467538833906,0.5139090119145353,0.588628443593079
0.5891975750025897,0.9064721109645469,0.6242379959139921,0.25214137542201587,0.7128919358138848
0.8146226703432664,0.6200727559285135,0.5334610919763215,0.21818662550584952,0.5736942092515097
0.3805498610159934,0.24848913981446574,0.743946292572677,0.8071566237219393,0.46184333904965247
0.5445833384177764,0.7546352918601166,0.10291603074414502,0.17551970922926907,0.5002483689244888
0.21473979609878419,0.39728729056036727,0.7972953657795536,0.45725920575505247,0.4251415010834747
0.7946937825384206,0.012203072318044517,0.598442701205227,0.37061639733977114,0.3834825916497996
0.4111263941535275,0.18159771680142567,0.9084505613336283,0.5221279751095721,0.515782288414375
0.9525550056506338,0.1533514031160802,0.5862298320167972,0.6445751979616827,0.5044736274710162
0.6336666147329394,0.10221266422519959,0.9187505222607465,0.32049706473007483,0.4490891569795866
0.16202938543049691,0.07732106548878726,0.1042469660518095,0.3670726292944182,0.13408415001438767
0.8550082778013407,0.12466268120326685,0.9208418826173723,0.40557249122886946,0.5408591787343706
0.441375128546994,0.7442496518432888,0.2055798083756375,0.5475318860212307,0.6025391563806266
0.45835182423184895,0.5373956029379229,0.9198556164127605,0.5710039100258946,0.5400465727060892
0.9266092524453711,0.5870682241365672,0.03284667024343835,0.3809088508611657,0.5185489519554646
0.5485309954655317,0.4189254495045479,0.9148459010681,0.9080459869005351,0.5496094944738479
0.11178501092950027,0.6635373720167106,0.17803596686975143,0.3200889429174735,0.3791701500475445
0.2660165842769705,0.29959591176647704,0.3099369262686109,0.3637296396460021,0.2122123107502063
0.41444829914439973,0.46823182844137934,0.6249759870510523,0.8086105526769656,0.5371705832392055
0.15913777548551714,0.7755276166950106,0.4532888347480276,0.43490301916069873,0.574252315152976
0.5473107539391241,0.7653562810662407,0.10298147933131552,0.3432280965224309,0.49377047355083453
0.43597838465177763,0.27074467314355377,0.6439995432390158,0.6638109028766996,0.4535761442652696
0.8558099735109135,0.8669937600115235,0.4079844953648447,0.03774763698022479,0.6241553427896628
0.5549570911954305,0.5950489797004206,0.33927124589619095,0.7962790690350693,0.5847489945872244
0.31436450294205387,0.09944139275934516,0.24317219099945409,0.2710959968203492,0.22771626083041147
0.9663843866993872,0.9444097255772734,0.14108184877771357,0.530673382529021,0.6603651695727766
0.11170173115966243,0.08550853085446808,0.20788625514602732,0.23302208279316,0.23295977287469316
0.9195616031862736,0.6247612710432511,0.3358658571498351,0.3541488152473524,0.6262467774151199
0.8475890559087248,0.3451921448812756,0.7738345232013403,0.29497160805959377,0.5033065214236471
0.953607976265941,0.7636057941597608,0.14011317576645255,0.6962365297575152,0.7185989481227122
0.5363005304353116,0.5124576558819216,0.7416869442286655,0.7205697424836479,0.6857329069556574
0.22542046666554172,0.8349302367992991,0.9844021807035521,0.6711552620242676,0.7152085477110945
0.11655160889272007,0.914298806560499,0.11775108289014113,0.3370407014023673,0.5075813840267204
0.46472327922491985,0.4974648939798906,0.7202025816322958,0.7101200091757536,0.5325134367240515
0.6376717919532775,0.6005168604336534,0.6650366745462555,0.5159125768668354,0.53995210450995
0.47983245359561866,0.35387137656124945,0.9586271773132206,0.37749940966296247,0.5651199672603733
0.7471413146658209,0.297121715623175,0.5664046402968972,0.4081314656765142,0.44795648845275365
0.5353794477391715,0.2699112223921949,0.5398427789081934,0.5283558070610913,0.4146492948903285
0.5467296224811127,0.5968428489168892,0.3342438908169608,0.764782701640041,0.5800144038350046
0.41638614502079696,0.41279355060675227,0.704925549688953,0.705530931246357,0.645631540320078
0.8371920859067797,0.7994158789689793,0.6946964708544268,0.7621809962217196,0.7000690261896542
0.3831369011284699,0.8074302518167612,0.9620987857641177,0.766373721388802,0.7958010554044134
0.2666196359547577,0.5419009473783581,0.8729458358764083,0.881669851771357,0.6519405416573445
0.7230489080660673,0.8491956515653193,0.24966800885918594,0.3473448138302253,0.6007953614103342
0.146436225992839,0.6699174645500392,0.044165437710100175,0.2749003669018153,0.49136626528894256
0.7579213043124534,0.19259902778563043,0.11528202124728437,0.6356856774218889,0.3608455480093324
0.8600944586815633,0.31910047324325563,0.8289154741506773,0.20961207769409834,0.4842508269673179
0.6046094746031626,0.48106188384408644,0.8849983565232811,0.4470662560075339,0.6446684563561649
0.6151849834901191,0.8039769794008976,0.5384014903807876,0.32301613134571466,0.6587143653616596
0.8973799734125684,0.6158631881823046,0.23295947475363377,0.8713399590205446,0.6490320173664584
0.16302673517272392,0.009485433628498074,0.05268383597722859,0.9597704643234384,0.20637183334257608
0.9856751222793656,0.7682734138645182,0.41776678216733376,0.3579572145730713,0.633446187992098
0.1994267018182552,0.35462215764077654,0.28723899165408173,0.6995859233247932,0.34070930816053024
0.34953908112709625,0.9103391020575343,0.04510067722032318,0.7754930381683665,0.5540043378713471
0.29642849907855773,0.9499611839502253,0.786345014415552,0.1834276946853385,0.5919454730651067
0.9133515704577434,0.9891849098133589,0.7433528228936241,0.685081084024128,0.8310603888278927
0.6846819840931316,0.6077367948788591,0.5126885110165086,0.4362260015748684,0.5432641695383545
0.13305874368395226,0.9572702629833256,0.8262056957939659,0.4515272852986766,0.7247755482762027
0.566434330008753,0.597274072430341,0.5250315008602682,0.810866883106735,0.5339377898083086
0.726418556248413,0.15389590633985506,0.8158331249906178,0.3294789263670219,0.40072348091083027
0.6336459413575328,0.5800862078378112,0.09148683739775487,0.7637464974900638,0.5590003571920094
0.5290091454973316,0.04437666353323677,0.8521935333470078,0.19309774850037725,0.3232318176687255
0.5957716335482254,0.08698675991141014,0.4084532130706987,0.6620680771985473,0.3315067867309624
0.1439052235058558,0.5326025194007621,0.9621219725920498,0.504327169474429,0.5866355518965632
0.8422128693326343,0.34780920790219305,0.6780161525590636,0.5360603732335943,0.5735089898183128
0.8813447236463923,0.24528553225533456,0.15734065970252598,0.6535493074497511,0.3890446026520318
0.7277243155023553,0.6801407717603004,0.6186113782151843,0.43508086750963204,0.6523677263200918
0.9651837593664166,0.46547000876998357,0.8790714802281316,0.7229627930163652,0.6920080422749213
0.836170321707156,0.8321341779577419,0.5074677337608362,0.41910990680199034,0.6877250910449008
0.20425947110223192,0.37669536198679876,0.009072404652724964,0.7778802668274202,0.35840661748909786
0.7849251122518252,0.5412665786761103,0.9629920038589946,0.8208981944106466,0.6581949811715567
0.19225875519161134,0.9372284872364511,0.6878857223008134,0.4813627605636908,0.6269595513404512
0.793885863278922,0.7085720046026294,0.4735738884350885,0.7413451911478657,0.7807300198363663
0.21707761611756876,0.7582631959290226,0.02458691645880151,0.856552402923434,0.5196611524179205
0.10092653186107006,0.15893828327675652,0.46853941676858435,0.4088952272609702,0.3175432342573976
0.7243140032033397,0.2207696127887604,0.0823810456158427,0.6121853189426849,0.4376111099024883
0.8812488902790636,0.9632366534401319,0.03130231374751624,0.7430840244333747,0.7285870902744619
0.6746733528976769,0.3975943979627943,0.27421520234867003,0.4954413983644502,0.4600707223734117
0.7519804053527053,0.7458370120309643,0.20035914354871265,0.24027682919930937,0.5713512429223462
0.8779224248556733,0.47320990669155716,0.9681934279147217,0.4269669357397071,0.6323976985988242
0.2382922343450014,0.45369363460528267,0.5303543937282561,0.5513835193065546,0.43264296789712386
0.6549852830686642,0.7965372909761763,0.4815223515125501,0.33236076979407303,0.7024356189110688
0.24474292217037108,0.6515194668022647,0.3259254639520749,0.6546573502725594,0.6039393094225927
0.2346225784008092,0.46459859663581016,0.6804566263593252,0.5328495370129817,0.4718110131054261
0.7254836975138883,0.8601223971892046,0.7798509888933498,0.697582302290187,0.7560821206331882
0.31784051427627474,0.9866625932671464,0.14249554290151323,1.0,0.6856020942701752
0.41141491088035564,0.7758047357929561,0.9412375042323865,0.2062502733249476,0.5830787316884533
0.4155642380882627,0.033203108791366565,0.07857849715502074,0.6998379990105085,0.23802237572300727
0.7205184722235392,0.8005866991090829,0.2001502442448101,0.5399355436586002,0.6585872158146615
0.9425910216193208,0.05197128365147241,0.5412963353010705,0.869822331361359,0.5112047203880266
0.662774194192553,0.7834227259416147,0.612257985881158,0.6115755721916656,0.6804279093490169
0.6377282763687371,0.7838325534188619,0.48090383144898485,0.36856483014191654,0.5879576367497801
0.3223929106091318,0.15954468011318834,0.8717835665922017,0.09684237531298422,0.29555673067082794
0.6928369979507885,0.498195716453139,0.5553635509376312,0.4066786592354402,0.5679204162248896
0.5439491621054197,0.0815264895524267,0.4032613611238318,0.7587686881265139,0.3032083892649112
0.8564071656492401,0.17419333657825364,0.9607805514869769,0.9131252790397738,0.6020025591077788
0.41134149329226666,0.3710387629846027,0.9876495637360578,0.34381931386045284,0.5970644344981033
0.4559636528641138,0.6061887135611715,0.5977235652558643,0.559978385596473,0.6218859448928941
0.633115295734026,0.912363345616691,0.21066218900566658,0.8476540349725895,0.7722362098965055
0.21841091661453382,0.7158249646820886,0.909032520665641,0.744969484615458,0.6272314018550593
0.2628792574385408,0.8543850933695791,0.4922778564480348,0.45436001545944327,0.5651267466127302
0.6963591511074884,0.09526150795462629,0.6521232455304379,0.7126049654508575,0.36901118987017023
0.691062998087163,0.3251900642246949,0.7734731256866006,0.5444101349510104,0.5182454789098424
0.49782193640457184,0.33088936298917193,0.44877757383140304,0.6113001939270466,0.4651427069822226
0.3238428453288669,0.61714498660403,0.7067772168854458,0.4651347865592141,0.528546079180396
0.6449843418803946,0.35673205304000166,0.5335119252996956,0.8707211683012382,0.6010512526752694
0.877794559906752,0.5581402495938629,0.5399058395022125,0.1678376863954037,0.5178134654919224
0.13540918660165868,0.1221099140100268,0.4521990282834353,0.3810005612817621,0.264985235518175
0.6262036303983298,0.6882078658665954,0.397378988464401,0.9971668750461817,0.6687762782950547
0.39081759136325067,0.9730977480703464,0.580112229695468,0.41480317581596876,0.5826708125761445
0.5790204899436692,0.12574151180664883,0.13271465381927738,0.12673158087423808,0.24326130698133736
0.18451064421047655,0.6726021182251263,0.44375021930457115,0.4809317599236653,0.5017510156367793
0.6954691153340321,0.9786312874005304,0.37429676713979265,0.4183771134623042,0.6974195951272639
0.12734835372715317,0.9309486955069778,0.6895267510315611,0.6923339491822335,0.7076416870380989
0.7002743652918165,0.5771852367117482,0.3485736672419705,0.5342427765221275,0.49191099010894584
0.8797948007748809,0.9933369373586285,0.7524277626155725,0.7738033563681448,0.8531559697718879
0.8906640051712131,0.404140321651033,0.3270331615632387,0.8046920127650011,0.594631479827373
0.8901020431371948,0.3171957167653986,0.868900625540571,0.2530920439363792,0.48433914787888654
0.395543105096573,0.6302087483291442,0.6098318054986945,0.5980444451022832,0.6263374159898538
0.5038242603602776,0.23754413087432746,0.3732517916293401,0.664201516013637,0.4537640204175137
0.7834098951305793,0.5004453091307415,0.5423636649797383,0.2369326632584736,0.5212679169044658
0.6471145835141001,0.7648832615421283,0.8129857387160935,0.17473143119990361,0.6525238817879143
0.4420670580434848,0.19715412657287734,0.4791832294435999,0.6533185054210218,0.3724091750823637
0.33109891094845717,0.28487290196192283,0.3072899649262866,0.21798941511534786,0.3548249333000174
0.6493004049798266,0.7161506742231936,0.27262400073353377,0.3017512606461691,0.5199637454613321
0.21090038875494943,0.8594157932805891,0.7997810954240216,0.6418764826917167,0.6295024405791183
0.6105809976660131,0.25656278370136376,0.9629268752375798,0.9397414703060373,0.6015177737819707
0.4361587147345488,0.526499194153781,0.11230434441121917,1.0,0.5409451161799752
0.290840355917404,0.6109809888509917,0.4110284698067047,0.27561367646087154,0.40524363608759734
0.3718544516513156,0.7319580675856345,0.8511742608527708,0.6028838295412812,0.6864554260385158
0.6614733922089157,0.4517676787372291,0.5866084631754741,0.7524362747252911,0.544065176792938
0.5256027690698639,0.5353581018426609,0.17844596522777212,0.2936598354482147,0.37668260879509596
0.30875238650437786,0.39090599590551467,0.594476335186173,0.7314383494054847,0.4831916227104039
0.6373422252061225,0.675841245087376,0.4427169667795271,0.8708546369766886,0.6398930312015608
0.9921303943319695,0.12839428945412523,0.10410964938416634,0.7568983079185275,0.5034052172650098
0.17147743209008795,0.08565824959643054,0.8941908746641183,0.4418319086051356,0.28502550637579727
0.40920442729813356,0.6171557833956468,0.4424099364806695,0.7493383300411522,0.6153232508440187
0.31034087371938973,0.5400119146045106,0.8800790875614583,0.24626263353811026,0.6092340822868905
0.5111727803923318,0.1903248628190678,0.05233887578650831,0.3500412543797067,0.1923583621273711
0.7575854592153215,0.46520561228371815,0.060142342600785215,0.7558326912521722,0.5045946130977638
0.6714640410319298,0.7548378199408478,0.17047793817391754,0.3443993267226317,0.4481081525294172
0.41281437181508385,0.664911724487218,0.7954499607897292,0.09076872353274211,0.5099508785376581
0.7634622025065188,0.7685998047885084,0.24365671606386663,0.435133741295113,0.6095592712857164
0.8091117894630385,0.8646861920335402,0.6084864126597913,0.2761837225194433,0.6858734786541029
0.13254434247228591,0.3031283559453286,0.26311256991084286,0.4295712291808811,0.2743529332976036
0.31514979897753903,0.5097242467516981,0.8252861082328968,0.7193330666952733,0.5710298280717163
0.564111484926848,0.9193919732144173,0.49696348290583026,0.4081829358547565,0.6566638873636967
0.7068734257681436,0.5324811925594262,0.7214220673287317,0.6638614232818162,0.6089188036149976
0.39027518006177364,0.022893824976120247,0.1537911496680311,0.8712271489505878,0.2982275073982373
0.21927220546766357,0.8620144822726226,0.9227571905133943,0.6464877635857684,0.6875022106027898
0.38577830308906336,0.9527975276012943,0.8252007674155681,0.4200461078767316,0.7249014446580848
0.1232307162545383,0.13516628915482276,0.9631151115891738,0.55077576703115,0.3841902555591912
0.3806345197767337,0.5061418628402441,0.4395116886329101,0.22832994184401573,0.37248788049514586
0.1159190286519315,0.602553163842865,0.3647982191445295,0.6143987919202163,0.35926450164732654
0.5138203813923882,0.05816379550547579,0.9948663171697671,0.4148667457202112,0.3911219085027617
0.48730345975802913,0.1706647585499984,0.07462981433708171,0.7290873615098088,0.36919306188071804
0.6562465068584674,0.6331896260134641,0.22889460484661361,0.1267246370310004,0.4205654046513982
0.6615062526624746,0.5270414639116516,0.4260833838903715,0.36331213015845787,0.48975866881228736
0.47271677727603434,0.8275378955668743,0.733614380561402,0.642348959927328,0.5711990671724572
0.7842608408099215,0.13710970572899905,0.5353101314525917,0.4005893766957807,0.39732900222547723
0.6814811111162572,0.4993338349786183,0.2660192780053807,0.16104033931412076,0.44913334626767637
0.5284163164318899,0.37588828514576933,0.3944762785700353,0.5471170327493609,0.4338910557509717
0.21983050376028723,0.1021495296575381,0.6586921462074435,0.48021953141034934,0.2936203811396192
0.1345837140660925,0.9017619921354235,0.46147746462473416,0.5410568005005159,0.6488523493878052
0.5051119891777837,0.22696469436536415,0.8893909161288442,0.8010862240371839,0.5233779496200583
0.7636903918493371,0.5122219208126745,0.6802277792083533,0.4634678448687891,0.5955999868036111
0.11089762771139872,0.9565013982994801,0.737508359459007,0.5652873710470303,0.6167585290377467
0.9736749619036031,0.9423153896731928,0.7838426767676738,0.592333906547567,0.7579649232525557
0.6942724477312043,0.7643726622217359,0.265046428325004,0.5607131100783619,0.6753134064315137
0.7006153582417856,0.010427699397403067,0.2554134846852195,0.37886639144490075,0.26528008367559436
0.5772719199242425,0.041951223431636264,0.9684887775943838,0.7356481769619857,0.5194542706728388
0.6416934306726899,0.5824226582072465,0.7480731794295321,0.4538296079049633,0.6553136737498259
0.13936206329197254,0.11080796217980704,0.5985315756843657,0.6761466553157333,0.2881805515786525
0.4497875187668623,0.16368380146530148,0.2737913075141065,0.2210570033958465,0.2800256641325595
0.8982324101883425,0.645810812655206,0.28590678923916013,0.7304126170669809,0.6545296123516716
0.3325884582626363,0.5440165791827516,0.6360707637298251,0.837249570979,0.6587445070248616
0.1484723862982235,0.32005983252098347,0.7531873359134028,0.22945247424538556,0.26837158559275787
0.24833333415649342,0.1317287734545619,0.7259799099852955,0.4471383318250243,0.3663000255129421
0.23560849693888966,0.3423836360335465,0.41341644929526145,0.7803445812365581,0.46543569932015216
0.36779360618693857,0.5650219928590161,0.6888853020500907,0.7328652160373209,0.6289290549442383
0.2440644714591157,0.4615574744197899,0.009331619827093296,0.5828454515695106,0.3055356432144508
0.35011188752398104,0.19395386726777486,0.8798164859419387,0.6706464256406337,0.5115942014837085
0.7597641664267073,0.615985450260179,0.18802473461541613,0.6196631486645652,0.5293954448294403
0.5717432536535461,0.8480477911307719,0.8399639802821826,0.28269943891173177,0.7179905846742717
0.3942384547042712,0.14888805033244468,0.3056042154902149,0.11828145333910046,0.11847401345650634
0.802359798532547,0.21720909769121055,0.1378228991592354,0.16060186366975787,0.2864492436328463
0.18369157584081897,0.5882022669483905,0.48097288988612374,0.44357524013426114,0.4661564131114488
0.6053361291635714,0.5606600944161709,0.6034876665964548,0.5024062525811462,0.596136394894762
0.8425444691620558,0.4982556822634536,0.07705827913433116,0.18298153774750717,0.39715772764779655
0.7369128412668242,0.7886149646724064,0.5172690564416094,0.2858310885866495,0.6137656101639933
0.4906174295564878,0.08860042967961723,0.22061195271121126,0.9513449743242132,0.3994956274179682
0.7602542470380812,0.29944351049188667,0.17348007426595724,0.6936710878861037,0.5588017500865605
0.7173201439448773,0.9911264318213037,0.7472195877420377,0.7303780309490505,0.7665995482238105
0.4010601598677389,0.026196708532064794,0.024191763891355245,0.3472223135754061,0.2035454804755172
0.9366552305881157,0.782581939851338,0.056136103416210004,0.7588579027340631,0.689800065578196
0.8577402101126278,0.18610141784627732,0.8026433097957104,0.3830083164289712,0.3395058237418903
0.1725413623814122,0.7279393069737652,0.49646115235529975,0.566125921454787,0.5153465971984923
0.24301735090241822,0.6102251494776413,0.13535408227768553,0.8766080278384691,0.5564326131889865
0.11206236378894906,0.282745689578762,0.04459490837296154,0.28863301960615895,0.16752325629361361
0.3447547535157679,0.7593982624179637,0.44973984245054,0.3473921967788041,0.5314356866033285
0.6577294961794741,0.5619928474668068,0.34592044750169426,0.30711245737846515,0.45054178039526005
0.7592038586542807,0.5483205837264242,0.1279882085335864,0.37415992797928316,0.517934682412576
0.47691398716674527,0.26015779096205116,0.7308209649807298,0.28896004827039795,0.43175489233780023
0.5175392380195026,0.9720053296315371,0.6085272726964666,0.7191580175476613,0.7420837952932636
0.7480072356968018,0.41798993387048433,0.08884024508756438,0.44699982607631705,0.51970105022023
0.30466854627524104,0.40397787632654825,0.5425458033954229,0.5239308466820346,0.5072864029368018
0.17355281117210042,0.45830064152865646,0.484696287130047,0.4436559804157668,0.4488980144093553
0.8757882175638451,0.46016226448843967,0.7492837126957764,0.49444909723911973,0.5735076577842813
0.42037603641536747,0.9780618179735285,0.7939897163680061,0.0,0.6322712102501556
0.2482357180890663,0.33021506487149754,0.756751505688635,0.3553871967439838,0.4089105976207513
0.693666429755268,0.16161981128587144,0.2554933446556047,0.5086072864993675,0.3881404906688071
0.7948112286789913,0.027167421225559818,0.06520459126049205,0.2883109777147159,0.2366404681704237
0.4516555290522519,0.7983441882243283,0.37193266791686486,0.5795962424748761,0.5481018931428426
0.7980506658327947,0.9644766539008116,0.2037664591276891,0.5169231551605133,0.6995713077823085
0.7817336963104756,0.27644169058339607,0.31234910188551357,0.08582359074842,0.37333682636666177
0.2421593405518132,0.6958991181688025,0.7932613504382544,0.4833807339159365,0.5607321478963843
0.907467706868157,0.16885420667768614,0.507051103865441,0.6573572974886832,0.4864000168709437
0.7593717112307495,0.8203775074489733,0.31316199481728235,0.4140659716300689,0.6825901957139158
0.47598488134758976,0.9841103190364978,0.6679199988036271,0.693760647185312,0.7825925879422873
0.48474071912855365,0.16223340578247936,0.01260751997575904,0.5187386051564752,0.39758891326608
0.8406626015993375,0.20975294768368136,0.3790271262190974,0.8483772740951846,0.4857437983605354
0.7836241691031686,0.988065566652774,0.9012960107746488,0.5672063486231548,0.8998104622141169
0.837329594384315,0.8798219139516953,0.5254349125456929,0.3542961664137603,0.6802466749899043
0.19057373067118,0.23987411275594472,0.1419719897609939,0.333728622813707,0.127720820364575
0.6523996769341291,0.43550545439815935,0.5772497307686131,0.47957031416997425,0.5469793230078396
0.6707279244661631,0.12626474156450274,0.676177562075434,0.8194674144328021,0.4277114449169418
0.713502534161458,0.16713201147122125,0.6552824096916582,0.17757448412424304,0.34641585274746245
0.5613892778305477,0.3053106766967313,0.21264437637109612,0.4513907849658915,0.3761882476091795
0.3094868323911599,0.8073960303399513,0.059093890078253275,0.22822076428899346,0.4796467142717154
0.10016955960092372,0.1690810703559925,0.3897593874264921,0.5686334691027684,0.2503821497262915
0.5919833981690097,0.38040054897040965,0.9768003285106593,0.48124658799451264,0.515038012950847
0.47929963742132264,0.027175016090844162,0.9662434107067982,0.8388242647785344,0.43292247937153855
0.8434351464999147,0.6993153751262037,0.8394609095007669,0.7038865562048563,0.7647984640732685
0.37427598584752,0.8293946648588469,0.28152119841492995,0.8367287313401341,0.7221722329038117
0.31770444543295506,0.01240403627731479,0.46876796546450583,0.879994190194205,0.25743940430742973
0.30371634490733734,0.7302461470901459,0.5988082963834914,0.6642897630192259,0.6451805105970283
0.9901255225151565,0.6261761715931382,0.5313165205680591,0.749516943515505,0.7444158467972888
0.6245261515751407,0.9954375161913099,0.8556960938375394,0.12662120262146362,0.7213468656568341
0.2982027712395836,0.4883746289829387,0.7375657490928268,0.14866887716766303,0.43362341551701866
0.84635811938508,0.8789789002822673,0.5717723520483222,0.4296767707000762,0.7550467745161479
0.9196089214916257,0.4644332362255428,0.1375237748170154,0.10133610153604339,0.39403790746365325
0.6681767977827898,0.5916971623063255,0.7026337730855163,0.5075433638901593,0.5322513612793649
0.3107660021339371,0.7867503351544369,0.970766206474783,0.11040011931854982,0.5465425399375585
0.7692345245589038,0.5062660594952028,0.6341040313763313,0.6894469947997692,0.6118457014092272
0.1357893684897126,0.6040716770712192,0.907380164712847,0.7814834771025126,0.5269191329218779
0.39821230639274574,0.48204105811208253,0.19609771273839294,0.6495279625968998,0.47958681777492085
0.5649153656013812,0.005505799160420821,0.0076640326492253275,0.7690790922950137,0.23292619749376323
0.4946846396836919,0.2185098343541303,0.39679684708631646,0.44192222114960283,0.39677032760971576
0.20245455412894126,0.3452231428016921,0.5074119387178089,0.7981441994233933,0.49349871120670624
0.1403682112212118,0.450597018983134,0.929426694473114,0.6630431147146219,0.4706306014295017
0.4699189677389912,0.9076110025565549,0.7140326444668564,0.5418809297967866,0.7529628251269546
0.7465863068368617,0.9540331275850406,0.7213934511062883,0.5810703655349994,0.818181949282101
0.643415907654449,0.6865899134926068,0.11448763806590512,0.7167706116881828,0.4591132159243151
0.18305631286593152,0.5963215188603683,0.5495836567221436,0.3794787025500804,0.50384649727835
0.41929416265238584,0.941725711618925,0.668572646722914,0.5909600922557153,0.7830022839610865
0.6388231620871876,0.5021536099619869,0.138871326396517,0.7451632701649596,0.4516880428490716
0.9122079765572575,0.06644384435577488,0.5339674725477638,0.3302902615013748,0.3495922084311654
0.17595314249008812,0.39936874839469094,0.9101346367821342,0.7429854120716965,0.5564863632659862
0.7562561387945032,0.6522916485919397,0.8456043629899068,0.7353772690156197,0.8171297582272574
0.16985318025829677,0.5425343685322515,0.8617424949182954,0.5590306230466533,0.5583880485446038
0.505111025063739,0.5792663538205268,0.759351025752613,0.6921729336196585,0.6057530626805779
0.25017418152887755,0.43052933846220753,0.14259414408190874,0.3691965715814259,0.3635877414367924
0.4057919444360061,0.5172393817143319,0.3789102780588144,0.2436425129493079,0.47888180967391947
0.7094085757615084,0.6057792494526903,0.36459372819754,0.9891387849550339,0.6318351166313226
0.9748227308469319,0.22848674675477076,0.9774521179903679,0.3885252292675111,0.5644385071008845
0.13509641131742045,0.03095579091934353,0.3879867599468695,0.37412039373328976,0.2717553878924892
0.9100748647148327,0.11613896020052561,0.9559188289553192,0.4696954404510736,0.4969024364166548
0.9953721757533894,0.5453811212183025,0.08820170378987069,0.0924735411773665,0.4698539303126135
0.44696071426323014,0.3403871042545057,0.5414076073475852,0.8183300212104994,0.4384798632865705
0.2515032603272172,0.24690742666758558,0.8385492149028282,0.5062234330349603,0.3946464351287869
0.2751614530343848,0.05764758219902488,0.34244797883471334,0.30207001896242125,0.24439043585179052
0.6246859835481422,0.999713804155914,0.15052149166341355,0.14780981858168452,0.6127296879051601
0.9944635500097283,0.880314762148927,0.6234059581594401,0.6960691272161047,0.8712815440953634
0.7577362258406279,0.14798414736583476,0.8525577819015535,0.552376021744568,0.505298739533731
0.9185091498435178,0.7221432354559059,0.5333866287653626,0.6638236931163186,0.7260072579758747
0.712680303664437,0.4667820772311879,0.034461259425,0.7090635230359388,0.4793976342750008
0.8771927702630906,0.5887315221313199,0.37532990791960186,0.10942676991373812,0.4751941815393731
0.560147915980676,0.4923254800011819,0.5772790292331312,0.8193956259988278,0.5714498149638252
0.8259304080936493,0.4764833837782927,0.9961229496394411,0.06153533793053967,0.6154655425546948
0.38070917200385246,0.2560475651049543,0.03079004966044785,0.7885458958900338,0.38188475081018247
0.12749451138404197,0.8720483384470077,0.5272261808398002,0.6425936581479115,0.6736934093444309
0.8239934869115545,0.278759872414553,0.21070496386720317,0.14643866615745885,0.3905622275843484
0.764082566705377,0.8341445970006758,0.7404761319535191,0.7421379811098082,0.7533051666416792
0.8397339723459367,0.809183171139031,0.8844242755019771,0.43807635350205587,0.7717761302129695
0.7508345378181666,0.2803344607915209,0.6874063641362376,1.0,0.6390119806293245
0.9529192233680237,0.0723164752579386,0.9551152072917014,0.31063853330462143,0.4833258682646917
0.550561841263376,0.7945155444907487,0.7070864772666982,0.6392440135631026,0.6590484452866242
0.8770606901713016,0.4013060242197122,0.2925150910707418,0.15307265952452198,0.3901654086761173
0.624931743210504,0.8422307463439479,0.5489804494416418,0.45935377787706383,0.5944021437807099
0.2106286106188488,0.8886590802653986,0.5030839507798364,1.0,0.6336879201587546
0.6733817533728145,0.5262784603382027,0.46317271675134175,0.12330133898642782,0.41077748648455137
0.22858836520547055,0.7753461504031356,0.27140938044671437,0.01666588354935672,0.41206699272191355
0.8414002810910487,0.7217215527171793,0.27154704741124236,0.31297324498190265,0.5631871281839164
0.5600162253135068,0.046851908527603126,0.27616955782089947,0.7672105283487083,0.3471795599006131
0.5202711999672497,0.3403707463057627,0.9404485057361726,0.38305507625166324,0.5123831288169999
0.8584407119444994,0.31334791758514313,0.7889324717760072,0.7840405438175004,0.6588704958110952
0.43958229526569126,0.9363211539691568,0.6751400611496681,0.8738080374909651,0.7777790143133161
0.733471382470898,0.004363269650309087,0.16695308874719872,0.8965397484591171,0.4229446878858773
0.35059546742539116,0.12960065119544195,0.6761082314144111,1.0,0.43666692844758737
0.14336741115396662,0.36005046590097833,0.9567998154842862,0.21674804292237915,0.40824777608464197
0.6709817307579252,0.7707806182638798,0.0028812516656145926,0.3713608126503224,0.5337279949028738
0.839961898134781,0.8503480011198954,0.21199405469865806,0.4629409476927548,0.7483088851595675
0.8166165360065689,0.7540230349283823,0.03593867492155334,0.8672886216317451,0.6373571584602573
0.7647377123190976,0.31562734376335,0.6448326040223138,0.3547999753924019,0.44105461868786244
0.9011935023725569,0.28740959646557973,0.3677859877561529,0.6256151883367103,0.49983369458201465
0.7192399994524125,0.24188888355414595,0.9110687027673836,0.5503284668816649,0.5735366688234256
0.12827963936014564,0.736200425060762,0.33024277933640533,0.3745100155131541,0.48326735300035484
0.5176856435081535,0.9634992408875883,0.5190322801295487,0.3819187184691155,0.7248431095098425
0.3405273668142358,0.21980534882319003,0.1315182669163779,0.2231648015483983,0.28185634462949205
0.7931423905813864,0.8071555373648825,0.12020722912057624,0.49808534491374756,0.5680377318595132
0.3009370469546767,0.6418599588553554,0.5706496238809349,0.5882361858513478,0.5880241903735565
0.9767749994347213,0.8470608269838995,0.023594964645529126,0.5173341664370408,0.654562816792443
0.3620298230066611,0.20709491817657122,0.1523277856626788,0.829789491647869,0.37998143131993883
0.32194327148022217,0.4840770697102016,0.747444406596694,0.43049563398502605,0.4915490164508416
0.9911880042288593,0.23915877778224304,0.5307373552868359,0.5291946696566866,0.5733289879693311
0.7992352092945029,0.20498120952681642,0.7256272002744159,0.28328993285973897,0.4562123376411551
0.8031896701725746,0.5782983994203607,0.14696270958820967,0.8498221748496786,0.6483217226163003
0.6785370233201569,0.8098601873605862,0.9473952495864468,0.32431834372143586,0.6690535388680974
0.9011270236564132,0.7077213502675275,0.06220322616470275,0.7164857098369978,0.7235286681233724
0.9621407089510934,0.5296597239456199,0.24189329411288918,1.0,0.6530106824190445
0.6588177311959372,0.9286602870148829,0.7608543445144956,0.36924256161089986,0.738830086856959
0.24917480183814034,0.4455416387418909,0.20918546540792782,0.6570755579701337,0.43073148402853273
0.2772331340080856,0.9514298103618323,0.994819293965951,0.6401875648116253,0.7861285560059624
0.9274486641154054,0.17609547133059467,0.2139570386882369,0.8535141435455321,0.5073915547675306
0.9493314335381987,0.9601356044054472,0.5214596387214719,0.49151101814976467,0.714348463423761
0.322606284237175,0.6406151835488874,0.6666004790466192,0.2232155949742035,0.4385739149703199
0.5490060980823478,0.012103116776107425,0.009038469079292177,0.5618488380456476,0.21844605161770686
0.8242778097907254,0.04605673418995637,0.8080792823558299,0.4060321914532972,0.35993699924069783
0.32843897034102537,0.245807439306153,0.40276439846225187,1.0,0.3713933515617822
0.6718992810935703,0.09072170223493103,0.032617948341566505,0.7915437000856193,0.3018869531887437
0.4214090433704526,0.7875490858587793,0.25100138326230026,0.20298961822881645,0.5347295102307911
0.8625445009496734,0.9022364034622381,0.87735561220526,0.2487164440220192,0.7914940934945414
0.13241693646228375,0.17522177210582734,0.8667703545060003,0.34597523679689235,0.43829052613795183
0.4847516481953006,0.3263384309319872,0.8396596557087903,0.6782047946731353,0.47552598227575593
0.9033024047378271,0.4194479939573136,0.7803655030068817,0.3639108580575393,0.403723456146456
0.28401479744924063,0.25530907650393164,0.2956946740416042,0.15699007962380546,0.25378130659952125
0.4279188145854088,0.29524180248964216,0.8794965707281264,0.7096656513703002,0.5170516556867908
0.8522433351194644,0.3321910331156046,0.6936180574737952,0.7680216105450449,0.6552783894978016
0.5640934652708081,0.4632936532727968,0.04540328146869255,0.7368483603336995,0.4456109595866831
0.7889920754642747,1.1634755366141114e-05,0.4165658284822922,0.4324291920838388,0.3293096939826289
0.28050422596568464,0.20357837754636043,0.010090606689024728,0.49949816687923543,0.23132364451883816
0.9701609498193569,0.22429348328504506,0.6630471918034224,0.2666312500909212,0.49281483629945566
0.3726378150763864,0.3252951340230311,0.7126213330985128,0.3535595737690613,0.4409848426605994
0.9995895268471848,0.405751168615061,0.2204884346891064,0.7253861209014585,0.6298400087174493
0.44262071304477923,0.4144697155393433,0.7538297005692186,0.6251618343859136,0.5367650225725588
0.533680731347155,0.36171025485958064,0.9492086268705122,0.30755027907443966,0.519280371461902
0.19226436765982702,0.5138544642067677,0.5088905555910559,0.5606723059136183,0.4487474005795879
0.727488443718673,0.7143266357349976,0.4617161438131191,0.4230070759191402,0.6330601414387551
0.8755218134086107,0.274071589342191,0.807070903866703,0.44416982460539695,0.4799734324644338
0.9806729215502265,0.8565372237479268,0.7011698615902597,0.2457772866151886,0.8118635251176824
0.38078561829377666,0.48250042023536066,0.5066726489827458,0.879414006007618,0.535361892676168
0.12267407256330642,0.8389973277180107,0.011417983454073632,0.6482126253319191,0.47420840731673364
0.5509790922359774,0.7061931829633586,0.5342905518936758,0.4667162199475751,0.6603614224783204
0.746608552590295,0.862640471149179,0.17925561190779005,0.5243637047027521,0.7044396656063967
0.3040546440969669,0.879341020176528,0.8087899845635385,0.3054128676018979,0.7100670457885354
0.8842726307717689,0.672702994208898,0.7966813971913723,0.46835693232004777,0.6306456041801702
0.8656122345443616,0.9819056980765392,0.6279933826040981,0.6337215198508264,0.7934124700827087
0.5939727985696204,0.2876327290436782,0.3067765995221412,0.9249780701403607,0.4044438181161133
0.48748618855647097,0.8779844969848348,0.6055047666158765,0.7271454977679994,0.6513181654261134
0.4894901916393364,0.6854438832219015,0.332456157148712,0.3844101822063333,0.48803449466310694
0.9838445833143663,0.7848618229588802,0.7334867464921039,0.22638390042488926,0.6846690429008041
0.19123560779784324,0.27785277608971226,0.2763191084658536,0.5343787881549885,0.3090951937410995
0.5051048738273299,0.9771042330515733,0.10312136240807579,0.43881702576679904,0.6021866966395508
0.7640964863511456,0.7045544280274453,0.42272863689393225,0.6891742538184014,0.5739594884883529
0.6449344022929642,0.5167899391281582,0.7401613687614631,0.7801164019823923,0.7453020421098413
0.6432734805034376,0.07697946706496628,0.07558361385406698,0.3916615724725707,0.26218014967905456
0.6391401284353434,0.6236487782902661,0.6485048201186882,0.3189911397241168,0.6214705159989293
0.5731805976032214,0.24952436683824863,0.0020185177482339167,1.0,0.36597146353195614
0.7628817055013133,0.8829938248297731,0.20263263413534316,0.8664317098124634,0.7558229327164461
0.14544004997116713,0.6274865717842794,0.38561351286564804,0.8069548087757243,0.554725728117225
0.9618229135754356,0.3990353176424347,0.8398016066644267,0.7564605925893599,0.6202479326882124
0.5482363537511821,0.7428249749063163,0.3270446441518178,0.8350341779228397,0.6540858298379956
0.49096298710594877,0.723447817850001,0.009054161580370979,0.3749583904205421,0.5334469388958971
0.703607972844093,0.700867635861432,0.2040246657385787,0.9059480530173339,0.6686865184740933
0.11237099861021073,0.2483762603698002,0.21440648299316456,0.10838080845187575,0.14479105174744805
0.5130464649371383,0.7327334747861651,0.6067317247174364,0.6419946758629956,0.6574181880447489
0.896467877362529,0.3832842396422014,0.49350099215440824,0.49167449190592205,0.4950057949170182
0.655105247067287,0.742881493667939,0.7379173933540254,0.6236713895821417,0.7023882952402465
0.4847460853210833,0.20621740508413988,0.7997187639648612,0.48533864433290824,0.41700621809199784
0.9058114802378523,0.6664630475268357,0.7873870267523329,1.0,0.7676947755297105
0.6741588364162648,0.8336431341439584,0.49943176986683535,0.5846376009717323,0.6907841179832663
0.47745065050027446,0.5000801182715826,0.7850977140957076,0.07084888989041949,0.4880663640454968
0.5225729878394764,0.028311274402667785,0.2100293495162816,0.5978924006865424,0.2270977927340482
0.46789953510621884,0.9240268704257328,0.11188061654912385,0.5487727035658267,0.5995853851128139
0.6977974464900715,0.881690611843508,0.8141256855911618,0.130564202926662,0.6976726847868251
0.10716796427090602,0.9245610553768049,0.4433065095171753,0.3377072419169902,0.5651323086160569
0.4184102428627924,0.8285555979060814,0.7892928483196856,0.5548883835317364,0.6711927444275907
0.39406828782703673,0.35442494879305486,0.5056341534219588,0.47702003694248063,0.3745441534425015
0.8459841486276628,0.34889007504182357,0.5215993960113582,0.728432444951923,0.5696508219105291
0.872887851414525,0.7483558536657398,0.43921060124971734,0.08969765445295022,0.5976525705175313
0.4699842479923958,0.7219292275156795,0.38480361722110323,0.223893803384401,0.48367289471413516
0.7468656560681772,0.7324010490583791,0.5149333499132595,0.47189803527284147,0.6609481336865846
0.6711753308386424,0.5821438075777985,0.11841503917593188,0.33306139472288654,0.4063676477869998
0.40210644973515364,0.749390452801159,0.5719122038506007,0.6960995799381345,0.6449015346737379
0.4860499000871299,0.5409050038380808,0.6964298070361072,0.7131707268123634,0.6222235426284742
0.39479694866211923,0.5466852550992888,0.5754093872861483,0.3957798605687957,0.588443298899481
0.4034859180091769,0.14284196481433187,0.6920736470243689,0.45271485776503567,0.302570151765069
0.7110079525700564,0.7729867213055868,0.9514420287256811,0.8537315657544204,0.8791485142297312
0.16214131568313978,0.4742550209769536,0.5606782949389499,0.8464177238752437,0.5533924139635384
0.8934071094466812,0.7313165197032963,0.6972754190538569,0.17751664969527522,0.7274398106182636
0.5365851939815861,0.33362839583686565,0.79155820259137,0.6680752805401233,0.5225460618875793
0.46411179076361564,0.48434442629150865,0.013367683259395635,0.5757583772231673,0.3507085765120739
0.9115966256916058,0.20347274249759584,0.06697361202527152,0.3724297807079134,0.39862390787513063
0.7687733856682422,0.8479278837633485,0.5455851826691478,0.7963404137437449,0.7791098061195537
0.8234330906741021,0.4334722327556344,0.9971823539029504,0.3123447293958126,0.6309665001951337
0.1630031609197592,0.729234742913643,0.6084089358800178,0.6114900291832859,0.6411282536388981
0.7504639770149242,0.656729484721608,0.7087656552291542,0.1791045844775986,0.6958654163372598
0.6687898123565701,0.09537160227305863,0.1036785807342765,0.21039388341488993,0.20576846881300806
0.6253422289582276,0.7819599771579592,0.7517469923958404,0.8083826627929361,0.8204013249527597
0.11316543298990815,0.2072422997688783,0.7132358680833368,0.9578037507053099,0.38468091586438374
0.45167963709667336,0.15867887368968492,0.25823101966616,0.07383508941607347,0.31971115392383154
0.900215131546009,0.5788067545119405,0.6323913243283874,0.3907601561396652,0.5553400040899432
0.7414999085951479,0.38621199281703067,0.5885049351589888,0.5389600394794567,0.46684784798834056
0.4823657585812783,0.9078385138835341,0.5070596467387183,0.309224381985308,0.698829559196563
0.5056986554977274,0.9584978356677402,0.43108686262328944,0.5630667777237565,0.8043591800865739
0.9451616315052624,0.6363742815333744,0.3245118001753421,0.618259910309265,0.6016579895695245
0.3506117917362157,0.6547090753562991,0.823767395799123,0.38434929691646275,0.6390451185774518
0.7962963084060992,0.7478385744120718,0.150608103218274,0.18106048592527862,0.4503667158874469
0.8912671953411229,0.24339668321853047,0.557337169573008,0.5095344199441308,0.4758140194549521
0.9081272682618993,0.8881181889340358,0.3252906183617478,0.8335058029084118,0.7844398113391651
0.8314422579037558,0.7068378557805411,0.9672635875263655,0.94494597989581,0.7726503445312394
0.3862940022131248,0.9611594157101652,0.8917108652027459,0.47040815789831153,0.7891152407560251
0.6889078049434477,0.23201818030881072,0.014381446072085025,0.2622069990306049,0.3523531881095223
0.13504421501889907,0.8371196278306522,0.6195262000363033,0.4012270445700765,0.6171928203626658
0.4621014597135995,0.3905936075817822,0.06932833038776476,0.6346062976730451,0.42939907119700677
0.7366573000296349,0.3892304716917885,0.228875462483499,0.47036416157931754,0.450829520761811
0.4077147502949413,0.527677466221695,0.2116358985698612,0.5118457644847877,0.46477605138650746
0.9459386127728402,0.504003763596326,0.9492006931808914,0.15623917432430337,0.664814392989878
0.19905695578100369,0.9250471753430145,0.6316435150828916,0.4157447924960767,0.5949900781317096
0.683775061091934,0.27528821345186016,0.15620656868662197,0.9230874513154735,0.5469798155349754
0.13810805089514547,0.5797261570972247,0.4529110702676108,0.18208502423365716,0.3231105815490038
0.9648281322359422,0.5359350788521182,0.48849563265990537,0.0896817242691767,0.5073479925188439
0.8504127558269445,0.642577610323634,0.07855783092372715,0.4580684454668279,0.5468894343911798
0.14679041677993676,0.03174376537298862,0.4233351441531975,0.7195024984028127,0.23270901457200532
0.32165741692947847,0.6906797711480066,0.5967764199616896,0.24417759965887312,0.5088672874787851
0.7636834771936095,0.28651954892712295,0.8026403123529297,0.7253165238037981,0.6139530828715396
0.5185085657737849,0.8473879305713737,0.06239406859827723,0.7483570356112429,0.5949837770538057
0.8352765165446531,0.8525474212459705,0.9379652314338942,0.17941405691196596,0.694221212149479
0.4745962529608144,0.16811812839929585,0.47495096526374825,0.3888397669157099,0.2963737774695104
0.9757691181210685,0.7592925069184736,0.967761465269562,0.029778673391998856,0.6752380698069398
0.39362852623703215,0.2993833737053483,0.2325059922078312,0.6618475860808427,0.3483425878121418
0.4183270179226606,0.30247902916792657,0.9753732771464209,0.8851069214020614,0.6517816234095326
0.5306465046303657,0.7805560268872138,0.30362393814384026,0.5116438240663393,0.5763533252788985
0.5136256514922608,0.3064634680428203,0.8223812111853543,0.7883234084204753,0.5156735493665261
0.27165338883180523,0.347062368499395,0.5472375204206431,0.8173961149685708,0.4141286739243728
0.9463772865706722,0.015823171996820817,0.5227601415618698,1.0,0.48050069496524145
0.5348627769823017,0.8382304210818006,0.36140377906718635,0.1726877647593088,0.6018046153431427
0.474530830876546,0.5138507345765979,0.9032980143757106,0.3729114768069534,0.5594023204466236
0.5406620158452203,0.6447452485768186,0.22982672579761843,0.0,0.4551854389877783
0.22710118903583454,0.5708774168394762,0.1852703553833237,0.6091349704258562,0.3968998605564621
0.4659011054272938,0.9031907788344291,0.6038509825402779,0.6560949799099067,0.8081973601775629
0.8070787931762146,0.252798444015773,0.938894960041275,0.7695195910482261,0.6411638200116365
0.8606087663464312,0.7959263871435024,0.17512314013035324,0.5897707850163576,0.6775390686781767
0.8866645959746666,0.24966895274023015,0.2632473465180112,0.553481733634591,0.5019953414459989
0.3088501657310404,0.26537011160197543,0.5543374743403449,0.43637104543219185,0.3196630837446196
0.9536526488963752,0.9446657321710952,0.6099415585960517,0.4742152804376457,0.8353690226933602
0.7843818805142245,0.5129221647747657,0.7040832713213391,0.38266788457494527,0.6097608413600101
0.2536375269812322,0.030463686308960125,0.20444837246427305,0.41412571400874637,0.08009947322407436
0.7030292840268101,0.4683301859338135,0.7735527418648872,0.23051067332407293,0.483270560407015
0.8676837957975323,0.9283835056363074,0.9963982936790554,0.8649228790305099,0.955024069404812
0.40240635309109785,0.4656825417622795,0.7733810477822497,0.8224848816045639,0.6102006994328312
0.8213011986006583,0.3920935769045727,0.7507696492110557,0.7325014136256541,0.5954397493383152
0.7096538168999855,0.5657815548409963,0.9291447172116873,0.3360008183222551,0.6129614181876767
0.7744834053827278,0.431112405097005,0.08754866402778061,0.4384770809292077,0.35048413198875206
0.39898501385258944,0.29377590617439076,0.041499167183079444,0.9208450508018153,0.4749175591377171
0.2730789064302647,0.2956545416124853,0.6196159269449223,0.7160978947178999,0.5666961705309378
0.9216379042972209,0.3397702422988438,0.4556191564372516,0.44704736561167324,0.5981598215514824
0.6604205868548177,0.9901088460868658,0.31187943576372523,0.13960193740307705,0.6069464976710529
0.8645807939391111,0.08898971485634666,0.9916960733724518,0.7328760300342845,0.5548166111987052
0.9357675059038547,0.06180846068922263,0.09236052811137851,0.43240570282215607,0.25944556215238357
0.5020430745326683,0.5015179603501664,0.2466586158054065,0.7075637542165838,0.47324664883671835
0.6827648183590268,0.27304061932780677,0.1771925010111911,0.33509462795716277,0.33089396912509333
0.15004496951241458,0.006877962219649314,0.21244727719547296,0.6051083479175162,0.2836394637087184
0.8705192491123691,0.3567687116232726,0.7574644454507177,0.2956665156949664,0.47428919389966995
0.49605224185845886,0.7297119064974222,0.940220805571285,0.9018573303186042,0.7740680535604406
0.2079019841254409,0.7349258473948942,0.5314549141893053,0.19373354764674366,0.38805684606551305
0.22338051227088085,0.7338831308025413,0.632238150867861,0.21944427385829846,0.5772562310917798
0.1407242701169991,0.21790870825201347,0.015176882286826898,0.7087612547487611,0.26951935118463666
0.6099447330149167,0.6570304982341073,0.8983864665840349,0.5345112563771703,0.6233783757248941
0.1744606356613037,0.25393777192369615,0.7799883269105443,0.7268457430380343,0.4254161485708487
0.30364772573493987,0.8956979631993723,0.7835000808452567,0.5887031022132906,0.7691884693481541
0.579062688356309,0.10326500887504841,0.17252387694636206,0.5255669280721742,0.32584892610317645
0.32161974487354006,0.42354791599189634,0.7935706545388016,0.44254530238661205,0.45997313370223336
0.1245250107557336,0.5235864852214529,0.21825987269372948,0.20299654400972517,0.3284422212242839
0.6198685789099804,0.35920874698269034,0.823552226611819,0.7906363811260829,0.6567847684997622
0.8145364472739682,0.15830390010561435,0.051785888732816865,0.381569504898088,0.3227662457539643
0.42250119100450634,0.9128924447365754,0.5656881721410058,0.7698218612950248,0.7034735309021646
0.4461499683808914,0.4591240232866809,0.3032858908492829,0.5190423889925058,0.45980619502346015
0.6415139476164665,0.937108944919677,0.31180213695576864,0.8764698334664675,0.6787390662075677
0.9740358166314572,0.5621888110645251,0.7147532764439458,0.38651991284927906,0.6046092966690728
0.7962148915576482,0.04404037938846439,0.6933351537347067,0.577601793325683,0.46483136694871274
0.46288698051992705,0.8336440104751723,0.8146710047099892,0.54386476642227,0.7667340895075091
0.966035301948241,0.44411524649633227,0.7500284121421912,0.9333289321649783,0.805286129395004
0.16309732567713126,0.3952593154311578,0.18177886721736192,0.5317453261250176,0.3167850097572397
0.4772645883119092,0.1682036557665182,0.879330215678474,0.0485529690819233,0.36439067748803056
0.33610867010285117,0.3130501450631469,0.8364984906180335,0.69497170256375,0.4667796545585875
0.3849280839177861,0.2856995940447645,0.0913741048604092,0.3780576074076493,0.2807058118291366
0.485612113463916,0.7314964640431391,0.8244715176045491,0.5234024454353148,0.6468693700142892
0.3134300193799401,0.10761418475985884,0.7681281783808822,0.11565147079482246,0.2835122582613738
0.5626858982961338,0.308468281489484,0.5730422006190157,0.3774343296781932,0.42173939384089987
0.8456393205057169,0.712845995860955,0.6966951114367486,0.5880444273911589,0.6742633267100495
0.41122548856938246,0.671093157085976,0.8054300430459791,0.6870482753136559,0.6781708884849506
0.5089628390319576,0.780189268482995,0.9976228222513854,0.6821780519614763,0.6816160622812664
0.20834882091018012,0.9385297834731304,0.1811832790500828,0.2706858456241352,0.5360750180649156
0.5918126875553119,0.4171934185645765,0.1602256009765063,0.16991402528591737,0.2907939834184375
0.8174899653208865,0.7242325476119492,0.690405721911072,0.9083273243466217,0.7446172842123714
0.6955468143795609,0.6024494419665878,0.1630191138148862,0.762633792173583,0.5398561503305506
0.9338174181605663,0.41962738280681033,0.050622472269074126,0.4083481125519851,0.4204097992986731
0.8721595818235515,0.7311573444549172,0.9467560351737032,0.33086255025860645,0.7746752986523526
0.629516998884838,0.3976844144330547,0.9738004133571495,0.2266173645516332,0.5421083556430273
0.6094644818033486,0.7514529444593436,0.13196531962396174,0.559908067189087,0.5638708910033077
0.4835091141570077,0.832363539660995,0.8056488053633419,0.1292374105177974,0.5810157886632252
0.17883216766535176,0.08991624485970229,0.19324941523416816,0.514178542046027,0.18802254936427718
0.1751724232120169,0.2111259425580374,0.7524683375864943,0.49890621629838044,0.3368855255442761
0.7547763072025855,0.48439118560084926,0.6938055569674118,0.3542392321004493,0.5678725835325353
0.8248890963699876,0.760160929790159,0.15389990469377368,0.4540909689781008,0.5559103474662789
0.46694419359870276,0.12556557863725137,0.17129495782167037,0.23137659233083877,0.2846839088929381
0.7274473229241825,0.19343534295648257,0.6415044812562517,0.7523395016902015,0.48535303049906403
0.3807207149830347,0.12211151592428793,0.11113714733201241,0.2862433409555357,0.22149025166093295
0.226996834619216,0.5455821217920664,0.10559154597664,0.8128553923390066,0.42863252304424765
0.4244270546273985,0.6712708252291325,0.27064394198176567,0.7892953870108769,0.6568626169014656
0.6741116870976653,0.9851745550906748,0.7680054353132096,0.33152993060141744,0.6455643581407908
0.39725620075187595,0.564231816684536,0.850574528015116,0.4928045071005692,0.6009611914108606
0.8015650312816571,0.01620039733946721,0.8183804247795352,0.5663447729151512,0.4075258781281386
0.6422228476331096,0.5116385825190141,0.06100714300539489,0.34796178797976046,0.40132100195865494
0.8621985019860575,0.324329377351518,0.6764837495206044,0.8667224111551137,0.6869746145585753
0.6178232558161887,0.42906236930266595,0.27592269438054684,0.32646965393180477,0.45174203473464164
0.9487557076662744,0.3238195749024314,0.6611406784286965,0.074782555253566,0.5047540927969909
0.6453972705439229,0.8494464062257355,0.04499682123542437,0.4153149033874635,0.6234013067884898
0.6347276764808117,0.4113745714125894,0.1263864224056671,0.4078927819072221,0.38316927787438304
0.33273243202130565,0.027852240821074403,0.631375326048251,0.9443289553631943,0.2825072965957933
0.6700705662179144,0.805525913576057,0.39788417555702305,0.7385432571741262,0.7475929260594305
0.6075276100800613,0.5002785352077603,0.06939408590418339,0.21963044169243556,0.33953115420157337
0.9255412599199127,0.40659053735947226,0.14328145870264108,0.30023254272593514,0.4882796086844495
0.9102377000818633,0.7921911948016761,0.6763610678727241,0.5367619840209711,0.748953099305696
0.32827199996263445,0.7563342695828866,0.08166727586009626,0.6776840365819109,0.5472387666880895
0.6341152444342514,0.0162434432094537,0.7287780544506475,0.8165032104839457,0.38009698357682264
0.4084578328851165,0.13457626710410775,0.09441889766048095,0.42398105510379136,0.2535587316776702
0.6804126147631203,0.2882515771673685,0.2987828710542516,0.2583954994878134,0.2675962159151387
0.9618684816453291,0.5657449506132892,0.5144613277398942,0.5099138339418124,0.5814611116088224
0.6464217527952192,0.3887263478765467,0.24029912345036675,0.37171132794803746,0.37622334316348294
0.846750579689462,0.9767943728275862,0.40472506382965867,0.6909625968881559,0.8280713230157064
0.5288151441154596,0.31830409469234733,0.48903577530762,0.4271390980997698,0.4691792913307546
0.4282036086109029,0.7385058785105187,0.6666170848793723,0.7189563856434631,0.6085195084433642
0.7781248995936371,0.8728594215656645,0.49995899196478844,0.27450305629127997,0.7316334439538636
0.7063315601879409,0.7674988305907054,0.30752979549045634,0.6444712494364283,0.6367303620902304
0.2766211450355491,0.1255497898984771,0.9634799474743275,0.694609515099426,0.3880468584623857
0.350060646885909,0.7715120619984877,0.6519008655624606,0.6249297972963701,0.6317450713677345
0.6739967276610324,0.8200675020556494,0.041578959846593766,0.8970864270717799,0.6495859887842862
0.3769938147638342,0.6136379029893838,0.8979352934437369,0.23450753769458507,0.6116676463297813
0.9169618898597615,0.9965656562889824,0.7004317991565039,0.6300681792172338,0.9062415504919081
0.9202052710707677,0.020934117826733267,0.315773151249496,0.5973630792334107,0.43654197607738565
0.4563435035763549,0.7562537914224343,0.4541836627367061,0.2678931290059279,0.5313358011606486
0.2084026059969089,0.5845431132594582,0.9693218122841789,0.4406188591931295,0.5492043302827452
0.1690505441675967,0.16605252148153637,0.06110466761963229,0.6022019789457475,0.2328058618279295
0.46063375015102004,0.11514617839520114,0.8832736014262238,0.02061075021321096,0.251189716560557
0.4978300788380112,0.648233468807846,0.061446290130787506,0.5400481386506328,0.48571154835781716
0.26246640555318124,0.26247058512126453,0.5252584187815833,0.7161406847036137,0.3805835045653128
0.24639473359493663,0.7343656764922184,0.20883093549458998,0.20807916297219795,0.3923544789784983
0.884721755152455,0.5769816124176819,0.3454808537234457,0.4184867883852635,0.6300671487988827
0.7105526969527118,0.5927709408701848,0.1483603372895168,0.8062016176795537,0.5785071873589325
0.6529600066881914,0.5236634160546108,0.31912348982046257,0.22764961433738834,0.2824369796783407
0.8122687754562781,0.9157882394541271,0.35979409354529945,0.6034767399121542,0.6908597476046563
0.21191125728778332,0.8751336186211521,0.9709402496046186,0.5559577061510467,0.6571387725888389
0.5646549692779066,0.5806452259096341,0.9359372482485595,0.6777525103221734,0.7702701457195595
0.8073327485880221,0.617931559846298,0.34184728549809207,0.5360515214944498,0.5105696156675443
0.49587007574245145,0.6439565794476135,0.380951845023475,0.5131644566919285,0.5061015380709963
0.5133982967204885,0.7521286995435712,0.9055388379289011,0.6574211157085201,0.7396784198821349
0.843706729855168,0.5880004634296284,0.3531028889383895,0.7252568845996623,0.6888400884301907
0.9418403451764056,0.466116292658489,0.4453865259778722,0.18889811263928455,0.5077342479773046
0.11289781528030113,0.47833548167055584,0.021021106726217154,0.24341422202622162,0.2881575079091534
0.7873230424152885,0.5234013709220082,0.2267726253196457,0.44074904347870697,0.5120783843523439
0.11110694145433661,0.14296087760075216,0.7422935381702628,0.5554940199567338,0.2665337608307554
0.45801409683618843,0.5117074471147008,0.4832942849663252,0.3088769654216672,0.43590501204446674
0.5269914042586615,0.007334150836180275,0.025809392863181735,0.30555446021319754,0.3121408633283468
0.8902301615600112,0.5578736756600732,0.9597910204048502,0.910367310306172,0.8050470221741187
0.3973523262990548,0.5892146143478555,0.4542783967898225,0.8713219820395987,0.5763232875819236
0.2142499723794754,0.12328377929894685,0.5185616886657339,0.7282983850872065,0.2773063076610634
0.7216536836019368,0.728786222256576,0.046972991098139794,0.79701968266853,0.5443969803149498
0.14987429959802,0.3311464891641498,0.7659715748551791,0.9781536681967045,0.4609932030215673
0.40183444559571624,0.17708225539728983,0.09842418910136874,0.2110389639107697,0.2384634682721513
0.3132315945070511,0.09696567096542474,0.1790316374415838,0.5620747555279424,0.30166329412112297
0.5275808855800913,0.9224342836561245,0.0727349477786684,0.410250843683279,0.5054779249944683
0.8593795395885643,0.3249227944066413,0.6872955625825176,0.930702091695361,0.6165058023468
0.9803986016739025,0.18089190137889832,0.799157971104782,0.8220821298813048,0.5488458120229649
0.7584059076050206,0.3721202152416987,0.5218843281579432,0.14493814733978702,0.5377776193632019
0.656749260184545,0.5685522556046121,0.05917707186354182,0.6281992253094304,0.5279007604486171
0.2197088190165959,0.15873676337430953,0.9492731062456169,0.6368098481763813,0.3662160086127863
0.7306529691558374,0.5890200909809116,0.9386648132933723,0.5754479410498664,0.6480641337970775
0.5245658537665951,0.5534717762098499,0.5702869387313905,0.5678946987762233,0.5133180912919107
0.41934866998884646,0.7802126485356335,0.5638929210554023,0.7879417041137403,0.6124529145966134
0.4711627544210796,0.19575560640562462,0.5131750822820359,0.48289732534543756,0.3186104335986523
0.3351997160968454,0.41909947291708527,0.5992992870063887,0.015259161547208494,0.3635692683268469
0.47396265675585936,0.9080150893749742,0.24257826607382516,0.37287948067392745,0.5505239774897567
0.9473268137554589,0.1744092671114995,0.47164949075059537,0.4232786742940164,0.4003765037538176
0.42548238535694005,0.12537534923387328,0.25361277085970824,0.6656128394440725,0.36162562069940546
0.8754983962291909,0.5771170823879065,0.8906584554618424,0.9253088917302077,0.7887235124201745
0.6504817774509932,0.29574756259502066,0.2557437015483004,0.6055804355623402,0.3963670735301199
0.8116219917101511,0.38473257650744497,0.43599518057058584,0.3601947506512396,0.5594801967101057
0.17341743305022933,0.08778823705815997,0.17182946035765845,0.6510853582100872,0.2390879585363228
0.11314809739799458,0.3603754923631707,0.6048394293625812,0.29984228231221743,0.3322584681920013
0.8187902023209729,0.9327529390603132,0.020137848949289827,0.7303638752104789,0.6129873497632875
0.8973225959476824,0.8160790423433513,0.018945403374354575,0.3166363855091548,0.6067349640237623
0.8917771620649092,0.04922091454076161,0.2310808528744962,0.7723364130838554,0.4212718201815826
0.9129012646102366,0.02461798384123859,0.20945576950951106,0.5186766713996954,0.2851234051139241
0.7822363789100948,0.7600055449620985,0.31259802490830013,0.06504237884484679,0.5152168861222242
0.941089492643964,0.30338554362913317,0.7818909129968897,0.5760118376256361,0.6338732717159219
0.3957023348972186,0.05446604736683758,0.18245804065249005,0.39250440349905996,0.24019683952159554
0.28613610382005666,0.5044559416693554,0.3121897365691294,0.3897767016745977,0.3520082492170496
0.30900222181120884,0.40532536064695335,0.2691615709916292,0.5596441137581752,0.35797743318651387
0.4332089671161191,0.7512789243737669,0.8969952893644111,0.7660877720729962,0.7382730312236598
0.43900879638651624,0.33924066117383633,0.062431327277780335,0.10100422074479862,0.2544347528510418
0.38524835959055326,0.808826323491684,0.8754886503958965,0.4782873734948573,0.6497791276141801
0.8065752915157813,0.273698457678371,0.9118186286860916,0.6605672700764824,0.5776789530406949
0.5595133678556532,0.11995294173096982,0.31206404465202064,0.7373348559711398,0.3853825409114793
0.9571480771588522,0.32882261784860933,0.66231373873072,0.7731380252574992,0.6395701184314312
0.3604968054713874,0.7832154546566787,0.8032449046648062,0.20339676123514824,0.5951600073035537
0.6624817735384316,0.6383505774204318,0.3071456481042115,0.19384466620648055,0.48592516351497067
0.8384969253301469,0.6766446348198475,0.6360473423391266,0.9461284277535238,0.6625966535992345
0.6438816840162879,0.4608983382065819,0.8287089838180064,0.7533359244705449,0.6715180789695208
0.854968475713662,0.6710129805329098,0.6970241660042995,0.7872197000072978,0.7204933239985104
0.201331419876275,0.40777803440616267,0.8863803619601417,0.30651719657143867,0.5145878467183451
0.6666655104447334,0.8634846083691153,0.13228794765103824,0.7060136977968292,0.6637667296543048
0.5898316033137257,0.9757788185489327,0.3691361938092045,0.0631731061274371,0.5320749267044833
0.25071377006618967,0.4625935471051531,0.03326797116935842,0.3780519446785672,0.2681278178286314
0.32497560178194673,0.07336406745960267,0.6631462489752088,0.5446572201533206,0.42319500797269416
0.46963832085249957,0.8176233783044862,0.8950566039998331,0.5431453833994759,0.7525271861598146
0.5122257549254817,0.2566472071860958,0.7521143326969748,0.4981512135611361,0.46241033040912594
0.9961610068461907,0.43526227965655384,0.9206914007786196,0.7542151613817512,0.7003503140566384
0.47682562899491576,0.219634928594569,0.0002270382182555375,0.7285319323009569,0.35503488659134397
0.16084427452514485,0.7240291887729212,0.9288079606878853,0.600485151814662,0.6185639948079236
0.3179571853127235,0.07300359289962732,0.7440285803476767,0.10244294340770514,0.3008528894994543
0.9260567947841978,0.10802895749157926,0.23263663838677495,0.11586688381910236,0.3448106610215137
0.4526298051554545,0.8024017844513243,0.3412444497577206,0.9904433508174741,0.6475545887302826
0.889706913942852,0.7731835012587582,0.671587742938926,0.4037311174662162,0.6772947891257031
0.9899564871732968,0.48323207587543515,0.9868959453882975,0.11869856277398702,0.6535670252011757
0.8978522739777123,0.39864249421306397,0.862922393510989,0.825543384457205,0.5908935136650842
0.10628403569231332,0.4034809690269996,0.2347544217249713,0.7474611130363055,0.4305864286580344
0.10053814495131579,0.30781915002611915,0.24116521430776194,0.7235388260548012,0.2698864085055111
0.47565530409623313,0.3768668803471885,0.8759049249998946,0.19840821549977578,0.5065409570476106
0.5833371832677768,0.8399977606043434,0.3393228356557111,0.9125692816016917,0.6430881026293598
0.6714159932378465,0.12384602670581746,0.07053563759295656,0.7181062742771082,0.4067138935697124
0.25468886092233184,0.4765264708322373,0.7378804151687424,0.4817006578193299,0.43034910140291116
0.5606024109125326,0.7694425794215568,0.9347955174927833,0.3835664794114609,0.6941745809856869
0.36007167242895266,0.3770539310016988,0.3933206703851887,0.07827173077795208,0.32512751245930466
0.7308418285161993,0.19427357100180143,0.44720103221643803,0.7477943877333906,0.5138174820789734
0.68098092076947,0.15577326058017016,0.5470453456155777,0.7779357249884228,0.426389301828452
0.26736535680167595,0.9508186599164314,0.2098976295862307,0.5901551256574764,0.6468184716357821
0.9530017281723068,0.14119906353718492,0.7635158436682122,0.8314779825596503,0.5378031718840256
0.7911729802556484,0.6285664006472832,0.6332632016094104,0.5553041076292649,0.5232753013717627
0.8433468272007264,0.6965614021440462,0.9240729888456831,0.7247811279514526,0.841221764922095
0.672080789757352,0.3559577734706405,0.1485067816436808,0.32376537575119985,0.39024208062074756
0.21904184358863354,0.19668819731282305,0.23748330516938398,0.29788895585567793,0.16097094338469306
0.5734742665756627,0.7593108551502052,0.7126656189865445,0.7870468592277566,0.6490988365427098
0.26214278295935733,0.10986311374078295,0.8836839676879897,0.5296063061781396,0.323674016021288
0.3844911803922735,0.05574085358744174,0.609812761548117,0.3395832396684146,0.2199006521653194
0.5909413064453521,0.20705708338303286,0.5439731112849675,0.5565716979552869,0.39936187335892454
0.320995563350042,0.8123261802470616,0.34283896480545073,0.8173304699285795,0.5733495988373825
0.7674094976201467,0.5466772648973117,0.8844787275967592,0.5545257169754744,0.7806645600093374
0.755982824039507,0.3014630594588007,0.5993729928719863,0.42085048211632425,0.4678456923266732
0.4049411341805267,0.9520624466390027,0.7379277689988003,0.5950015828669646,0.7405493119675794
0.3826394262265892,0.4991989468413318,0.21657918562724088,0.9953303255745991,0.5121525992458225
0.6618166632977663,0.8293851501423746,0.19033697509504754,0.2105862398048053,0.5855354024170017
0.7859571284634802,0.8118067183508864,0.3418490419172582,0.31511294059581907,0.6023549188180423
0.987191424627167,0.7912842924966835,0.6013840706885634,0.7560015147407926,0.6844781577579339
0.7703425679769218,0.4459555450921018,0.02002322973218762,0.4841258273230628,0.40242378428815573
0.517783554056914,0.6192043172921549,0.4802942587913558,0.3858709595243946,0.5573244848293453
0.2836579496919405,0.29191117349780726,0.7486087085818324,0.2500984039541599,0.36864524362796175
0.5782211485774257,0.39577767966043076,0.6131519111030179,0.1385991392928595,0.47113852715117255
0.5725444062208462,0.7072789119056672,0.25217287749552997,0.2964089014987544,0.49980887502070903
0.4858878620032152,0.053781964177377906,0.02208584530117974,0.06170650496832189,0.07640365554695427
0.8551897289196504,0.5506604592365643,0.1531445000839562,0.8671531171729054,0.6717632208993198
0.7307791292128858,0.8555511234358725,0.41829111109348593,0.2402192637447722,0.6113024787952254
0.9076575864894276,0.11938101133819679,0.32784283788581825,0.5379153118726124,0.46394666056738976
0.27256259565123986,0.5554972801696314,0.5839192892611353,0.7457622103733282,0.5235691865351422
0.7991185934877677,0.8475476330547363,0.18181765283733875,0.3791821176354412,0.5984636844757252
0.5818129912554911,0.635323346708321,0.19648696695621115,0.5630148776427861,0.4285563693200893
0.7002347027128126,0.43539632339975143,0.9531201143941378,0.4333240036522429,0.5999865283741908
0.1834433297292429,0.5322228748561939,0.8216415697789553,0.21291369531451726,0.4476711020860865
0.5340466000733892,0.05731031001048681,0.1745898512471864,0.8033074984598515,0.3759052681422509
0.9728369781704063,0.7276311376996887,0.9226037570939578,0.8506240989305927,0.9126307068884572
0.7000170867032618,0.6233795659599071,0.6024691704572664,0.8152056734512085,0.6167155108443303
0.22273329472080927,0.7280122577961974,0.8131476551679849,0.7836221078875002,0.6181545698237895
0.4926214237214417,0.6583074395060619,0.43771682493354136,0.44435237384624154,0.4531546649757503
0.16274748325035654,0.8934047290879871,0.38783426957109435,0.5008902055390527,0.5200345217677755
0.5272921054392862,0.33632339427033353,0.9205358851025547,0.5029251479701875,0.5111661473600309
0.15679573220399162,0.3246091685101615,0.672755986246924,0.29751938466628725,0.3292326426289757
0.3129488044367566,0.4834980851068038,0.42914949195832186,0.7511726157548456,0.5237197577762683
0.32981801520601134,0.8279764635022515,0.3779940386261531,0.6973484751271042,0.6311262309928245
0.46207633724413477,0.4249535190624304,0.3828831472841835,0.4379710524234558,0.5140980525768738
0.8595941247478223,0.26240837648930193,0.4217126175259164,0.7938898086248635,0.49239976068657115
0.41157719801229486,0.6537867511244616,0.35019868102321905,0.4892249715753626,0.5253046548285768
0.1895452019856682,0.7665959447120516,0.9662742977481859,0.6598538112096342,0.7098794630044243
0.8633633484519524,0.6851745132777806,0.2900440281779866,0.13516897298563044,0.4905689246310822
0.18607662642134437,0.419136174442055,0.1132996043982677,0.8183060220372871,0.3277359176130479
0.5917663667909189,0.2497441792293552,0.34327548906444827,0.4192560234532626,0.4279952281260829
0.7765937089146803,0.9062335194351386,0.7434351739561944,0.5131151278286178,0.7742699307633996
0.1717435658685565,0.6831142857230466,0.9325667087059609,0.09803046802911433,0.5240319513762176
0.8218344432545817,0.16059369504330856,0.5373404968431812,0.2613059175766326,0.345263417813054
0.21815917480434183,0.3096917111051891,0.20179494825245692,0.8189328307292375,0.38651628886828915
0.3708696876684595,0.18404477205021352,0.7564510879889118,0.5462415203550824,0.40108513906850457
0.9497879545114968,0.9955109680158664,0.45027681044159074,0.3629499902492346,0.6706197354634944
0.217317817038939,0.2035348738868964,0.7690611331597242,0.6678674673372567,0.3166812055293547
0.3861142063959553,0.008777211947929464,0.3821329088259878,0.24436821325286662,0.2131059761203015
0.44917547895809773,0.8295658314283686,0.1336956543994362,0.21670370007263554,0.5126110557940772
0.9443630552722502,0.2755667763091785,0.33217252206173253,0.8017686412736359,0.5644000766437485
0.28432216815058853,0.797998035219224,0.7385460533969634,0.6838444016374111,0.6292979178364048
0.28313919509978125,0.9545538424175,0.9185216027705179,0.6867434322655103,0.7408739408753395
0.315113081199349,0.6288728969881755,0.640380746644241,0.24556870289146904,0.5249166272792908
0.3935984562828384,0.7561922341067805,0.3937551415654067,0.6915789920220188,0.7041007526907476
0.3054981271317498,0.05845798723687701,0.29992939747306624,0.07285792228748642,0.15412063513564941
0.20641455322492647,0.9539452124937761,0.8655712200947645,0.5796323926484686,0.7517508273268233
0.6380272120613626,0.6647392049108463,0.41933468041928834,0.3264798965236754,0.6254744523680685
0.9405801767300673,0.13105863080429037,0.7973943579077786,0.5662076741014669,0.5158986698844699
0.5630406420808349,0.8568353497231763,0.4668780991231044,0.7555575608141035,0.5920498533057238
0.877929639810376,0.45688807173726687,0.4751083649318354,0.5388375729230168,0.5563891326639089
0.1749007595872651,0.8629596233130185,0.4805599408362681,0.8086110868258979,0.6006520425215853
0.8899744643763624,0.20399460360938737,0.8264646094921829,0.13501731145025636,0.4560975300168001
0.3802437459033259,0.4016968927597765,0.5027501916096123,0.24427202751926433,0.43594949948989037
0.2734087568380303,0.12907124693088146,0.29785939839021125,0.48471888829326404,0.33823827763590375
0.24956649964877428,0.3327294765103791,0.9399243728857088,0.6670814866655118,0.5013468405551996
0.5052126580053555,0.25474870733671884,0.35188483434700646,0.5195922148354277,0.4707008885330576
0.7484110673164805,0.281825003295472,0.18430139695009906,0.7521241428478311,0.4676711126184272
0.6453071336615347,0.42835180056884625,0.027106652336233106,0.23957988487097473,0.3669169949990263
0.8127937300651388,0.9866876116170241,0.2508734717161105,0.5896283960130607,0.7263925714264147
0.5386656727907269,0.9453716496147778,0.05723669351680938,0.49727743966250165,0.6026775536522961
0.22853287402558065,0.579829576047725,0.2825502675186389,0.43241860289666806,0.34205327537330865
0.6288642879535978,0.8205917893241481,0.3922670415235471,0.9690023845417943,0.7069943384803133
0.5594141182117972,0.258792408364524,0.3164571308744162,0.4743659321627508,0.3466620116710955
0.33283985267407107,0.34719216756221194,0.7941823453171836,0.7589123947667513,0.5244917006413878
0.9646716724942199,0.5375401436403463,0.014196634471723701,0.3660763032740379,0.40187731182247877
0.7738286305952395,0.21314211931393667,0.8671773544513522,0.19236103637331667,0.4445542737786536
0.5636503255479299,0.9902851705849413,0.6113416562477262,0.6286625810103529,0.7263457497192511
0.11229551692354849,0.8957263555151146,0.02894431674336706,0.7177379170914467,0.42509243074676595
0.40786249119179985,0.8099787436834724,0.23828967055309158,0.7025210867540082,0.5165702357760255
0.10817833145609469,0.6482975272988015,0.511093821472398,0.7492986458514459,0.5301572830252352
0.7362606866440804,0.6543464596528576,0.8725199518293624,0.6691071355650261,0.6381019440375048
0.43483921103098666,0.09244951703706661,0.4579002951270714,0.4997632076920245,0.3011406377979297
0.9623243078240465,0.2476316430714387,0.3480519554773205,0.5112468096991873,0.43355639589902045
0.2557214827760479,0.2667720636239239,0.11953086954707781,0.6642892807751081,0.3023829266275098
0.41812587285464853,0.3156332153671523,0.49101976266891,0.699340958359023,0.41863257062481257
0.9774138455292114,0.4111134169948486,0.44471277685833577,0.22896536982097582,0.49695733748387233
0.4645972491290711,0.002708149820452088,0.8499464959451885,0.19204727322918014,0.18271725600216232
0.15768523993255795,0.5961426495498969,0.7395811772217427,0.45086083732334425,0.4865670447177556
0.47565246160549024,0.30966887040129254,0.9378257999850671,0.3243514333526966,0.4890207734929194
0.27918407794233313,0.34782234743304596,0.6202348489611205,0.3944910631823305,0.4042243238020787
0.3440280280425293,0.7603282214041377,0.7224113844635446,0.8004499548768524,0.6653777226482326
0.45182568415704605,0.9764565294354102,0.9546663568790689,0.4369975020466106,0.7958782955162016
0.34011509449044774,0.5059258001463939,0.7777279100677931,0.7101685395447297,0.5732553201304548
0.6800365553685346,0.18286452675487241,0.23240404621441313,0.6300515220839192,0.41707225117815455
0.7240397846669672,0.7662454727603789,0.30409463597128383,0.14044650648161408,0.5852410283947042
0.9855157275074472,0.9097436867126839,0.8517903386605417,0.5140313415002609,0.959108325527013
0.24072592748038757,0.751798163586933,0.5682686162687683,0.37995253908421217,0.45015816375116935
0.56645174861984,0.7222160986736462,0.17415669239539633,0.6772687268474046,0.5918374634556055
0.14604895580092833,0.23285855687609425,0.49200172943208276,0.6059601083515647,0.31390753611835986
0.3905288141030653,0.2581076431734147,0.4639854174403808,0.24042128652773323,0.35802379811814977
0.6589956924191827,0.3018000558611551,0.8997430784088717,0.6033476599072936,0.6542834729358351
0.8508923161744587,0.5773534012196677,0.646407375228089,0.9718407072648462,0.6001522838248425
0.6750667197759561,0.08144721289115919,0.4350145943402234,0.439619940038418,0.25210131436651256
0.4888095030373264,0.999049498103645,0.22032739343758256,0.4191492851673174,0.5806007113222372
0.8894148057086515,0.5281892617563562,0.4672609960075026,0.42952799406208686,0.5296915068335407
0.2161775756282156,0.7422987567339443,0.6431043526178503,0.5995708420522705,0.5132013420955345
0.3317312948432224,0.13566146716037775,0.2600480402524339,0.45759044369323365,0.25666696832137464
0.9725418094655603,0.4539261364217959,0.5069996201433474,0.47157263390568105,0.5777670843204219
0.2535410121594799,0.436757817847075,0.4640004281964263,0.5468575069953961,0.493410225218325
0.1221799641726904,0.6966889878731969,0.7253263907358781,0.7487305237044994,0.6515194641324822
0.5628043101393798,0.539191079513633,0.2550934328323794,0.8759596190885737,0.5948534323053231
0.1359531759574849,0.36229349000020483,0.8263903116005552,0.16270594795698634,0.4623448145664586
0.8724973886028323,0.4636220743434498,0.7842712993067169,0.5674728546063507,0.6223188741409573
0.9829403760290192,0.6618107285744247,0.8168902895041683,0.8835821068724858,0.8536724174161026
0.15138490411714936,0.3430517325196506,0.6669359852039066,0.2429132861522295,0.3136320866566663
0.5041339843329655,0.45930368821307377,0.07696918300801736,0.5995781228377529,0.4463230439105054
0.6154844796595781,0.13722714661687108,0.9376614606165921,0.3265426613427427,0.3298379123536193
0.3288332448900375,0.6310493932702206,0.02498408228184945,0.5114528795786583,0.515606846216969
0.40815561096627373,0.5464763610253764,0.09135324272355583,0.4480744579767984,0.48294272711577524
0.26940897979214107,0.18424865157267423,0.057002387551933986,0.31496720188787475,0.21680402140197494
0.19854187529901596,0.2028532387278652,0.9983187565709567,0.02195428479934869,0.34195620435038776
0.3467916002117323,0.02660836607768413,0.7352285181015961,0.8188596823087008,0.48328741362479855
0.7077077538058337,0.20588198817832115,0.35248104694335114,0.5850079332417554,0.43227617968148657
0.16967039678627555,0.512835362435142,0.34330096919574093,0.8981780946955803,0.40506784478727537
0.6564565189123479,0.7814620887547092,0.7032772277324516,0.46377194971819163,0.6997809862449516
0.6764025465939275,0.3141620638369721,0.957971066482454,0.20789028311445637,0.47104899403561695
0.7409981846594428,0.17589028341866209,0.23538326189835757,0.7863946637269869,0.4223251602639626
0.11318241454523807,0.9211438801808418,0.9760860241995717,0.7326710881533377,0.7008160198145116
0.6813351037207354,0.23287914615181504,0.1567604286516393,0.7856702480242556,0.5017736689303265
0.3785163188015641,0.44797165638218994,0.4054716763304185,0.3041221543813225,0.32918525798350085
0.512024439303286,0.2589616050249752,0.8787465236769298,0.7488793315526647,0.4682290683080868
0.5911017984717712,0.6839751299151413,0.19022793082013756,0.0,0.5199815907781761
0.3733615416025895,0.09301740926267499,0.14386796634332977,0.6822082124195601,0.23145396181334027
0.19650015478763871,0.42348200924933277,0.4523667592065702,0.8722720979453154,0.4984513752360058
0.2501637203850199,0.9237313958767761,0.8214712527761908,0.3346643431434482,0.5876918290190268
0.7094118371343076,0.6826711524627593,0.6287340150599929,0.49726176427077423,0.6346232044277347
0.8491519375317171,0.9916243429612281,0.16361620413827627,0.809048472490764,0.8210068342056769
0.7170865743386794,0.22627733414380702,0.13180682989667936,0.6665847618545667,0.4223500103674271
0.8026293737544659,0.9101961241446964,0.38283339476843525,0.6959806280184102,0.8376268826799875
0.3793338001973081,0.7621296204503246,0.9361765641665052,0.23702118899417413,0.6445738671734929
0.5266686376970718,0.875685127586106,0.27143086427605323,0.6664947904573104,0.5886845170600812
0.12530935565013138,0.3753213457730138,0.6267533485423312,0.4278298979127832,0.37086094811238834
0.6870530015366016,0.4051971425753297,0.5960435954776472,0.6755719060223465,0.5755273614372189
0.10633862316172768,0.8054960460322443,0.076795684286734,0.5730851545869974,0.4316947924056057
0.9242329133716696,0.5028755200655849,0.7951102825267247,0.14035885920311206,0.5581315304251635
0.8035560901042834,0.20375548584994374,0.2606616548329366,0.17994794687470256,0.2897127601903178
0.6667152357332826,0.41616094640615775,0.16653851349727,0.6661315675901402,0.45773422824117804
0.6921545372034633,0.7274770779964966,0.7865057135281222,0.719757280557719,0.6776990656641902
0.501297957873827,0.7085835457678252,0.7318727372865008,0.4540343227727003,0.5668822995046613
0.5500305240126472,0.12781184436038273,0.5822374488025863,0.5964415005616204,0.4149937609263458
0.45126599249149346,0.8910216829672115,0.8136088133673559,0.6022662440781279,0.7716519732078662
0.475644647620426,0.14431204368748152,0.09355940691233555,0.32667349065136464,0.20341015860802478
0.3880145017786526,0.5060446924118366,0.1625110652974563,0.4734378178219462,0.4590363331195674
0.10775710233260226,0.019972932578028124,0.5866017374045605,0.8146027575013415,0.16790617040904313
0.7754897473783638,0.746419830009849,0.14551730038742494,0.36369592265905476,0.5852345798617343
0.2600956528610497,0.3517201113456523,0.44018032869719315,0.4130326741744962,0.3274690058728099
0.332470386214833,0.8670116069106004,0.6692682917508349,0.4320769346807045,0.48785496580266763
0.15015518713088605,0.9117278483416327,0.7020825668844966,0.10988612181825913,0.5754408477977284
0.6092666086696047,0.9167560031187467,0.8008180998597503,0.9748575914058535,0.824154265514131
0.7473705481226023,0.6187469824576063,0.08167976486635398,0.6295391265812198,0.499383765179373
0.5797497610852401,0.6315443786761603,0.5429404444893278,0.3684703344713876,0.5037987244463362
0.9369420346666771,0.45870511566753824,0.18163142187882186,0.374969904041211,0.476685284171554
0.46569900786739105,0.9265853832183811,0.7104218150124118,0.25586265327545143,0.5259198907913563
0.9861183067385018,0.6664073046949189,0.2854040684634225,0.30763930373912085,0.5925424601816822
0.25730648909502934,0.6480303180552142,0.24545446253893044,0.8931269595995575,0.5749852047774076
0.10438156688995291,0.41267824837914924,0.10045754968096843,0.6551025918870937,0.3374921499087087
0.5799775262128667,0.9959936491006997,0.8005361051267477,0.7397852007769319,0.8732887098079046
0.28611790843972973,0.925064556447055,0.36611311792875123,0.23103462748445774,0.516291946341107
0.40465619148292564,0.007091812774370987,0.680250688330374,0.6705901526194367,0.3674779573879934
0.6851019010772923,0.7420224518797602,0.03151304308221159,0.7311496068688446,0.5420787778747623
0.43185263992376133,0.7697314182968802,0.8109351926726106,0.4577363525106662,0.641564432022557
0.5354895381078332,0.897532326522084,0.9077612436501786,0.2490079628251496,0.7248474681214256
0.3602353010087359,0.9522600783623237,0.04986014639916425,0.5126412829433618,0.5065708270245932
0.34618782610174326,0.39965800208575364,0.9828601178554205,0.8232657204812953,0.7516325166679784
0.11261306577345129,0.5668584332940947,0.9322668839209722,0.9007157200596669,0.6417622460880287
0.9579847349808644,0.9031906907227857,0.7137062586767072,0.5534806906150523,0.8571516378159643
0.552898373372771,0.765148849861264,0.48529063406171535,0.8406727469461115,0.6337376477103278
0.8739466427650683,0.21303531984326418,0.6077784386068872,0.7232214505954899,0.49242421496006133
0.6264378045808495,0.26623150149881025,0.03134266885886672,0.5289520209316353,0.29879635415213524
0.5516825779220533,0.45495687972773713,0.7534756054464806,0.21386451837100845,0.4314809772799329
0.8335137850085333,0.2606751577405936,0.296895674268043,0.21145436744433543,0.38168154037671176
0.21601232656614905,0.7199968026274463,0.10116561961310322,0.050274235482135554,0.4255361362165925
0.7270793334418639,0.09664058416487142,0.27416403767230013,0.5107565323308624,0.30318829002844544
0.21412161921408404,0.8665956885955035,0.5935752544142979,0.3800017101443221,0.5327196466554456
0.7303130999799126,0.7588681344179496,0.10579652027279896,0.5360676036107705,0.5793103662298498
0.5270899151427006,0.36148714982181207,0.35872701954609876,1.0,0.5647573188801654
0.5436844394122802,0.47190251056452304,0.4903124894098283,0.5279083858345185,0.5157202509912332
0.6291120924053331,0.9345402456218601,0.7260613260624744,0.46349038115849334,0.8571265992235773
0.19613889366759157,0.23884516040360693,0.9492811717559837,0.711549692693998,0.44090230690093485
0.5026154941050631,0.21045967217653427,0.6895830655332298,0.4627545687950737,0.448691929702387
0.3686437882674669,0.6723618579321944,0.32876012755444994,0.1166778134547121,0.40246729768080614
0.7835681338452497,0.2059881841884732,0.7092961271407681,0.6943059541275206,0.5030123990163713
0.7504918084097161,0.9453070402516367,0.9170767794698133,0.6933783278956298,0.9692626499257913
0.27837674777950133,0.8743980317083307,0.3525292413005173,0.7060297401747848,0.6750240181180586
0.21397341296653694,0.1785197892725987,0.4930301251588023,0.5680215455902824,0.31647044527628126
0.21450239824330966,0.9146945603370571,0.493543659589453,0.34582125986165374,0.5739287395526624
0.5752612728388711,0.20208093608652078,0.11007376018105719,0.5098153027736738,0.3008718696690744
0.8080507132601867,0.5097260752881797,0.30006708290543993,0.7531503886639684,0.5382058041844222
0.280641558622413,0.8801547329102589,0.19499673752101976,0.597800052417156,0.49109262411913085
0.4694488423276414,0.9331929170490183,0.6374024812092216,0.18436368625634278,0.7016969353759573
0.19756033544496046,0.875933022186205,0.7831600290279028,0.40472280922981607,0.5635408474971605
0.6625823974178757,0.9461868939912612,0.5797714417624796,0.3363494637350471,0.6970617392231238
0.7119745390804386,0.2028731759142346,0.745628332520502,0.28164960238933584,0.4283707619886435
0.756931167357239,0.8887465168138129,0.06167458362095746,0.2588148291678055,0.5590445867603132
0.1503337151154031,0.14218137638735162,0.052825893908602484,0.6465759728037073,0.2343652151017367
0.24358596101958124,0.8855594435856314,0.010010410559136429,0.7184545302339346,0.5978617223449917
0.38693559058570426,0.5934964158218514,0.21011777594021452,0.3318619764930426,0.47157293613379303
0.2310657820348811,0.6974316172371925,0.6428065910861737,0.6147613233925896,0.6004676667322064
0.9285653230396982,0.09363289333362923,0.9550631871262365,0.8053540630615501,0.6238301501415181
0.1813770800124947,0.9478565672536607,0.2585572636402459,0.29869704883771625,0.4425077179027706
0.8998772353752451,0.692514012761193,0.2435283388995363,0.41515432084324694,0.5016480538117565
0.23626939954247655,0.7984535050511905,0.7072283283354233,0.3503468264518031,0.5204756915871775
0.14250238884527935,0.1764397704703503,0.9559031723881823,0.17999194341933195,0.29663031442860277
0.620707539051419,0.9113418162164088,0.5540992803958261,0.7578522252694228,0.6945164167151029
0.24324317559444686,0.354154196759495,0.41948148508981975,0.36045075801654014,0.29341665240471293
0.5897134017667909,0.7405095212183186,0.7569268451270138,0.2861941681344733,0.6409946778853076
0.10949647313431049,0.09142626886170924,0.556838694690241,0.3677113595421394,0.27310480335549975
0.1162729829851169,0.40032986841075824,0.5498769211562105,0.8534482101794515,0.5201702811636171
0.8945408464106444,0.47299059369815266,0.5196850311503769,0.7832608660794559,0.560471782595247
0.14576808127223903,0.8635568029983097,0.34094780164260974,0.5197792522142378,0.6089574770660617
0.5944706488548681,0.5908662673951145,0.6527281237772241,0.42602288360270324,0.5042603078594932
0.5870833891941686,0.8038598862488227,0.5088852551742458,0.18383367626364422,0.5470283945412816
0.19224669627029153,0.5354649496569541,0.08514363655608215,0.6061924785488081,0.34812658190900025
0.9565321657514835,0.31972084933985423,0.8680981598670628,0.3673409172549173,0.6078385882103298
0.3803610691125875,0.7829236142575724,0.4426548482604331,0.5528747850540909,0.5842952879523641
0.43857142189265996,0.36734051527727996,0.5259465769014594,0.44893013864902354,0.4866689943800779
0.7555802385694943,0.31645457653345765,0.34218640575865744,0.22731493170042064,0.3242376718156712
0.6829480489785508,0.029299443103418366,0.6181029655616969,0.701471170930221,0.44355395433525585
0.48366794566308335,0.44233545805021546,0.668670884897893,0.9138617071453786,0.5326247625608285
0.1474388108680951,0.03756622954398059,0.7171814470467577,0.47114105794654954,0.4378242650420648
0.18495772831347324,0.12570590651211566,0.4144340469683314,0.4349216807898544,0.26859237282939
0.3227166831098317,0.6452376445533317,0.6509717452185445,0.16886521128873025,0.5479959574173213
0.9820049168771352,0.5962585752327021,0.7097370848010203,0.5008783654898148,0.6651433376786257
0.6123071908823031,0.9207708496360754,0.9684191305004078,0.4895250494280985,0.8844675095433286
0.38007526402360825,0.20905812878086616,0.8484822099337397,0.5091835758268346,0.47599096583661304
0.331222856223064,0.8008026879785246,0.6321224284490231,0.42843462986967623,0.598962862404407
0.6976110052608421,0.33836786592521584,0.9355230227588572,0.42324866184193677,0.5916985109995502
0.7211539635438989,0.6455958727498087,0.892058860209694,0.20626593662545475,0.7094536830665258
0.3394971605523692,0.833191659785454,0.42679037219391935,0.6307278597099756,0.6554569616347076
0.7240607680861396,0.990642737172179,0.277891125987756,0.5925513648983689,0.7140560034631109
0.8712551168824493,0.6842090751884866,0.8824411913475817,0.23416602319526264,0.6576903474570385
0.6943022474627148,0.522709454067601,0.023591967780795864,0.6328143386863695,0.4433039257820319
0.14300322821326483,0.3522309750707453,0.8565719886833357,0.07296205287915955,0.33345314536625
0.8973299029990826,0.774928472305955,0.7352512163067935,0.33464888006669596,0.745552689731819
0.518749778148331,0.05823783082027523,0.2622743218149849,0.08210765087016747,0.18493800987725878
0.4485214433831275,0.7844056656084001,0.49289628558460274,0.45717670545711675,0.554619331404744
0.8934718142578696,0.5151922261382137,0.7746526197930176,0.574237608470254,0.7572737209759427
0.9589805022889665,0.8741689214820684,0.7079409157399947,0.7013397636784512,0.8658866671305019
0.12923793702114847,0.5952768411040545,0.5391937941273144,0.1982993925516169,0.4367080155953262
0.5965191710258155,0.8410961706161014,0.9968492842814399,0.5179239722197984,0.7234082795970831
0.7491020207490249,0.2303950715145644,0.6852014537698661,0.989603749515394,0.5707315130393419
0.5843089090358319,0.07055006370989458,0.9340329911306393,0.5706128549109326,0.5055482823007009
0.5041750534085021,0.7964517695378094,0.5470629909184421,0.5251690366759593,0.6708434312159481
0.2053579716836764,0.5281777214230171,0.1268728280630933,0.7519352058511759,0.5550733708279391
0.4652308829802444,0.9704385488840974,0.11238593229152583,0.6942446079594095,0.5548731363289059
0.4819348234482712,0.7146960890066222,0.603792757286118,0.6265196292789641,0.5454932516273401
0.44980727560385547,0.44370144702966785,0.8913139356064557,0.691476134297598,0.570438240846805
0.8024240245421395,0.20117523228887946,0.0800634025289656,0.37262707478332396,0.3307794756389682
0.6925596358393377,0.28676687755788366,0.5596168556447239,0.11060446092374196,0.32200253661444866
0.14709957157059655,0.7828486179866575,0.8455108108405605,0.5040614086965532,0.6841031113274699
0.7725125242355952,0.20941767082185425,0.5370834555901035,0.574414778894812,0.5298962268224348
0.813285790859203,0.18690729645011817,0.0666598298233061,0.45751009107971935,0.3951551803382836
0.8725324660476926,0.23260386214875595,0.11550586615646619,0.3902227182015817,0.3345517818480721
0.3253228566137699,0.6693154163635017,0.888272196511506,1.0,0.6678339450205897
0.9734992036556462,0.558953240270377,0.3363937234029094,0.44074584399471095,0.5745176402660913
0.6032229908166715,0.5027834418466806,0.1444364841550776,0.6069147060746993,0.4383136983187178
0.5353424491516419,0.29460333294045604,0.2587050703242867,0.5628768579090712,0.37135765383235264
0.39117215236333414,0.18381288948181496,0.5769361233448397,0.7585373099428138,0.3690955749279617
0.20502020794230985,0.6560013546531093,0.34114932581968305,0.23258834633502337,0.4991941267258049
0.17065888160824888,0.8812580677630116,0.07787898909129076,0.8460054341446445,0.5827371556798059
0.438606440525072,0.9255830091902718,0.5030437475570214,0.26457790929036307,0.6241652741760257
0.5516383379864599,0.43764630265760207,0.3396926184795871,0.10213371667438324,0.4240643443412715
0.811462246780283,0.4539588330478598,0.30166224163114885,0.602944055592704,0.5079524856807142
0.34508385746297454,0.11750184021237331,0.2519982216440717,0.7149456089663309,0.34794378418056415
0.595621442323582,0.9444636878820379,0.21227751528551442,0.54109360653115,0.7506946141827773
0.2161586123461567,0.5368591465026183,0.9365702180708392,0.4760022942441034,0.5207820949740274
0.6449000367748081,0.057094760509883935,0.6728258885580842,0.6066601378014029,0.4270272317789605
0.43414382845485444,0.5016991660064248,0.7254681684501628,0.7775146944205149,0.5416654005950534
0.5867443575743857,0.8183606413952167,0.1716781950432169,0.7600212965744277,0.6789296291572771
0.768965027701669,0.4381116510332952,0.8177884305894194,0.4755996052776917,0.5920534834060235
0.6754373204884979,0.33799878102849,0.9068665773398359,0.7203673354670483,0.604124421304262
0.7099133870059284,0.22673422689836142,0.6019813529744524,0.1444303322938109,0.3953555444829103
0.46953882751444,0.8985969105689701,0.8962567164715789,0.7819373268139406,0.8101798125097793
0.49421961671529646,0.40874376280852787,0.4289189594937103,0.46329578326099896,0.5686709229808621
0.7564739038538865,0.5597174359283135,0.35900076807926373,0.35569466002420036,0.5791433168715405
0.9041589742539861,0.756789222902397,0.3320007021176792,0.4341590064881659,0.6599021250392815
0.6817286009112904,0.8733108732577283,0.041644022339980324,0.8263689487069494,0.7203840491124773
0.32788104703297904,0.5552958253281813,0.5275796224253504,0.38002747349097865,0.5041619429751736
0.11588064416074527,0.5170062832097087,0.5295726807126748,0.5397092438201603,0.4046268467761839
0.589135985724713,0.0727362617771965,0.7901313737261083,0.5677208521350183,0.3645146264460751
0.766794886049787,0.6618603122150055,0.3555297971520076,0.33948437643940027,0.6026268617985198
0.304486910048804,0.40640628680099544,0.8512611673620603,0.13511270006323153,0.46232605132248233
0.6953195847912866,0.9032736222389142,0.0985468514129424,0.776447822030579,0.6263488237964325
0.21740626894925624,0.012577812486195383,0.15396323866650385,0.09881964789912281,0.1395938310549681
0.6321710340309202,0.8868409028316071,0.8888550983934195,0.6399696138972348,0.8052680010043225
0.5947161522909205,0.8577641457860294,0.47410207584226693,0.38619190390434877,0.6203573481643465
0.6068479496085594,0.9437741203448161,0.003830290500322575,0.6084198244043543,0.6318444130516735
0.7636356748276042,0.8822057372269906,0.43388804848547946,0.4419309585070356,0.697700382541846
0.6286130121187251,0.17421067507139099,0.9628916341780376,0.7579288769408132,0.5184063625915016
0.9992865690490967,0.28684664564719997,0.28045506476005533,0.37029427921272573,0.4297022385936794
0.8135560407461744,0.9057567906364479,0.9750871697076813,0.443507833818586,0.7934594236466742
0.35851721317735674,0.5113390897961327,0.8066858547635796,0.4126131515846016,0.49264532542587003
0.35853192538936085,0.736794568710197,0.45341623062426806,0.6725197695247311,0.481549238919205
0.6389947852815855,0.27441172100037514,0.4000296359862914,0.8194055066383755,0.5360717740961186
0.3996609529342764,0.12495656608401806,0.10655124721611298,0.38944152909860413,0.2724606805789353
0.9654502980290022,0.31284462800566815,0.09804453811093983,0.13100840219710752,0.36612718173792275
0.6650774434018913,0.36522792625688194,0.5354133355114677,0.7578191895055586,0.5639631746070097
0.4836864645916312,0.3337042075756299,0.3164687840614986,0.6903779675131435,0.42819475717853256
0.5819235171322044,0.9357492615245504,0.5976131909324605,0.25362534949056986,0.6885733135244476
0.9777200817555627,0.9657704438842871,0.21526904578583428,0.34756400443184166,0.7213596503574188
0.2119907871520797,0.9621958762779913,0.2899247626330286,0.36676455264810354,0.6108066707381928
0.9266693773988091,0.9041136604795051,0.15652921341574122,0.33510157524870005,0.5696790491395084
0.35995547302976216,0.5856041678395072,0.5913517040532095,0.5964979550486138,0.586928191418133
0.3978927528430627,0.8374508948347339,0.3098656494084847,0.5462402124318672,0.5954284660090854
0.3040827556604644,0.931490386918926,0.9084101072685695,0.3092102961019334,0.6031136044926739
0.9186280255483996,0.6338894618324419,0.0719067173164456,0.8062259856329332,0.5722846712484302
0.3834568557268835,0.3063987983619578,0.15229024706765526,0.45067470834760476,0.23954601919744228
0.40267728497237476,0.3286043394798427,0.2849132525524358,0.3667454226220741,0.337778349809751
0.3390288384766239,0.767233394159223,0.20588731076659939,0.361754760233071,0.38942937456436705
0.10439601941822675,0.936661304584681,0.1062785115705358,0.39383819552077276,0.5570195824531603
0.5145242956252,0.9007601624507324,0.9300053777910726,0.6829253360501693,0.6654831593230865
0.20386266338296732,0.8015394607190754,0.5293906213475335,0.6002907340126667,0.5771136196450583
0.6659858299719746,0.762847902346479,0.765270524116957,0.06665261728222652,0.5623001188047333
0.4394609126058192,0.9033360065227052,0.06969069673011963,0.5764625092873114,0.6546185616926742
0.4414290383837679,0.9108342269897538,0.6153478406285743,0.2680383738423672,0.6224011787812694
0.2892485601116752,0.565888605101759,0.6155526231931792,0.6898441796327448,0.5211709041181476
0.35361248275833945,0.7219831469516448,0.8618751490158082,0.21625798667388196,0.683203591628587
0.21587899363124993,0.9476236585206671,0.47517086602262826,0.5090183471020447,0.5816583015283692
0.7814702077137725,0.30564849683618345,0.5929827009674321,0.3838190196150039,0.47452934226128307
0.7869654207975535,0.13650301208358218,0.22867075138460335,0.7830147642322269,0.49616839020784165
0.10638687924539847,0.8193982309664928,0.35982490063656647,0.39598372547446753,0.522729045929453
0.5580476029083576,0.3190439298728074,0.9689678620822997,0.8740264433712919,0.57227041289386
0.8653865389110352,0.41432701402020766,0.1123860493222607,0.8137372838798225,0.4862091351330899
0.5919534456973039,0.43604697411857907,0.7486721752509908,0.8511778978650495,0.6437157853153238
0.7050543872618369,0.508691940729376,0.7211227561147663,0.6647176574896005,0.5644883721616131
0.37288737438370745,0.42944789707870257,0.4707059473159374,0.7772893992219074,0.4888678253144146
0.6217634034457947,0.6670368571253539,0.9115768872630525,0.319553138808671,0.5614449397129795
0.6952151258892959,0.3919980438891485,0.3687029240039613,0.6077427727641296,0.5688293275327795
0.8522995673136182,0.10127612383100637,0.6758926228302107,0.7364279760781657,0.43652969588970153
0.8790805327354587,0.24134970383749987,0.0785362427927987,0.8292060334326522,0.41644585699701986
0.8351140326169127,0.959592147609234,0.792662476751617,0.18395806180246524,0.8712287981746066
0.7594301654837263,0.6168847559651816,0.0029117178337887406,0.7758178308351263,0.4873862917378567
0.5011568388125822,0.8361186155450426,0.26496706155544303,0.6698290392426957,0.5059152302012375
0.33941923905592164,0.5908158748955077,0.5057728338692109,0.22299016080245637,0.42420999555421446
0.8157590641429158,0.1354945189288448,0.4475699505079721,0.7472001138609644,0.5003785806811544
0.5354172069245168,0.49044909673594994,0.11974678850053189,0.6375489544911422,0.49207127068285367
0.4635786549727752,0.4601171832033255,0.0151741990464217,0.7497580219861458,0.3440872043549658
0.21791315678541906,0.6009571949974972,0.03429790130331167,0.37825198127641657,0.3660462257790481
0.5695689032118232,0.013409453872123112,0.019446258419546614,0.6825331059889062,0.2609379700396382
0.48949037353737435,0.4841844983225968,0.6481021272610714,0.04797339191053482,0.4781911972426393
0.9951347684997461,0.4819861868264059,0.7560042417740771,0.7420469422423918,0.6884069632216294
0.6332346945114368,0.8355717050906487,0.04366092871300853,0.44094385306422523,0.5439629887080363
0.28125919251449866,0.959024175972966,0.6134018465221711,0.1811797561227179,0.5935984867507749
0.6976906040331019,0.5280474490037993,0.9694414691322568,0.31136805096296716,0.641390685428281
0.4672364154425349,0.19127737103739706,0.5171179308569195,0.7183799372993429,0.39633831553645665
0.20194277775821723,0.7728805774635181,0.4918678219172068,0.24094793861980485,0.5654543046006991
0.5337954259595804,0.0704606776669583,0.2781436404489108,0.4390366194395376,0.2706841468876547
0.5147818617426868,0.6713044235642798,0.1621833724078774,0.5715907631132695,0.5133566996911976
0.27770393538201854,0.9841188838262372,0.7362539479604622,0.8671397371341285,0.8288068940150928
0.7972056434636184,0.2648163217783188,0.9335931437012516,0.595339753323798,0.6124658113071846
0.16942993667745493,0.3061959204820812,0.6556294121143175,0.4202655444361021,0.32417959258631696
0.34331373144602595,0.822760243032332,0.5183239230398234,0.20702197681949733,0.5229764751483307
0.7633571658797577,0.070101480267442,0.8645413415820836,0.21047816881453146,0.394695320198945
0.6617728656066434,0.13203517688999555,0.7562335898162132,0.7486449683912646,0.47268634700327694
0.8981483855220633,0.3783475816826469,0.7497257467835433,0.6945221639661174,0.5736976426852061
0.687341813693896,0.4560995266625917,0.39777335153103965,0.1595900651129416,0.39153139014526783
0.3052903401121466,0.9222233181548601,0.5925681827648268,0.20384984856952723,0.46981637901368534
0.9230735384218505,0.11305296783451013,0.7574251033733248,0.47148157574716815,0.5053327308009489
0.5875842879469139,0.1310798617047031,0.7661571015827779,0.6048815629612043,0.4270654441677537
0.1744644731383644,0.9150833333580748,0.29334862667008954,0.11440107571388036,0.4608297524277756
0.44484802170321325,0.794662892397889,0.45631682055096234,0.6464442920301204,0.5895154450783754
0.6504901080814127,0.5657473065511459,0.7147023163822577,0.7600100009890683,0.6140810191951387
0.9748481271611394,0.859324951070476,0.1100177211275436,0.1895032292436376,0.6292433330138191
0.4981543666733742,0.04606916967546759,0.5438779211611176,0.7656794073156963,0.2756803849549745
0.7262934169316365,0.16457814471350285,0.7536805155429904,0.7064128093839973,0.48777888818263593
0.8429124932166566,0.056002308939000156,0.48010782795228635,0.5731008510169281,0.4084079789773091
0.8680561601832475,0.9143404426664835,0.2652850890860524,0.1714969151725138,0.6588050850317222
0.14545672374905394,0.043881088368743604,0.7203732127322029,0.637626141788277,0.2997481275285469
0.7029581417732963,0.00040154402533987277,0.8058911691968542,0.7679899523649917,0.335274992781654
0.3886409484858645,0.9639160120731884,0.6415796812433943,0.3943944434059803,0.6513597503119544
0.6938828801461351,0.4315843291175092,0.7636030670880136,0.4074692866593261,0.5973747505320427
0.5536630717735819,0.5448816860293935,0.2835071902709394,0.7616125258669217,0.5478232523751069
0.15782745065914994,0.642776550059865,0.5876847503950108,0.8292276641568911,0.609816649820955
0.42770895115735486,0.639386421454098,0.12903640888942491,0.5343619472858974,0.4483601645252199
0.702972931686991,0.07198081846332172,0.25668059165026347,0.7829028844819111,0.468815526710815
0.1280922043048728,0.9668655502933936,0.5265949425897893,0.7018674063482535,0.5878162835695653
0.9753639439892973,0.6068265635885829,0.11992185892713014,0.5805640541707016,0.5582585483454441
0.5788781415442102,0.48235620858275297,0.7028664440501013,0.2697586970339199,0.46143855644776616
0.18807130244480502,0.5761593298259662,0.5536778335394333,0.7029435657568107,0.4614915549241475
0.5613185943317905,0.2677743146041175,0.4549507768419997,0.9851054176849767,0.49429963392260856
0.6010138474135782,0.6457592922613059,0.013517271699720057,0.7223919099753594,0.4991364751913697
0.9511972453076148,0.19710603882365219,0.8753632399007607,0.758948151727027,0.6868890695265577
0.4510774349021923,0.19454796969991128,0.7316795987874818,0.21271889387571208,0.3507300077229905
0.270169888400514,0.9009077302669907,0.6741869488296138,0.6218991056451815,0.6866084424278232
0.36850396922874895,0.26302583574278404,0.1636084208437122,0.2683965740073142,0.22904829670757124
0.7154890670469757,0.5018402425556384,0.7779445274703211,0.8271219128898247,0.7228777693883626
0.392876452614347,0.09473891477934415,0.9758708627835366,0.34031052152680286,0.29598366027401274
0.26485257468546336,0.5892857278628512,0.5599936714635579,0.5777846670510829,0.5459656922181674
0.9055304729680932,0.686024223935891,0.24990172163688984,0.8184309064078104,0.6481809234122069
0.6265700347358945,0.5131700163305644,0.4956907702287139,0.4463981421219611,0.5085458000457292
0.49040044696643836,0.35579312782099304,0.5161348046744978,0.5085898382877292,0.38895202557726927
0.37428482151759324,0.18180846566694975,0.08591038820282049,0.6109622941739922,0.3183354476752836
0.26921414547666006,0.6531367332918554,0.1484831830052844,0.6298697400316917,0.6006472771547575
0.37866862900256126,0.6637343606939384,0.665784401468871,0.16651970125554982,0.4179922349633737
0.4884941927294051,0.8175653295445969,0.8429499931391071,0.6137733632567398,0.7192948194887792
0.35164128938061867,0.127408071695429,0.6392628831813628,0.6640030809880826,0.4433346787807687
0.8581342004364898,0.7606065813900618,0.1682110924335416,0.6570954052133753,0.6644012149824914
0.4934332945405312,0.2678735828174408,0.6040049977395001,0.2521222876153715,0.46067484431093325
0.3884382078899926,0.9962968042452258,0.8455511954968996,0.4542553397798668,0.741686344328086
0.43610013203089193,0.38353451243397696,0.8366202103676581,0.3190352028956412,0.5503726880275648
0.36227362480844383,0.33616025774451985,0.30846921258268634,0.8055027084521466,0.41372022555918625
0.5474505526459171,0.6674155305338311,0.01276542651789736,0.7848032617683962,0.5889772513335382
0.14879056978539376,0.7254780340154869,0.08105956387760316,0.30281628105953123,0.4387328458051967
0.4788068758833034,0.9614175778465733,0.5992775178235918,0.3880913856503941,0.6824888521687799
0.4031629313024374,0.5694823881365918,0.8611135200614256,0.4601493082117486,0.5969866692430528
0.5557154979527311,0.9715163568041392,0.27623894162314355,0.13574986166392494,0.6163338585806444
0.4734979825336788,0.32694210025469495,0.6066893231978858,0.8253706719491813,0.4670256892631214
0.5943416440135983,0.7483608334286197,0.7839285884528,0.31849112872234325,0.5917116846305208
0.6043138069152911,0.7286151567927769,0.35484572343065823,0.5357461365683299,0.6800107316261433
0.676434963827991,0.2594491710680763,0.08464875358462898,0.7707924698393457,0.3899671375186724
0.5105428670078402,0.4923575945294897,0.0366296975988194,0.7492562177858753,0.43329574593151954
0.4543136973915516,0.19187318440450152,0.06121665814357202,0.5136597395588752,0.283856556679214
0.9652011680753256,0.4589697180653488,0.23842717895348364,0.41423018461318056,0.5374606850552496
0.6154145342710206,0.5005808894482987,0.8555888940755634,0.5331997293508635,0.6115318198574787
0.2697690217816674,0.5078974160033809,0.5285842014374423,0.8602964103441262,0.5746482361960756
0.6677659347806005,0.34958519578439207,0.29267144575942416,0.5377686311160301,0.3843229506893052
0.8385774043190309,0.03769739042267062,0.36716962569502265,0.6835200602630878,0.39993309856827725
0.3682353988850059,0.4120965687081146,0.22377838627097624,0.39790945922234217,0.40083051876639814
0.7349469867411614,0.671779270254866,0.3943411463506643,0.8991370418416904,0.6940424186160605
0.8421637175208037,0.6083500465316787,0.444352196097495,0.4111040150970907,0.5897842760634524
0.30818276403606415,0.7348505204996011,0.3045753662885684,0.7504633620926051,0.5380563220429615
0.9229975565386045,0.8406326448191253,0.8476403295092552,0.84202672104796,0.8737685755166514
0.2900874327291565,0.31318205070363514,0.17884106850779935,0.7785849689288812,0.4166332386311907
0.13517081740175968,0.6385437274019135,0.05059685367658173,0.7573093927243996,0.3935901520951471
0.24151209858481015,0.6906227420813416,0.5134344971258201,0.27907210185404063,0.49833274270411304
0.46549898245230215,0.11267352663479002,0.5768832749769458,0.8034371761030261,0.3853561207804042
0.8540859431074265,0.8827816996264968,0.9220488021271073,0.794507326786909,0.874078574751769
0.39942116172340303,0.4382986080331659,0.26269330988000517,0.550249969612929,0.3732548882789206
0.5351698606284744,0.6854405223712914,0.7790053939240377,0.3306539584302549,0.6176525074661353
0.7779816386913314,0.716325343476028,0.6693854236698692,1.0,0.7581989474316987
0.36911141164841144,0.31659806041056904,0.6712215563463176,0.4703127420642594,0.48751954527406727
0.792795076647027,0.5613558241893379,0.8828364906780791,0.6766050304052288,0.8342921461124686
0.9408428123174892,0.5227306780568546,0.2915881281611573,0.42659701678170714,0.5336805155374205
0.5768880629663855,0.6149030145669361,0.48242360159472886,0.7180071037695981,0.5877782934816413
0.2524568496684207,0.6208188035058918,0.7189907568532331,0.8606427097932258,0.6381733731182829
0.8942231754488219,0.5823955084085031,0.12684392689259716,0.820200253846801,0.5945749144687367
0.33818455449888535,0.7112658247104531,0.09998524748377668,0.20635014646714567,0.3888895965367218
0.8162080580588518,0.34021623845533466,0.006525410428886991,0.1646329415713374,0.33281171414694544
0.1300838797838995,0.3667520764259401,0.23707039117417805,0.7234254681293744,0.360095865281064
0.23012173921562626,0.6952584007554335,0.14214085359791773,0.44993235985044855,0.45039994437451936
0.9377495777582268,0.005348988694222845,0.7482388061809001,0.18372962984309082,0.3325235467337511
0.5881479041713948,0.5274564637217322,0.14112611829932187,0.7233042951529484,0.4655950098325127
0.5647999077125394,0.7269779195284309,0.5798342382810904,0.5481046000106614,0.5827408359023554
0.8252719348006557,0.989736597712271,0.3773876249747763,0.3404059302682427,0.7008784765735292
0.37237630657313314,0.6623718599127535,0.15828305069937365,0.4238124371028241,0.4751165915918439
0.5674579167551209,0.5650325249759498,0.6696839724632725,0.21030016162036114,0.5386450639637929
0.27679718370050727,0.6138459450077243,0.08771764171996432,0.5530334564354411,0.3901432950826365
0.9843210306929842,0.527834037561274,0.7879309384377668,0.8435314809625102,0.7843408510447538
0.8721253650192109,0.29854792598216395,0.9237431312666485,0.5751957662811467,0.5529184305995983
0.8229741161662302,0.8972984957497385,0.5182183156359275,0.451574164806917,0.7151762761847024
0.6746095635869294,0.2868157472070312,0.2936323917598742,0.907221718484882,0.47454620306218814
0.12195189379908707,0.5814248948690871,0.5489325244993376,0.463695013631142,0.38783839015269383
0.9405562047244465,0.20341300219831504,0.14689416391293275,0.743016722875089,0.4897606621077728
0.13403812289683179,0.12305212359032491,0.986349922944162,0.7282607836340569,0.4017212885444084
0.9916413027607945,0.24761708717471853,0.506456377036514,0.45383675984343175,0.5199171264450492
0.6535821586329895,0.4811881514751025,0.45950226657031745,0.9130415507866506,0.5080133704346115
0.9464835709926529,0.9059439679262645,0.566806105010466,0.2748800863366322,0.6433856257969729
0.601059076983296,0.8547406185919787,0.9295830945975689,0.3739897550173503,0.6577804840752847
0.185550883149308,0.200469047766359,0.4134657667101601,0.2337482074726399,0.2335752002290694
0.28672249425298946,0.9058501920987956,0.8385492070247931,0.5536936100153749,0.6580533607104629
0.49555700240279665,0.06724063405203662,0.464689468445165,0.7416801574483114,0.42563761868023414
0.8797846626088806,0.033323199439508455,0.9127873853865254,0.7320759858116139,0.4762669929981879
0.36617755115829653,0.4956539208832471,0.4211189044340816,0.056916879837532824,0.3432765453676048
0.8937129562871136,0.40938913118341846,0.28988067953385965,0.8040558434871853,0.5481303097837388
0.38473786664891463,0.9731447114269086,0.19371705077629786,0.6736230922779458,0.5711455344080446
0.855287157735513,0.03199446014432472,0.9401798347292414,0.4088235753885949,0.5023511536280612
0.6884001306605407,0.387050011934887,0.6472222833978555,0.7159739260661,0.4720650502710796
0.6077753126188707,0.4941576035518044,0.7318732530627201,0.25595659928672937,0.5094771896377471
0.46013974557885906,0.15049549807258555,0.503570074403555,0.4734439487481459,0.4161340456556648
0.8638908267531828,0.7060581146380308,0.4904544085197847,0.752075612035871,0.687317092323154
0.39209869875783354,0.7816870977663974,0.7589957624907276,0.33924973585932927,0.6093191021451452
0.21731651174331262,0.7960685253969374,0.39477531677168287,0.6043845442172671,0.5606554195966068
0.5837443783059111,0.04929966240916994,0.0023474738674531537,0.7791654206093526,0.236833011379519
0.2023857629240945,0.4109606080359033,0.6478370386082265,0.4147237834766355,0.4454947467227115
0.38440425057975447,0.31410981908937075,0.6334641192357726,0.22682898575342783,0.3334458349563872
0.18545828267649792,0.7281833571884823,0.32413517383279633,0.7016736923080058,0.5265508609438598
0.6267347879588618,0.3593389905157872,0.47535906768086855,0.6389764133946356,0.424689166472758
0.28858116155511315,0.14510557339645025,0.9043811346655234,0.8627291201285464,0.524765439410622
0.9551900852788872,0.0632626718206748,0.6030138633645882,0.603500910933479,0.47555637233717957
0.9997671450322834,0.24406401096725128,0.7633076152122106,0.045208755726414945,0.4873093288462728
0.9081082942968269,0.12851566844411644,0.026158342323419848,0.28885578736213946,0.376383086330472
0.9055900261596199,0.9826524114935692,0.6370475535036275,0.5790801288760393,0.820241590470126
0.46972810090871264,0.01837165453810441,0.2705217801718466,0.8463756127731065,0.3858554074641282
0.7194636985845295,0.21972275011039688,0.43867169680304885,0.7669622632380284,0.5061597552414788
0.36790634403356115,0.6597636404530838,0.13698222230952783,0.7568847609468433,0.5291198642506206
0.38335703986786185,0.116804107733952,0.2731596203699451,0.677840030561496,0.2415438995271955
0.7347759782823345,0.7354365938921863,0.3034962317890152,0.7791558437430735,0.61415458144948
0.780884725145776,0.25736545840163405,0.6935098370463204,0.4073778682803284,0.4399854667982221
0.5699138440889592,0.4015417380052825,0.3004887586326389,0.6368606351840493,0.5040607345302042
0.9046822323320609,0.49786918051431917,0.8418087090288189,0.16121242181375306,0.6459919550342357
0.7706303288450383,0.2135673003361923,0.010672287848834117,0.26149121541573556,0.32042108262458513
0.4181297276155409,0.6422096370026974,0.24563157404881453,0.7177778138584985,0.5213939036044909
0.34424325557162616,0.8551094219974401,0.3464692870786672,0.6567956185755225,0.7019249171537546
0.7367705370802385,0.031174909111921223,0.8701966904922421,0.5973365952485614,0.48452552536280574
0.4225262820920457,0.18319824512663485,0.6427736616182925,0.8856366286542374,0.4429859432836843
0.33140665359882504,0.9486540809029906,0.16975849820713584,0.0,0.46793096722376654
0.28838963444231536,0.2408780637054827,0.1298988045368108,0.7654472126727301,0.3417374869304767
0.324963083115546,0.6095285097540636,0.5851947853928539,0.7753664718820152,0.46584268609620916
0.2276599578552867,0.21380121066273283,0.10551364640120109,0.8118894597930669,0.3782545184093832
0.4741968822234166,0.8503769192997056,0.22970231536213437,0.7350672274304137,0.5616093262191865
0.6272767454751293,0.9760783324725189,0.5323043638481663,0.1743597444467704,0.5903657483486289
0.3228080573276062,0.8073456212003686,0.7629929362896941,0.8495366883971097,0.703800352186156
0.6439426471745273,0.19854285886820167,0.49482845662142017,0.28425138964550045,0.4017695805426685
0.3746930771159732,0.9737425820384935,0.6633626109564928,0.24098581693197021,0.6120727789411815
0.3179651010343909,0.17170998897368817,0.5298338889620703,0.8880065962957343,0.34415482165149364
0.9864552847254797,0.028836326921705346,0.33813998848380844,0.6695070480920434,0.3852015250511938
0.880619175203822,0.23360903203623684,0.7783719045454912,0.8359649157882116,0.5965808398874788
0.8115426682927798,0.13354308950555116,0.3105770155507873,0.6535721290803106,0.45509178392205446
0.3590915530013601,0.12027096312860686,0.7035283401815304,0.5715612963927486,0.44873858069176886
0.7378127546607146,0.1144381635168481,0.30543276608787084,0.7408124607586797,0.4646648632450468
0.5807983689381226,0.8238017499205379,0.10314676087836105,0.7572385232307902,0.5747289411065418
0.21357558192361295,0.6778949184960879,0.5720546391813814,0.05961246400923845,0.27756356459970094
0.5328474472758732,0.3763118169549976,0.363189123716225,0.8135190340987386,0.47612416257809836
0.9880271164723814,0.6193482489588372,0.6508663952541407,0.637478897095086,0.6667671212777497
0.9187541541407772,0.9823905545175666,0.19803094663109366,0.15979953836612798,0.6843344768220633
0.16209100783941352,0.9958023677799186,0.2888099699540896,0.656030004906419,0.5899359835081498
0.4013365102421059,0.33030768755687845,0.019725746463175486,0.5410557245041373,0.2861806475028524
0.286554270294762,0.3777968239094115,0.316684356016926,0.28180180039317815,0.3779254988470601
0.7152331826996822,0.0028421536639724465,0.9308981443714295,0.6778955552297828,0.42007392146815814
0.3295785001792583,0.12703357597323173,0.05853660008005013,0.3150279078522304,0.16729283570795841
0.9828876725188148,0.9265477807509754,0.8981238347128787,0.12113034907907334,0.8397177806800563
0.6065472134931426,0.3133676944572782,0.2951088601842853,0.4613174001891568,0.4172152463486404
0.18785688448163407,0.8977958063920259,0.34989546364739865,0.19361149532455088,0.5430941976090833
0.7853129500925428,0.4233867490674619,0.004504480980288661,0.7280124002419635,0.3751866161100061
0.6313834927971022,0.09691732706699485,0.5480214972291351,0.5957993941480019,0.42698508858656753
0.14423736585223934,0.005314169154862047,0.32806968448565776,0.3247073466213894,0.20493180917437548
0.4239226325938271,0.6678062199866169,0.040595985302373405,0.6291482231409384,0.46160095923702366
0.980655370239421,0.010670127006162766,0.6227412763774776,0.3065376272259603,0.37335262979047884
0.9829265402035685,0.6137079695437473,0.793537402228831,0.677677976993807,0.8075429583066024
0.7264282662902023,0.3424752191863042,0.10796244811083555,0.814542721740576,0.43159125493627276
0.6843059015868671,0.16354568682413928,0.03364972339902661,0.8311182741100244,0.32390834073936003
0.40200148152699144,0.9760201575244942,0.8735555762270888,0.4895525537416974,0.6564115940282289
0.2148113362278558,0.9033011273887593,0.67227882947408,0.6876233051793413,0.7228200851435208
0.723888587996981,0.07091619143856953,0.18936087579186278,0.2578928648571235,0.2855970584976446
0.9605195707081321,0.6982725935305465,0.20777062943972835,0.6982748307135757,0.6325193043078041
0.1362971449463617,0.20113654259037728,0.1786288767542995,0.4096087834837323,0.1354408820051389
0.6548147904059177,0.9859226589700177,0.6399563851145704,0.6820043298196719,0.8223404914474508
0.7720689770183438,0.8577655483724422,0.494982794712461,0.8397397023459234,0.727091731466412
0.49710670218254516,0.0650007889488885,0.8253084024229824,0.7891861009608584,0.5039255876538996
0.8227680781039703,0.43180510078591205,0.78580848424435,0.5696136241969568,0.6053966764934032
0.40180441451338933,0.607959350832342,0.5757852108894116,0.7618088016207432,0.6102732003427986
0.6819590202917998,0.8300326836280747,0.04927365358277147,0.4158756050937543,0.6192350627174513
0.8500398619884975,0.3480269631887193,0.8921529168699609,0.4173165664143021,0.4557360784134156
0.8314237390382042,0.13260399074681106,0.23339626945812697,0.904751363708763,0.3043086955597606
0.6857224211290417,0.9678623511632131,0.8629710273321443,0.3290575160406507,0.7585431615467031
0.49333035290479377,0.3968893930890396,0.7435442696372946,0.31597336152044314,0.5357336567459888
0.34961208555216633,0.5002314789258019,0.160603146429649,0.27202817150313663,0.2986282690747669
0.16001407032672213,0.8296686802650951,0.5623783803844021,0.8218148773194913,0.6919395034170414
0.6355417104313851,0.09019570020024437,0.6060150024794432,0.5918031468679986,0.4371036055176691
0.6198952930476973,0.35781327970260957,0.2754579101381702,0.6496702144362775,0.5102543596150466
0.8649888338521093,0.8462873364864602,0.3563666377550566,0.4267346749425263,0.6808037018982376
0.31735560417045516,0.5097231716035652,0.37995995225975254,0.5365394241925141,0.4487021589938325
0.5069646454240971,0.13351555135281956,0.04795773243698764,0.7373533683411768,0.38463309397734646
0.23487651899789647,0.5718287711826909,0.25364247434137555,0.7606617702255344,0.44044676365589197
0.7281746118312522,0.001579421077911869,0.8715072134906348,0.42952102021410343,0.40174664051997444
0.5050857417317735,0.02213445102949707,0.6407102247272215,0.34203725474448243,0.2768553523176674
0.14774129307732553,0.5429263890997844,0.26006274804219065,0.34562599139008976,0.3962157726149243
0.8070999417500105,0.673516786817259,0.11501093682809782,0.745491277000441,0.6937649273213687
0.9206852363605067,0.7389458465787275,0.1978244288413229,0.7591792971847982,0.6947751558600148
0.9659673185426202,0.9014858511007491,0.27038323531065633,0.45939088711084364,0.6203082221142442
0.6502213117885441,0.9640541301314893,0.09557444766260115,0.7941696742305723,0.7524375399071525
0.8037573552749367,0.1556479927615908,0.3919411897884374,0.7001964038132962,0.4401578531521846
0.7485277774335737,0.76576332104754,0.09148295792964711,0.042637042895820265,0.4869023282381625
0.17778216920251366,0.7992380942034581,0.8986165409434708,0.10306062466291702,0.49389393912023166
0.22536702046639076,0.022272455067223862,0.8691216142810346,0.7129797143083265,0.42341960614140356
0.6986081603022541,0.6908535043398134,0.7869686484367422,0.3691790026572743,0.6050131536866026
0.9306370702905459,0.8840752963101848,0.45208851033897246,0.4729608824555759,0.6695336296842103
0.9309695574429365,0.4573166098928203,0.8461938661543734,0.2780222052548149,0.5239796944909187
0.6952243542951752,0.10779224736554127,0.4875816033967161,0.5286400376181534,0.48007985091262684
0.7120414507368429,0.635156988863935,0.9095554284372025,0.504056454809536,0.6620579312682955
0.619270579421534,0.1521746018819179,0.17664302987046954,0.8853441802397194,0.45890443092829897
0.7067729049535006,0.80426115437845,0.6591555446001344,0.23333698512608783,0.5169170237175569
0.8223080809137616,0.8457085817167271,0.11551790010698215,0.14295259760694312,0.5450739394224837
0.7115966529154155,0.06709373262987872,0.5937057829514346,0.46149446390313786,0.40568102686806556
0.4774490483677174,0.9654106993686116,0.6838430306453614,0.4331295935237713,0.7521616279320008
0.927134449325804,0.8999095433546718,0.448160873369002,0.42865256818929615,0.6454227540615194
0.2787855874130252,0.280709742464594,0.9993162681897128,0.1118844855097926,0.33057905813533256
0.41005530405465695,0.06154303413483686,0.26997363685546205,0.2412665023181822,0.22326118265018088
0.8241775276012095,0.13789494241457656,0.7759768498152423,0.8180739887430571,0.6097140746726145
0.8626195485184301,0.009538954025544943,0.4028900310500486,0.7240114497721861,0.42206512377118255
0.9347653141370421,0.06629018744655024,0.36680588514000567,0.8651444460942959,0.4589085171599161
0.8914572939752959,0.4877188683153695,0.6306361905296505,0.39763580232011836,0.5374802715412177
0.8897403175583392,0.4181315997936227,0.91101569997922,0.5201931669539543,0.6318818989473555
0.8507004249396926,0.7997627427952397,0.34546115146826883,0.15378092841521732,0.5099687920785317
0.299344193973676,0.03479919986835012,0.4092495737853973,0.489005773247546,0.2230765174443597
0.9523362503299233,0.5048748150953071,0.8871065125186705,0.5709513967220051,0.6086061418533648
0.5919630813489215,0.553490270198824,0.4963989216770842,0.5459233444310498,0.5378260365469973
0.746743366621176,0.2137366879819107,0.19695363020872136,0.6575877588342063,0.3829314671835797
0.43431700540102436,0.4489117225927901,0.5371693216040289,0.3530870340675912,0.42427878971990507
0.5366187169429013,0.9737805009789289,0.008198321130962194,0.5481006203954252,0.556746450815831
0.8296574187073714,0.947170616843394,0.13593274736732064,0.25044584635017964,0.6214605267569291
0.6345465588490647,0.14840169648621537,0.39884141194697065,0.560323119662256,0.33284365132868915
0.3840882642840916,0.08693956069225417,0.2229500085577536,0.6699735282081168,0.22511555326728924
0.3374254674517218,0.012069935300617951,0.5189373642647569,0.8443397950636057,0.35003401363732667
0.9221598701481171,0.4156792951628686,0.45949577486441007,0.32494463672953916,0.43402509904757147
0.6833320687440801,0.7482071183951275,0.9059736635092605,0.8400940034806945,0.8270338891734252
0.7512226303959828,0.8059701286709539,0.28949786511971964,0.6174167226761952,0.7463352911367235
0.8619050529651567,0.06386637334102385,0.031620038237463954,0.44418011277460734,0.27977292166200923
0.38192566643993975,0.7536661379095813,0.22006625478469177,0.29909581870356616,0.46658245201033394
0.6610513483243428,0.6657154352571405,0.21374026206112196,0.1113677395004002,0.5560787203301027
0.768999622209091,0.2520698868501715,0.4541674701677638,0.7186990209724664,0.48698751141770047
0.5031959092019813,0.12077952243257872,0.4261152788307795,0.12018926616297357,0.2332537950179066
0.7606661779052902,0.030775178259160096,0.6174627479132213,0.38812027368678653,0.4458799488372803
0.19092542184213268,0.6097081955367598,0.19648265240291862,0.7292447714705894,0.4402743321289966
0.4251397495653906,0.21336306803297123,0.3850506792036167,0.6463981925236021,0.45463323558266633
0.8254105394396359,0.2532074816423574,0.2489289877145937,0.42957569935102646,0.40946925203047296
0.21446307029519823,0.3985592241441276,0.1701526411445169,0.41403864861215456,0.2746261211384743
0.5817274611663782,0.7047955999252955,0.33916453252503376,0.16706024898376975,0.4705799987864611
0.41611944905499554,0.8119814906857101,0.3195214518074758,0.1769592089590531,0.4468936016872428
0.2053405654356935,0.18492601877281745,0.11358731737867489,0.5256461784536667,0.23851151052645536
0.7449687430318283,0.43728164824461757,0.40354862081368836,0.40210927478505876,0.4284846252488328
0.24204765356301075,0.7643240002067037,0.49267433031100294,0.7083910292877904,0.5734658124196337
0.4733628459044912,0.7678609231258553,0.040509172941321836,0.17497638343429256,0.4290245390107477
0.1328683414432365,0.6202886525885849,0.2942937739887408,0.7164312797800548,0.46373762183600303
0.31313163470839234,0.6273170783579646,0.30148841535435944,0.6757689666013025,0.45617120503194103
0.5808223996483448,0.8419306744792533,0.5834220151830017,0.5179543557862779,0.6478865015760221
0.9492086954412793,0.04188039383877551,0.5030683226320282,0.4770022487130708,0.4103252225249029
0.4170721189390839,0.2989477280797803,0.55982478888279,0.7804297595297008,0.45941660231333553
0.691477895476056,0.43902924398044796,0.04488101647271803,0.3941569881002512,0.4430350434685105
0.7208389641958857,0.4818372535762582,0.12434531744241073,0.9912005469052698,0.6182148747685134
0.8353919197023534,0.8610088213080136,0.6156243966831266,0.856025552953093,0.7082317567467757
0.7226621919513714,0.6373924979351349,0.716354482874087,0.47336765676571524,0.6282900904334081
0.6041547060106226,0.15382592450741095,0.7934365818873615,0.49179469982378715,0.47301626529325963
0.48595511376765166,0.3993261463915103,0.1847139095698832,0.08252784187909111,0.2915006305179574
0.108730319430738,0.14004481213422904,0.32208057531626577,0.12487444063053264,0.1741021324143997
0.4285753059559607,0.912584217924823,0.7805218027570218,0.25928122348342875,0.7296552572048457
0.8846796212658503,0.6873744176977976,0.1115823131332414,0.6770348436288482,0.5533351954286717
0.11757031362819471,0.830689605198014,0.14410396303296602,0.4072282430232147,0.4825719987476748
0.6137677229898815,0.5270709385134583,0.03820278375739106,0.6137381097628914,0.48394356733752536
0.6348985605339362,0.5936105444464144,0.16418496405635874,0.5635894006181641,0.4833849153057911
0.1965710893336053,0.20604856021288998,0.14755184682869993,0.29726841853547964,0.28246602083485356
0.5161253025229653,0.39006606574762825,0.8635770031391459,0.1800556284111945,0.48975740894830444
0.8033708165797604,0.9308076723447618,0.24575031218588783,0.5370266834753804,0.7173680819879351
0.2531172946452481,0.7618872788907525,0.7734740178227679,0.3568341084002734,0.5969671747265058
0.8678556807820502,0.26459711188102997,0.5195018547649811,0.37296333032388307,0.4565338019064077
0.7976448356760433,0.8036351471536934,0.5316007490178934,0.769318237213922,0.6766144891172957
0.7105773265423411,0.6077091118319272,0.39397782891724353,0.7256577514891216,0.5828321132362555
0.39587138951464595,0.720433702225778,0.6437706081012446,0.3176490437635032,0.5210462048132715
0.7962826555498007,0.4556163739668406,0.6119040847673242,0.9459217839471992,0.6073725572014227
0.94834873914279,0.8179847710772054,0.5876944695313122,0.6220624674739883,0.7262206145339313
0.6028564991720851,0.624942275107395,0.09658868249453223,0.6003875442282491,0.4091987849748778
0.13710503259915435,0.2507983351119627,0.6897016423646233,0.5192331364955668,0.4267445388812449
0.4620785804123194,0.16159795595802118,0.11835410132658752,1.0,0.3540606687476967
0.32811141670571464,0.07424685933054576,0.1037747086347407,0.6741980088733663,0.29487248677695965
0.20157234844932745,0.5335214309809838,0.10126518098740966,0.7022221792534242,0.4686274228597873
0.13734937394714034,0.2815096207723755,0.24423370036407854,0.46206376922680126,0.28372681134979466
0.7476025719388915,0.10745321644188655,0.8461191855551118,0.3159507014493309,0.45927770088518594
0.9784635274287139,0.25683157456705863,0.4561272089466333,0.4916098136731703,0.468788527082713
0.9578121512571686,0.5167360449400644,0.8191073261776878,0.14377943037797364,0.5937190606468811
0.4220064332575897,0.9416331814852029,0.7111295180030899,0.866834005871929,0.6923850787151935
0.8306317962512008,0.7418327137286597,0.7369963117270224,0.5424493686431472,0.6977004999623149
0.9373299921113766,0.36463999101378297,0.8576603970422565,0.5108024430076669,0.5200984625892162
0.5654353260554895,0.36999888595997743,0.7407798671606725,0.7686567746753176,0.6000276369964012
0.2840539048235162,0.3379699792404788,0.4698454349836749,0.9167741925527779,0.4305704500173734
0.7602596463591521,0.6250267878103289,0.8540163336687865,0.3616882462866007,0.6402173052349754
0.5390889453982536,0.7021643286483125,0.5132199758278188,0.4610319357700444,0.6178844383309582
0.832870885304429,0.5196678964659299,0.771571439328831,0.5773277422781449,0.6482922952598791
0.2695314088603628,0.3509220949656795,0.9305292676740187,0.3694500947919508,0.5223912290984812
0.7456631998646892,0.9432983972456526,0.527772209068877,0.593469722495939,0.8567819505506722
0.6615000488466733,0.5625121191353166,0.4021311550288764,0.8723080033476465,0.7149787555836785
0.45795607806045013,0.4281135697472417,0.8802479944755637,0.46281698590689563,0.6124454039538064
0.7388242419451347,0.9505920130759383,0.24461627405226605,0.41415321321497,0.7434318931587292
0.3270510636191528,0.5867315273897519,0.7959131424201564,0.34505504653557406,0.5221339258190686
0.6556188258892603,0.404910814269844,0.1983725398477013,0.701400496737138,0.5012320919531033
0.4778833346040442,0.5081637904581747,0.06297140873370044,0.746830079582566,0.4883020795095147
0.5474384342945845,0.1347857849174381,0.49607547850053113,0.39426025362132067,0.33892910781928587
0.28941557291489106,0.31825499727942086,0.24006965310717865,0.3043650864069518,0.3010199908616587
0.4001611182965802,0.21897012710580133,0.49654981360183126,0.7275812468097974,0.32433820406231884
0.21886012969213675,0.265895242027262,0.4384398449615252,0.9371159553538193,0.5076414223152361
0.3086736524945636,0.7979431892533,0.5631265938920469,0.4989084318926551,0.5895024713551347
0.2025507425000892,0.6761417886014571,0.7020971883794911,0.8967973744274336,0.6775392179629779
0.37974709092474523,0.984240716801649,0.831758140802247,0.7524717501731841,0.7166631247897803
0.8288096758192942,0.8372191429586986,0.09328738472196851,0.4719168666355438,0.7046790319844707
0.6393642096794309,0.4763382934943662,0.9328462213602992,0.2002146282126542,0.5043915401326828
0.4378396185093878,0.24158500067083344,0.554866916999157,0.8253550166497368,0.5455628416769223
0.919715437458954,0.8465543224654029,0.12749972667198572,0.718299444964526,0.6500110836518561
0.3622459474186589,0.8227364860434314,0.451407670433569,1.0,0.7041795773427996
0.3304795836145814,0.12034044024305202,0.0985372671677407,0.12251365137620157,0.19452155041321503
0.7610383362901633,0.36717381443129216,0.01888087857623466,0.699103367423626,0.39530258997748785
0.47303288132892396,0.01480886113262514,0.8410449825125603,0.3859790315477668,0.3480675178536664
0.503177672924674,0.18886938281554866,0.26859916150108587,0.526185653652087,0.341662871490376
0.6701817642545532,0.24853574392709288,0.3041552544854651,0.12844870145147713,0.37604640220163266
0.42124356815332153,0.9895199595008671,0.262572371435957,0.2828639379424876,0.5518303082251449
0.7186509214171432,0.6332834823329955,0.8107206729451748,0.6958119945034931,0.6936669944618965
0.9615822518722356,0.31816327042265424,0.2196190454793372,0.612649017592895,0.5247172378207423
0.8294648379277347,0.9765019736460124,0.6446722860722843,0.5033285827857349,0.8350086292636536
0.7493606018590813,0.08812656950055775,0.8463180127808737,0.5702276427551578,0.5419534944298726
0.5206215594984506,0.6264856399707573,0.7952165865303827,0.19654921558152885,0.5778106005410628
0.6085664123320947,0.9487049182391808,0.9022456230962314,0.8241802071555749,0.8615507693015084
0.18864517751146292,0.2651232614457395,0.4950559456545849,0.20180472524682244,0.3436842018879797
0.2615502344449156,0.7656048182577924,0.4935308302326209,0.47459802609830243,0.5992287912269955
0.33837963203221433,0.3498616942224785,0.7083240490779703,0.2862704921990017,0.30338892177578786
0.5437163876333528,0.7857527238867329,0.9475338507334452,0.37157837570703456,0.6498601321199705
0.896207486458015,0.6162242516069529,0.42872514175148146,0.6240326982247446,0.6694650832812715
0.49708099199163913,0.7164762626421669,0.3864937228639137,0.8562239059758266,0.5733718699493922
0.6312080776657228,0.6952741329444169,0.34385357554257934,0.569153338264928,0.6044009079743342
0.7855684358225643,0.05829720386235704,0.998421233923774,0.8572445306155102,0.5714180551114325
0.4566119720835732,0.4066255175499839,0.5608123417775172,0.5632395178970304,0.45213075160228283
0.17041788872202046,0.788118939945219,0.8354861556432962,0.4213561199689246,0.5905337821534494
0.26975846713836804,0.11347363762743912,0.546679499888787,0.7842847753891125,0.3691889073948117
0.5546476164639833,0.5313307926731757,0.8055808264412336,0.2381352834580285,0.6004813854682327
0.14505807438396492,0.8736338226347001,0.07555449376276957,0.48162218725571926,0.43697206622154466
0.8886825729239579,0.29797979466226954,0.011871346669359295,0.7671742482191872,0.36698155369267393
0.6531770071490517,0.0470390534147479,0.8791102238929648,0.854894937661136,0.5483417498722897
0.5942296137173061,0.9491124568882471,0.9986173191643847,0.4782027387574128,0.7482740519754245
0.7878197990978305,0.539615850601837,0.1290367878104367,0.559750746647131,0.5417216427703633
0.3646030497354579,0.5598931015359494,0.30091907316541877,0.6673464147465429,0.431984703453491
0.5813208792272513,0.19882853028647995,0.5084059766446271,0.8461272084317831,0.42048435829380554
0.15337800532098714,0.30532589903326635,0.8965715249692775,0.9246206672267433,0.5496591341061907
0.10733162337481164,0.21305735073300613,0.6160923211499935,0.5976544475153809,0.45226118523403913
0.8458004291802346,0.822888068293502,0.1888701867628544,0.09366455001696815,0.6059034987294096
0.33676274245018706,0.5760808790144938,0.6964377927022132,0.7753579413165531,0.5803825472030238
0.7427938931715824,0.06950877144858625,0.9721666237406904,0.4035777121996928,0.44293519883037896
0.2212441577827532,0.1509159827135298,0.7926774877946268,0.3663807735610518,0.36645122905122895
0.41949553693451824,0.0725470129866519,0.6732042460158094,0.6458970936270548,0.42182280781994574
0.4075406914075195,0.6836995457246208,0.01968321538141371,0.7904658908803318,0.6035338685665597
0.3328135964212856,0.7155628273322324,0.7215765260850269,0.27937157620774367,0.5272226964998022
0.7209064029820247,0.8839977768711867,0.20698630300011955,0.44412041811150427,0.6123981389645679
0.36210098672044855,0.6141837239845392,0.8043203260971725,0.7250628232103301,0.6643988671439118
0.10243109515074712,0.43260132595692724,0.5032639009008144,0.6604139921236273,0.47337504872691244
0.2523986716662474,0.8319900531103473,0.5718483288904456,0.36362085115921433,0.5900798836353831
0.9604177394379103,0.21473512512156323,0.5166642598438743,0.7398062174853004,0.6119091785777535
0.5909110258532428,0.9500691552734062,0.17944523758085307,0.1343532363674116,0.5675223220560341
0.5790792370419195,0.07587164122404755,0.6982154534944728,0.5822773582548789,0.42569007432517675
0.6780780602119164,0.2760860884892623,0.21744763400770029,0.39359631382335847,0.2841011967024798
0.35614923810415944,0.36337320849809773,0.4645122505040774,0.8333242988705813,0.4347366671105363
0.9400719884045995,0.3631325902594622,0.8447091670758625,0.25148138373000684,0.45003181966239464
0.7036327667313044,0.6025258901252534,0.07132298941281434,0.8944208646585996,0.5403349708458306
0.13968299475777893,0.39398750771305513,0.4163921701419203,0.5272266919914608,0.3647022553899582
0.2041077012833049,0.946264493003082,0.7333615147320935,0.839033318353217,0.7996006674272619
0.6782786518054297,0.2751277573760921,0.5071438826403851,0.5346019026153482,0.46703174916494083
0.16504453811021635,0.690701039499166,0.5340277303847177,0.04744282919389162,0.36787526609845445
0.4952894598386871,0.8432620428217643,0.4895875962430474,0.8760365427821383,0.6901996869203152
0.28580070917458034,0.6873723669361333,0.352435941526575,0.32121762522535613,0.4913536052430934
0.24098264052727017,0.9529103135635096,0.4054039608509241,0.3740776118214521,0.5282967094844666
0.2625894118820533,0.40656780790549096,0.35562199925756555,0.20515790895263702,0.40078501704083347
0.457199180402427,0.26292424763214706,0.37549862202072015,0.18470864842424844,0.3071116641016672
0.45865182592358233,0.019172910749898242,0.7724978460963139,0.8189226461255785,0.45104588530051637
0.12034399542330397,0.24384272996610534,0.15257422430237877,0.38971253538739214,0.28698842498874194
0.9130669802765137,0.104371458082829,0.9826882395913257,0.5421319794232436,0.5697146946559374
0.750080051491337,0.19045699703004593,0.44215613811281174,0.38256358797478446,0.3572870570337783
0.4483605820521639,0.5626409972480995,0.8029663011085668,0.3514003323600702,0.5252833047126468
0.4469233912297619,0.1582407418152627,0.6953542507318696,0.23056655686425961,0.30130240805063546
0.27902513236350224,0.9363525578249854,0.018524576745955867,0.36245925535160384,0.5041013242255213
0.7011320262364762,0.09346793690444355,0.5078501431374813,0.7710525943647001,0.3749521310092993
0.5776755421493281,0.5898343944397556,0.2006163711246527,0.6197728166065479,0.49031501663754634
0.729195584859728,0.9217892331085261,0.37337855953684007,0.3853507285421559,0.6800423081961514
0.3295032872509681,0.2625502300200002,0.03925305307099991,0.9072929614507347,0.31755997866058505
0.47079459054295536,0.5789165325927175,0.39269911335894137,0.5517190530383378,0.6478735558105969
0.44915695178940285,0.15991324502412751,0.3981494935229065,0.7603704155122627,0.39088807690586885
0.5566546844604645,0.3289197782107244,0.5083116942766945,0.7218764736784771,0.5537989417767197
0.5161200408411962,0.4126699440035412,0.2564440174631881,0.4311843632031901,0.36771057153110254
0.7904613955632954,0.20691618734611694,0.9002348574321095,0.2985319126432677,0.48363665782676013
0.8281310952163075,0.7807327300286697,0.21500476827002857,0.8893188347207253,0.730878737795812
0.5519458096872881,0.9658387750583302,0.9416348520733687,0.4999930145245871,0.8411340612460995
0.29611402283384647,0.6476700027119756,0.4217549802841961,0.39301751762343956,0.42254318225201193
0.7605058338096339,0.07358129448969086,0.629113619912119,0.4610398768546069,0.41510205549753426
0.7426783204165157,0.7359353919374455,0.1382755276778086,0.3439205530760025,0.5129459813577567
0.5118119629065745,0.26828219553948784,0.8420242180649508,0.28885327628120483,0.41139809912820985
0.6441514421546994,0.6863666065786795,0.01835572437914179,0.8031653774575175,0.4972351962952173
0.5117154819272397,0.5176786682309572,0.8318241183859835,0.0752424549478292,0.5567380308988862
0.9379173482917339,0.84141643602535,0.6474469237512481,0.6156709852726434,0.7439864781350416
0.29948258315580323,0.26949005013336336,0.24271498679858317,0.7753384459984692,0.37799267638717177
0.9737687780809302,0.9474772343956246,0.8845719870582626,0.8577193317187728,0.8607520163021838
0.9874251353767868,0.18042382208137042,0.7660258995192964,0.3983116014452155,0.4772548114907931
0.7131818668130958,0.5333948915068045,0.5144038687461845,0.6097275545421356,0.5705265245208114
0.4535070816958344,0.6956407534454081,0.9378869760948835,0.6542736367279776,0.6995635941387409
0.682400134876685,0.03305219487943978,0.0011314751208701956,0.20881352711470227,0.1846326546999129
0.13430642066964246,0.4880970158728273,0.7120293570544514,0.31605676019737405,0.40782921936608196
0.8063946850490148,0.2000089211127476,0.13084236134881977,0.8641709245191327,0.5344852195069854
0.3743318301806192,0.2564875232071543,0.5937507524071796,0.38101550558336345,0.3756883103054591
0.3640565303072063,0.8778047986089849,0.7648861601652962,0.7001526128539629,0.6956529342187406
0.41770427587465264,0.6363727057095906,0.7512731169377459,0.29740351825192224,0.5781897152517851
0.9819874965583983,0.8821667244710332,0.5748694951580708,0.5338397665031198,0.7085224006693178
0.4684104287941534,0.895412711194219,0.1625670686634786,0.482092287910971,0.5352035431175647
0.8085252724024267,0.40874103675812257,0.8233474769461403,0.8047761241387419,0.6834548456734381
0.8631745239813313,0.36765804605910835,0.5910953805356141,0.7218266993120867,0.5851501026884338
0.15016197385126193,0.5739615175016297,0.8630287792502848,0.3176477383143023,0.49393347410084654
0.23904391258543436,0.40032148248727994,0.36649357916116343,0.6923371879729809,0.4543192576208628
0.7236746143963007,0.005025503365311934,0.42782345663824994,0.34507718605046017,0.2595547386435357
0.740969374306703,0.5797798425694158,0.17185686975046488,0.39733130187054644,0.40789323065476024
0.4350207656674643,0.7206644545078623,0.554806758273948,0.36392565167417523,0.46287782832314567
0.2955016892359733,0.7141319936021527,0.36994413205446797,0.41741355040168765,0.47366759739787784
0.28031576630356536,0.9905319050838179,0.8017474168457608,0.5781821210965457,0.7612665959092205
0.7459844903346078,0.67981812521997,0.8309224908218505,0.3984040336805433,0.648621662616976
0.9369479442061037,0.34353161149829414,0.9634842786561725,0.5234502247026879,0.6590450988217732
0.4330803520629738,0.01833838901064988,0.12762318623775326,0.18178575043295792,0.2371869267747969
0.9446213911292312,0.12251914253709384,0.21202785050222894,0.3937106133100142,0.3366857457565345
0.8829153405012888,0.6049408131977551,0.6140907379757017,0.4108456510145495,0.6270318846488742
0.682450994845887,0.6868860783817565,0.7764033220221032,0.264645144964622,0.5294827269404492
0.10280948622076867,0.30351012487811146,0.10860740234649258,0.6002427467644798,0.2683574061618028
0.7093911487216281,0.1989173595152668,0.07973855742946134,0.48490470482533954,0.2918852701718601
0.3428164521031277,0.5114364063015873,0.4401484472241325,0.405419384125607,0.4496424561630347
0.3261769184279411,0.16620053680874547,0.3494741195326255,0.4860182638395157,0.3393270773022814
0.8125445508258443,0.9776744141287076,0.7866669488749627,0.5529183579616925,0.8414747909212629
0.6089107294666973,0.7155059546211288,0.10962819440343974,0.14179386659069876,0.478221146972945
0.6110453000550844,0.8315982964410764,0.9324917797776798,0.765402386056287,0.8182741601813432
0.5368104074209763,0.8301772429995874,0.9506117747428903,0.2584228986944176,0.7462906965042273
0.6986195741653529,0.4389087402062388,0.9531671767711674,0.06674700860040697,0.5450197391942392
0.6250920712397965,0.94787016861968,0.48507198556317377,0.8454488847583314,0.7317811957493401
0.45773919318036504,0.21714040403767187,0.3736408184666985,0.7000351115685777,0.3673508190317201
0.528961744457766,0.8657009923240037,0.03210958048205825,0.8255105416583084,0.6579322304666563
0.8974665703859726,0.7290337428294941,0.9278100616476963,0.8040119082436579,0.7128780004597196
0.4751511537005143,0.560209402740945,0.42932134196763627,0.7093469582291141,0.5677690484001633
0.12566802235478342,0.9093041464060494,0.008223131388891525,0.631088820227821,0.5401021585496633
0.3511766225361551,0.5793797273479487,0.20227718109066894,0.8035614341086025,0.4150022096676935
0.8900493432182329,0.895106225730092,0.6592445370508719,0.776010803081469,0.8081181472857589
0.7929930530968337,0.8667640022913439,0.5192267441895277,0.8909326048020674,0.713353853511719
0.657416175342669,0.23213391280015616,0.0009430425274903342,0.6825352054318372,0.42904085632186245
0.5191931759481347,0.5120316186914897,0.1369188239956629,0.39373269750714884,0.3877303483969838
0.9232785112041638,0.536923261420117,0.7277640405129441,0.4269370595188384,0.5833911654088435
0.2333205298147448,0.6538299638276777,0.6812092578215488,0.7023469322292616,0.6676313432001644
0.9913369866209764,0.19217273321444894,0.08674776780397409,0.6160560346148123,0.3972568386676284
0.6697260148669683,0.5782886151734037,0.25924013539027013,0.33030882730279465,0.4379515325737317
0.4750741545616478,0.7572955720711929,0.22700129933842061,0.7440836164940792,0.5691347047785886
0.5381263692849191,0.9785783948593739,0.9654422207387104,0.0427362485233746,0.6726132948940156
0.3170860971652207,0.16814108589474708,0.972095993212311,0.8183473118711567,0.49100243762703355
0.29015653381294404,0.48250559138211335,0.34110271380245805,0.996653642826531,0.5419306864807519
0.250859407456526,0.262880701989326,0.03574839446586464,0.39271423111589454,0.33548062717858723
0.2545245938156421,0.10253453811264401,0.6125928082758765,0.42206308043071633,0.28124552437681055
0.9913367884191736,0.683018318494161,0.6435241603741892,0.7202250395529233,0.7335970293958921
0.7136497288295729,0.9935015603957081,0.23233554592401817,0.7292560455187813,0.842941671500181
0.5378019505219428,0.6252170586528523,0.8273841936073582,0.1540396311161686,0.5633740089015391
0.3591807471392504,0.9150324234710843,0.8677820443927635,0.33661453617227777,0.669132031408837
0.8993709576677685,0.854746132030725,0.8450816377355016,0.06812223335026998,0.7003769744183902
0.3521947662915139,0.0531206241990011,0.7955818365422829,0.35585978126245765,0.2999075869231087
0.9112599471063099,0.8339166004610369,0.5535308853571833,0.6482513451674304,0.8731899006128649
0.13028529892155097,0.6744325564685969,0.40460588294686306,0.8048510240035847,0.5300720952851703
0.5670005784859733,0.1399189772269941,0.5131415015132771,0.7298821348076358,0.38936483720604764
0.58792375837555,0.689635741915121,0.4693232970434701,0.3204693460719783,0.45055068098230067
0.4491086760565569,0.3759599096406637,0.6400487969300563,0.5198276036644637,0.4712876501164266
0.11208062360811485,0.42285607856686147,0.18761098854542468,0.20174193343548585,0.24861804172224286
0.8997784024266596,0.22690076724380825,0.9292806516858091,0.4953176254329354,0.5950894028765996
0.32035559572856853,0.7165536397789996,0.59792942681983,0.7478911593302815,0.6002015504153586
0.9657798892607133,0.722901007447778,0.6445631546318221,0.48314436536162125,0.7957233668206796
0.978384807453205,0.3312138146231214,0.1186557031962523,0.2864849223298914,0.4166809277921726
0.6602642815714443,0.3150564966075994,0.54188017327622,0.5270597716115654,0.440957872351207
0.3144589988032613,0.8751220573514502,0.8679644466821582,0.6535949833943984,0.8297230198115574
0.8113667282946891,0.1937389330248106,0.26175286903702366,0.5927644818304002,0.4183739811265262
0.6829024205087433,0.451741753515442,0.968691450213043,0.6760795982604746,0.613690093952912
0.1152292091184488,0.36495718766822516,0.27370991717284254,0.5888081751135805,0.3454287079532801
0.3400330875734928,0.9669850180280375,0.16007410548673062,0.7660420935941311,0.6326558578042716
0.3120796354792797,0.8945232369109726,0.18426507617074372,0.3306590181897672,0.47975559200706214
0.7120987285899496,0.6690800168622832,0.942334494935037,0.26039177116695833,0.6166479883601458
0.4242890239224064,0.8131433902993365,0.6115765454794011,0.472326447625574,0.6729752138907864
0.9300077828548569,0.4802367134710267,0.6237422454995412,0.7550868259045558,0.7070005362166414
0.6264925738317267,0.9970218045616971,0.45586650018043307,0.2797831194529288,0.7305991617231031
0.19731101722938643,0.4278695148529912,0.09865737673280905,0.6985835781873032,0.38700699505450936
0.6918114752061512,0.8831194066747751,0.577041861990025,0.8076107707901954,0.7440647543079159
0.5897639388081707,0.15436176989590034,0.25098648552318137,0.2794402963968871,0.3167308124530319
0.43118656946810796,0.07763188524979514,0.7134619483664998,0.5315923745371586,0.33194080638184814
0.9580922422820517,0.053544650892674905,0.709272011669813,0.6187641293572881,0.6101742875114942
0.17230317991253882,0.7901663868934623,0.42275877708823817,0.13633012360244692,0.5012027645998712
0.8078940427285093,0.9738777670436397,0.05962552438726887,0.7411422552349757,0.757418587213838
0.8852189709326851,0.7120634214091708,0.579961980535111,0.2263755584822576,0.595196691950562
0.8077306473655281,0.2500567585101532,0.4170487283209009,0.29262574910843925,0.384203599580563
0.6090803941463098,0.14206160944306223,0.7047958361321867,0.3858291278298176,0.44065701696084403
0.10722867748806064,0.4920817053884151,0.5313608316952668,0.33533058734174015,0.346754495726881
0.4919545247079333,0.07234850989748554,0.7861826691982131,0.7191811341751863,0.41596068362570926
0.7673655270942913,0.5994283921104185,0.05757186530279712,0.1446837337971723,0.4993271812874763
0.8366883219149528,0.3662530059984742,0.6015485063797061,0.23761946885275978,0.5456244576518361
0.599438479936909,0.1829239984213129,0.1312154829316865,0.9751859974302021,0.4746054699913286
0.5617624805770942,0.81401673551993,0.7768603268982814,0.46823387820596596,0.7343068815229097
0.4117895640738243,0.019248963848893963,0.8252149457518431,0.756779648599453,0.3659181191236315
0.903912532488952,0.8863763846243952,0.5416868240337284,0.2643668753022491,0.8004109721932418
0.8627505583387075,0.3330392353633942,0.39996212458393776,0.3887685776866593,0.40615908749711
0.9723242249402577,0.6086842206035009,0.39940165874113354,0.6813530078202845,0.7363351770281668
0.3423433818746869,0.590589657738585,0.6101785762366418,0.4402644511464122,0.4910755502025136
0.9553091288625145,0.07242231286068479,0.2952606300859739,0.22383464657176497,0.2560169148760193
0.17400989935954048,0.4182640809025757,0.559301872076827,0.17792712430416335,0.28291948945787626
0.7711644835370706,0.20527167455065853,0.2929057467017291,0.32493487077663225,0.32094729880283607
0.43874964679744977,0.2966208618339182,0.8894467583516772,0.3301023058750655,0.5235870014256748
0.5103515671917952,0.34442804621718826,0.6937412986983286,0.4585538258338495,0.4918289260347654
0.23861469283692965,0.26515622970531494,0.2554104208518433,0.456475919332443,0.30336612755359
0.1009200696350032,0.6001819443143256,0.28406046207971525,0.7649929925421801,0.5086257529185061
0.5132432173383202,0.2517884533468844,0.3703201754505222,0.40199954862064197,0.3378366329063243
0.514874847030084,0.020492046877974457,0.016807279821142496,0.6919619628797523,0.2628220141523339
0.19293292849247431,0.05208790692715093,0.43604158291295025,0.906824374957851,0.3473093004551452
0.21899037053826972,0.7139145840836343,0.43543612890203554,0.7810809818724921,0.5683504369836768
0.9627088011793271,0.7347080055736976,0.747740385641692,0.6476332399940496,0.6894787048495825
0.14450269301141255,0.848752700565235,0.009959741204303318,0.5171409795903505,0.5031766593023221
0.22704942987732674,0.02557898319516816,0.7967086675425724,0.557656976132189,0.363939044912718
0.24989102973442118,0.5286298375366193,0.5901164223444708,0.6135714738059463,0.5589487494661892
0.7899015649300779,0.7192114476337886,0.881712671465297,0.14137233234677513,0.6597344741041642
0.6004516016723154,0.32697762324273927,0.4424913136680374,0.7911626712473604,0.6081466529154266
0.5897800019022651,0.7397963719360992,0.70593661771162,0.9974078687745025,0.7734066094192286
0.4890441590093517,0.41276307274879365,0.7642456208523801,0.12784309176599706,0.4482746050466072
0.8808015587009846,0.04312778821882868,0.5739504229932586,0.46932463358384613,0.45529999456499326
0.6371711747060419,0.42784057062705294,0.330632954859542,0.5130981129197035,0.42449384413559066
0.8375661268390641,0.8253015623427146,0.06641042037273281,0.44772267203187044,0.5549114129833074
0.4685236676998995,0.953072768622137,0.8654294050826861,0.31747080391691357,0.686867969041292
0.5211868294935478,0.12729253309507838,0.6495104935019238,0.18108633808515828,0.2881259545661749
0.11802118106773586,0.5699828190453161,0.3345209741432973,0.40338128223948083,0.4344270040441262
0.7346018319750954,0.8502987365717918,0.4340710818159804,0.8150135653956203,0.7724808786877462
0.40907855451760655,0.45985108090043214,0.19199195023079008,0.3260312435988359,0.3248210987063212
0.9788344985807838,0.9018383164416711,0.1273720360333609,0.6661743355752923,0.775936901203446
0.10887465550342552,0.6778686160577454,0.4771600464115815,0.7518557909735076,0.4931372082093087
0.8224082312736581,0.13952678055966927,0.7767682713500729,0.5733808980387174,0.5780134545988449
0.546000121338337,0.01787353083631582,0.3347226869146519,0.8558269344368289,0.30547493390680325
0.5265277848200728,0.193700292785702,0.20838367900882537,0.4655233628513761,0.3304169547296272
0.47561312827372726,0.9628623341857422,0.024170352133503492,0.5068203255795901,0.5242297990370921
0.22605810342304283,0.3482746153631915,0.38954916448152244,0.7781078981215273,0.4190810028719865
0.9201118739029238,0.9331358684062186,0.4975751441541355,0.16192262853928974,0.6920958238586826
0.3730329510148114,0.7143482754022047,0.05557867294793528,0.6681201551181571,0.485990666335752
0.3739310050865958,0.6824930337371488,0.847569048102495,0.5425931782646314,0.6353584950735834
0.7881568606122565,0.16790319660208886,0.4195396445267118,0.6309934738806853,0.42971733818291125
0.2930124063917454,0.07415910577403073,0.8914538731447493,0.4443290926607426,0.3645280183519261
0.386743934154389,0.8947492209757981,0.4967238260981782,0.5789917819262111,0.6693503599519697
0.3471833735816395,0.7306369212628775,0.8325283487923821,0.4994397780687697,0.6744721886201516
0.7409062507007217,0.4226869355081603,0.651489153529613,0.3794658256278526,0.5176968615228983
0.29352031242056614,0.2045936142917758,0.18150796162149552,0.8287272514027427,0.3897743260934734
0.11338207691096774,0.352877350504334,0.1430606822047077,0.6660244746703851,0.2981808701529322
0.8188186338373262,0.24330192798296713,0.7254121231929704,0.5214428930412447,0.5018561764370862
0.16430624254848014,0.03246014176227641,0.7445568571045793,0.4824616747314483,0.28648488631678337
0.8494975281046142,0.32632025732159264,0.7278341625793716,0.5269857591669607,0.5170115615193869
0.7747775908273343,0.13625201405638188,0.8978833777644819,0.6283267256177832,0.4518832227897106
0.2758803279745141,0.0111545873118305,0.24232573024632142,0.6898713510160173,0.28268487807483955
0.9971639990734779,0.26784492055891385,0.8512578486996074,0.5517135456604463,0.5497849422040598
0.2593372969539157,0.6340007674159881,0.3641528191046055,0.8436152981508036,0.5769733687949771
0.8186868237538785,0.856568196489899,0.4820935187947143,0.6514640571707521,0.7524433553274821
0.2756571535360056,0.16540090450135903,0.777161196205595,0.8152525882897617,0.3621976783584097
0.6908243657771483,0.018457225539944222,0.8318880637567295,0.5062316612674639,0.3477687447699165
0.6455741836817264,0.5577647590980618,0.6513361058002055,0.44170953244232464,0.5215981836731783
0.3549802018364636,0.49863350644027893,0.04505958191972548,0.41520732965162177,0.3186340360286717
0.6288055949348185,0.3535488542043371,0.4824514703811176,0.7311862937848411,0.6315400297029781
0.4903272397962636,0.20227318174203035,0.21393378280104725,0.5779187577000804,0.37031227850974596
0.544452346586731,0.31211946533920454,0.48175582972898146,0.2929307458409475,0.31853218092973823
0.6693339414744973,0.23226572579752525,0.8974828847954246,0.40283387794835956,0.5434291729134711
0.40504259794332365,0.8193337522988611,0.130698253748313,0.75050354491093,0.5341826086816563
0.7872823292708979,0.0969513926267147,0.35121701963848806,0.1743345463297702,0.27605218907889895
0.37085704877042935,0.5393793180281431,0.7765908959833212,0.08940203538333034,0.3942917216617326
0.8498885112192361,0.705619804180144,0.5773417251963703,0.7332081461416811,0.7466420819847238
0.6998231764483346,0.1347204450906636,0.4079914834695869,0.21002825145417453,0.4254605727138431
0.9322727282779255,0.8518368088189332,0.5242579279038355,0.7564922758423684,0.7677555156441375
0.9655000949642467,0.5489517413578271,0.7966567349911429,0.7082613272793312,0.6855139704160567
0.7947679909148951,0.03842564563905859,0.40169056856161434,0.5108195508514963,0.42810848027363446
0.21593176638668932,0.8553144643629383,0.5874151637926668,0.5001462854813791,0.5691415852971629
0.8715950411801976,0.10447298581593623,0.4492958208962545,0.7422628229770313,0.4388750472227952
0.8326602153561402,0.6061095998529731,0.9495374371136518,0.12454686459854575,0.6083430549363325
0.48920262364469236,0.8167675731295833,0.1962872001430761,0.8573266678276235,0.5772699900688838
0.1592579480577892,0.6221669241736077,0.5852203293909553,0.44747109773986654,0.4745784861347552
0.3228569984790151,0.8335396315437738,0.40510212704712056,0.674749694188919,0.513565621577298
0.5622874046391966,0.694541974037274,0.05548394206791063,0.28469255812126804,0.4297286510021214
0.8699373592263618,0.09189609207710625,0.8344542148916962,0.5272757536635383,0.4041398968312654
0.3724728134241092,0.4946180151100322,0.1319829980124072,0.845776223685728,0.5685520617648788
0.6906159039235228,0.608758325129553,0.41178202748577464,0.0,0.4255445958317547
0.23825669815391606,0.18001804505080676,0.4336060334095351,0.4387295470642138,0.3397490022160214
0.6579696623165505,0.5356147818743319,0.06022036444523626,0.42265243185478724,0.4092696166457504
0.6354244188269844,0.3248241097485547,0.025371488042315593,0.3209982903184792,0.3609292438520239
0.930887952284971,0.8050112990817236,0.23008590842000187,0.7696059237178047,0.624515337970851
0.2728377942031037,0.9044253423171502,0.19810419424108738,0.6515413815348209,0.6435911688593144
0.9693950451017161,0.9117732818386994,0.9491705051076303,0.6520796625803783,0.931451151980623
0.3002689397597018,0.9996732052420922,0.17152269378718699,0.3279857399839693,0.5951756319508889
0.1293617992657422,0.9458311711158697,0.9257406324414192,0.16845711980253303,0.5653763885264145
0.8676605023063739,0.3150559693186544,0.5236723999989852,0.17970866467942814,0.4292024041110535
0.9215549723745776,0.09255544586102826,0.7216883912281636,0.36861973731871395,0.3884004584780506
0.3219556804216066,0.6683607021173941,0.7401493936975908,0.7706370697250599,0.6297054878467141
0.38526728832820145,0.7042842698792755,0.2528089112983155,0.23653377340269338,0.533975481894521
0.421199796052361,0.29988574005580493,0.2138388894952643,0.23849664160476344,0.33458969510832925
0.16321357528253297,0.6889557901711698,0.1749460136910298,0.6151479594203841,0.48277470052740407
0.728791282073116,0.25717713602442727,0.5640849216886251,0.5875878141139226,0.48409072997577984
0.5553690067180027,0.22235301921031447,0.544786654030205,0.3802580822482359,0.3694976685013009
0.45572868979202596,0.46630298998189756,0.8606518873876169,0.2608125651481078,0.5069146032174646
0.12795549078073015,0.8953962676434433,0.05052022667233469,0.3456611257904333,0.47350611140464294
0.5142942863000496,0.5664666059796343,0.14938454677122792,0.8271665233296499,0.5188349584362328
0.5403611417533862,0.19094885887544288,0.015672373888725777,0.6194310006997888,0.3035003616176572
0.9506707850143059,0.6085046129707865,0.25462686665289547,0.6744311114743111,0.6525274912446554
0.7411546256256295,0.368374507584734,0.7130282022890967,0.4888152895913687,0.5133149191096359
0.12077693249659316,0.13338123663774282,0.6546214957970551,0.9089099002847445,0.30602887910247656
0.4350516911289173,0.10815075602366575,0.2515989697648252,0.5937827013902057,0.25089015047686253
0.6860730773357746,0.22140990979318986,0.08186150591629393,0.39934214336731316,0.2856337365427475
0.34090008379249837,0.9115968865602742,0.3682627898719132,0.7931783708268764,0.6573479719097506
0.11194168677478754,0.5478115847248026,0.7432991723069791,0.18001254921952176,0.3670430961713821
0.4427966098978916,0.43997376704238,0.4702349596092813,0.7649129576900743,0.5235524990444954
0.9575234634242559,0.7945522944217055,0.04001313053512434,0.7640866977702923,0.5679177634677359
0.9621838482481896,0.5885256813933637,0.01104714521277761,0.7245533998209149,0.5711224659419389
0.19366836077642227,0.7893334823405523,0.5323306025871026,0.797141235767236,0.555598501729017
0.28853760044763976,0.030397414811526136,0.4336225869016739,0.8015627883994471,0.3262765301788081
0.4629343791002385,0.9355455395117661,0.9498989838309829,0.34348563796268683,0.6608632432782285
0.11634216904637096,0.722461310338954,0.8355355012681668,0.5882990437769674,0.4888130286032326
0.7980891717934301,0.288149489033375,0.32397610656153897,0.8655868179146249,0.6056098997835131
0.5022876611272761,0.25598495379077846,0.6606478891385676,0.32221695443178155,0.370491888165395
0.2945697164834279,0.7714848748169257,0.02021752014779743,0.1635709904107589,0.5055201495097648
0.11280540135624939,0.7820900146236098,0.812296055423481,0.25016104059359107,0.5124989899614433
0.3156353946688522,0.6213846080738289,0.1784840743470848,0.487424781081708,0.4534975257550007
0.7856247294594572,0.32909588031475956,0.5339565469349339,0.6133115415116532,0.5167324761928138
0.7462055890968831,0.9436336706484948,0.6934669059640272,0.8084865458361105,0.8613662451497264
0.9792739491636347,0.6421291468642604,0.0307865688607466,0.7484591378839275,0.6219293593722691
0.6121602984178807,0.38258882367092006,0.32583001993739447,0.5213559444380234,0.3658895000462252
0.3550579251135345,0.6400903965861701,0.6076235758839388,0.35985083183925115,0.49682010042836455
0.6603029229894798,0.18867229122803264,0.5690436499956663,0.5833847702475391,0.4732211245551404
0.30443417995325167,0.3896260173580104,0.6064577755435456,0.43747797521928045,0.43743713475503715
0.3304400377385151,0.11989338714487341,0.9115153281671846,0.6486133578469527,0.4678144320532773
0.489004367941938,0.6679337354557424,0.4294187868522533,0.7280855510012775,0.5916150518284018
0.1917404248443477,0.49357279326898107,0.696547064285704,0.3069576955138021,0.3841075633717207
0.10932735011245938,0.636470708550097,0.39388463494161696,0.8008022389716345,0.4509098748539704
0.6649594620060392,0.1867462845973269,0.5102159340784042,0.6057960713838793,0.43498502405907224
0.703863010939197,0.019318403534340445,0.5020126243997505,0.22381660104685253,0.3433265150652007
0.2684558034342523,0.7733040401143754,0.474372639974619,0.07066544836651692,0.4027179673715492
0.9738777968740542,0.9830804459530004,0.5796579636763161,0.6063256509872958,0.8759616526857578
0.9062189717579574,0.2746368798169829,0.27308145032131836,0.7878734278047665,0.4260758558487239
0.9054195783081992,0.6741993749428606,0.2044667201975755,0.18834286535466715,0.5400340298058202
0.1809705509748648,0.5633837406661656,0.1137624624806518,0.45761664617935166,0.33754287034193053
0.6438155592989281,0.8167452794726815,0.7613496562028924,0.6120356324448759,0.6891218583217886
0.9033407107547865,0.6337320050576368,0.2222910538295546,0.21419210128523525,0.49393136463745546
0.4963165965039271,0.707120613944381,0.5876690514732603,0.45580396715190163,0.4964393210318159
0.8678307849027325,0.25403539844750833,0.3065990765248755,0.6492578000551243,0.5107065268148377
0.4128991036829799,0.11640031783037585,0.038895812246826145,0.8858999426657042,0.3805467123388232
0.3660392124863907,0.9450057830086813,0.9876711272334922,0.3407160239571904,0.7107078649605182
0.5183838371389093,0.9515803094398696,0.9448354530207373,0.5494040019212401,0.8508038845806603
0.6759376187054722,0.7721523314931155,0.8606017498602906,0.40079579746825034,0.7154579637704852
0.8532318969183628,0.027631832855930627,0.8339907620990965,0.7249319012948345,0.5192025020355239
0.5168062305554053,0.1576113490628681,0.5903120104907617,0.4325860591749314,0.3804828247321698
0.252898007325958,0.3830656760857787,0.8716168463288502,0.44604156498428243,0.46036045201573444
0.49413768746263376,0.8424780382015649,0.596641405393735,0.6174052486918791,0.7080802605741773
0.3464846377348339,0.59762899319556,0.799265965959968,0.2136591517398393,0.5224116791079505
0.7922681109963352,0.42885436130663845,0.7584557473091266,0.2664430980298555,0.501522161591433
0.6021107009294583,0.25388084612403194,0.13905912579392954,0.839170290562139,0.34684366544230916
0.818399063429212,0.43307450514456514,0.9175247272303481,0.5634551692076966,0.6164205317968251
0.7372101977841605,0.8684625789474705,0.3834628345476925,0.4027286409062889,0.5760704359766006
0.7522338476337024,0.3497724568950783,0.3133238035767917,0.568710676588372,0.5678203442126168
0.10986728781838902,0.16979263955094737,0.6525268777504188,0.5293300109106229,0.35143902895210327
0.21404950385740934,0.7330242148636581,0.269210057875622,0.3005513477854234,0.44322877100585817
0.8513224011590499,0.05334899454986075,0.8475740297902625,0.3798342087300324,0.5527098210316173
0.5553849962413572,0.398641335196384,0.11963043951607033,0.726913437981628,0.43271807974777493
0.7079100562209254,0.08786633093194274,0.6830801734741354,0.9797010343864451,0.5858018757662489
0.5772227737296185,0.7040856686423355,0.2601159830153992,0.20472987431287282,0.5247814498744415
0.17165462619469402,0.5945483826116572,0.5893763726481173,0.29707004983856145,0.5223325217737779
0.39697238255022427,0.8081682471887758,0.13061076003613248,0.21065103405468866,0.4891990604146224
0.399051163352797,0.9007258101239835,0.09887302887630278,0.3645855312713922,0.4990027692871254
0.6697617488785963,0.5541936966153982,0.7053563363554206,0.8491101065719875,0.6426822777302954
0.8437268663708181,0.26729508207650454,0.27754665929802425,0.2358044741456532,0.42103776394050885
0.4278616792062211,0.23055064907036682,0.46980856288290107,0.08822698369595246,0.29893145190087816
0.38733103472310715,0.3924518848685079,0.27931812906328124,0.21987203353748908,0.35766552792083856
0.717735009495379,0.21237065530249777,0.8575876757624016,0.4103414459352808,0.5107534630273813
0.989193693201955,0.7835560166424261,0.5750863613851153,0.4795580018419326,0.6743315794807098
0.6190847626923318,0.16553529269386602,0.40273236986696614,0.39343173021804334,0.26507726125231224
0.948910855012272,0.7229150529229353,0.689473899406764,0.4622559509714221,0.6642861005717756
0.540734854778198,0.11163744532118536,0.45860487967234187,0.5162671972520719,0.24610133096947123
0.8950314682278206,0.16039387500614521,0.3395731412081696,0.36909717241829565,0.379338334598948
0.9380180580119643,0.3614510847745417,0.39693186238434863,0.3578215430671734,0.4267303316033496
0.8199925052999814,0.9357968408954528,0.4032294726807958,0.20647593477692022,0.7536370086781383
0.7412878082196972,0.36790292528627566,0.33667383425369246,0.44788384261044734,0.3748690917209611
0.2800600638558094,0.09525245490432521,0.11940064207631362,0.7375524157124899,0.32447423694507205
0.866294826698003,0.9062542367378682,0.5063716735451453,0.8612978170593054,0.8457564056211757
0.5068257161182169,0.1019683689629235,0.07305864603278145,0.21293144158819066,0.18155631334001218
0.5582904267214384,0.9450505533946035,0.5482037727921516,0.8833278617103433,0.8058923959758635
0.608331502977564,0.860930482578696,0.8216465971645001,0.6476827535826153,0.7333337937194931
0.17617834649102623,0.046496039691304336,0.11095626103433676,0.5034319416401822,0.09060664447595927
0.8275441881155045,0.5205271128091636,0.7242098308133599,0.4633342227719501,0.6059381938427698
0.21501413943203979,0.9479373463796514,0.57188258826611,0.6955279573157359,0.5785138305288484
0.325658643401849,0.894538852240591,0.7151056136180892,0.5397844307031499,0.7334839306878588
0.40159887403324956,0.8630543931159491,0.5255496701502296,0.255863488310482,0.5835402635867246
0.8305422379487506,0.7589122488870297,0.26579942192867256,0.8464412842435296,0.6517542477782119
0.44653711405637053,0.8364731916659712,0.9499550093322041,0.45192234384953966,0.7642711810114086
0.6722870745979063,0.9377530155114836,0.12850397850120965,0.7231566369430897,0.6923249741818509
0.42600552754479415,0.21746208359138774,0.92880401999779,0.7151470679021233,0.4203765564350902
0.34664878668659305,0.06519280218469103,0.04992248566337909,0.7910796702308333,0.3441219584141811
0.5050256608168187,0.58375418878307,0.28157428585553024,0.24369836443271037,0.47962356046729226
0.5335298542111069,0.40065784843795327,0.9861803116086951,0.17419575697779355,0.5627660811483414
0.8979279409543092,0.02417804375417021,0.3828652154835389,0.8998102766658832,0.4605787062369088
0.8333128014723065,0.3591934023891815,0.580418165780147,0.4247271452108756,0.5556979580862209
0.9988750309521852,0.3718601153330944,0.2988030640832746,0.921317918839159,0.6191878349195136
0.13923542961333496,0.30541053097151494,0.6958023148257801,0.3547858064583171,0.27086567017601476
0.6551956647697553,0.5341016900858655,0.2182694828533861,0.6508455586193095,0.4871503865479494
0.7737259123031796,0.28222859611811113,0.8129048307527991,0.8323649441488623,0.5725751245433179
0.3959607593880907,0.6534889320582475,0.279594370523232,0.9468502271885401,0.604962881485613
0.8966073888168814,0.04493545245272623,0.16809058535297527,0.3940378150316871,0.3061611548079135
0.18089045209057425,0.13192982575381085,0.49550917733063826,0.6700306504067111,0.28388472110165347
0.4439033780585667,0.594409383809073,0.06978578400046476,0.32205003440322155,0.3735302305757522
0.2057158655167456,0.689564411051965,0.40884366172506825,0.6564861252037966,0.4642909616896875
0.7258664337303752,0.2527426687484531,0.311405645044878,0.6768373605625944,0.43134136035774395
0.9765418653893754,0.19338265949882494,0.822139209100103,0.23592404686693585,0.5058176235275686
0.739130533836853,0.20883702045198382,0.30677275135283233,0.43458376542901433,0.31472399162789666
0.3470068451843307,0.8789332184523058,0.8333913141046041,0.1926169247620474,0.6644976397915539
0.4941979731059988,0.3074621730335261,0.9849378689708634,0.15754018339778575,0.470201949397154
0.15450655907137018,0.8868206673435217,0.7152214760582009,0.3923282911294897,0.5819950246852711
0.2940481567739714,0.39929925602578586,0.5078942095312776,0.5428352913771448,0.44826666933259823
0.5583207254525877,0.694274746435863,0.11180037123393716,0.24330406288326473,0.4807494496582447
0.6706454574760474,0.2569859378537811,0.05218505779676108,0.7240197868012225,0.35666366341174105
0.27574599992244475,0.042478766631800946,0.16009613765744457,0.2694707570286051,0.1311133216691281
0.6054545438123095,0.7148559742004091,0.7281044923677423,0.5830161372346304,0.6878995367958913
0.7654098996597744,0.6597450184066322,0.22843629599787507,0.914385743741371,0.63283263881469
0.992797308113366,0.18289377232919923,0.4702489856599762,0.16685988963037363,0.4215585964389036
0.7058446595022377,0.9972045078506792,0.7801919294680316,0.29779363033926765,0.7074758817620795
0.9953317263733951,0.11478627866061242,0.7259687793283472,0.45142094035915203,0.44878661893787986
0.299795540517078,0.3428687395274149,0.773308670197597,0.31417420321466766,0.42202153817865334
0.6910504358110575,0.4363511943036117,0.7899120017028454,0.14255132945837246,0.5428283603958404
0.3180120940682265,0.24334388349012304,0.8774791959088326,0.45924243629711575,0.3972157176037857
0.9991816910175797,0.8390914986521054,0.739703134447818,0.4331542949608812,0.8158965958840732
0.33501416262531025,0.09770321110107494,0.6159320070866687,0.20929679786389166,0.18647187153193873
0.9838360788318838,0.06303365249976156,0.9030010851514962,0.7428549395345749,0.5994604470008784
0.7818918549426752,0.5634704738128519,0.12000274961688806,0.2838696113697638,0.48666771820206545
0.9195512566353448,0.014830162431707872,0.8091032168230461,0.8045629329987865,0.5040845476552587
0.9882223427963911,0.39804317410409573,0.33190628489749674,0.5122132322230477,0.5471256775137384
0.23910760598489453,0.8864450113972573,0.274969366452949,0.096630794496097,0.47282816944765477
0.19998748796139146,0.24383909969594042,0.29787633152279336,0.5935134722316359,0.3769013324703754
0.41503501124735764,0.44406449142053117,0.06432369723328568,0.43538245498736267,0.39743283416437336
0.16032527113377046,0.8957191747480014,0.6918185861250508,0.6686651353667897,0.6279424265468782
0.9959932677594272,0.7304981461009182,0.22751496307464503,0.6810201753734942,0.6287804902117198
0.6429770905500487,0.2031539371899681,0.9196034194214366,0.5636908079002986,0.4827595745281139
0.7176249422717565,0.31811074240831694,0.17680166646406437,0.5284065207064522,0.3880146822750091
0.391176922760325,0.8566530158063121,0.593613216569384,0.9689208495226214,0.7396507958074948
0.4492443430525729,0.18560406395543316,0.7922223472439286,0.41552790292320924,0.3969215588559204
0.18175436295527275,0.12893730541981718,0.2396098320282053,0.3493666437468774,0.2555018481152602
0.39458186994671907,0.1361364403505113,0.15637361253330695,0.4546055106061969,0.3014133364605187
0.9586142237072683,0.5110047635445869,0.9138147983362125,0.30220611644473616,0.6087077885704347
0.5077132753421696,0.877758342192733,0.10003167106715372,0.5862754591952687,0.5484038932415498
0.7112777098170516,0.873243945741321,0.3728703306808605,0.7762247261944555,0.7802839983559317
0.5027880119196468,0.9170217118805565,0.4678699136339316,0.33071853919499083,0.6053268672318255
0.6155728764566856,0.4015162541846019,0.4290977834855896,0.17055759151694538,0.4009518218283084
0.7163233260812706,0.8377387595177639,0.7077026295496838,0.4586141156890645,0.7074699507190659
0.9447299723595669,0.31694528863558546,0.654306321534056,0.3873273658437246,0.5137235106792566
0.5758172683109377,0.9279690617870447,0.4287514083413543,0.38521837349242294,0.7026906819124903
0.20376213389524023,0.927642705508595,0.8211420914972102,0.7437169401325614,0.708702960519562
0.6618613607049427,0.07268231558981486,0.8367107205834616,0.9433633608817878,0.4244768626424745
0.9768182729695628,0.43949251256986366,0.06044692298527021,0.5412355969085948,0.5703057899877
0.726299521910712,0.2525950931191334,0.9577041070064872,0.7953153621879174,0.5623547953914821
0.2771111202326195,0.6425799158045408,0.4580826896757305,0.5477145986663499,0.5489656691638198
0.9849172928251588,0.8084602894771483,0.15994080236692865,0.7073836736516792,0.6333607031116597
0.7539472190631474,0.5097424500426206,0.4035894707651476,0.26061385332443887,0.4631773427855147
0.6079976574884319,0.9523013846011067,0.7929936513925113,0.884804019177085,0.8876151617832526
0.12861023459962392,0.674231449748532,0.40139711631269426,0.9001017970072885,0.600659637622411
0.16143927926995089,0.417917684831438,0.24589793352648104,0.4827461134619717,0.34289227179618686
0.27042060491259856,0.5478708106372198,0.02396138512426982,0.2450972810751708,0.40067569101044864
0.14654879429918813,0.2110383302086154,0.07433087235358016,0.8869127537218194,0.23399413576685285
0.49646956958573196,0.25255454740860506,0.7454524135070204,0.6266603163546633,0.5059206413182988
0.8641637874131429,0.6164793585412445,0.18651101250405977,0.41756035498043703,0.5326412182224265
0.14481122786893824,0.35018940573084434,0.11867249207180408,0.38007460692361195,0.23567567264518177
0.7830387537532133,0.29708054987799837,0.4265528542416397,0.3978598502090802,0.4394585047889212
0.34076067161848,0.8200593657462536,0.9956087115144261,0.19484705618135595,0.5938134010642313
0.4821051143859014,0.8373274338245179,0.8776388715877751,0.7888956862867166,0.7371382086236492
0.9765465252159314,0.3275472709384929,0.9231438877168577,0.7569572301199284,0.7627720875350257
0.6684800404703471,0.31776050682495427,0.23218478347029192,0.44643657938443565,0.4577383563627833
0.6412308642910598,0.9608555767847797,0.6701854674112075,0.78947293844207,0.7393047385664588
0.2406197028267251,0.9575272278108466,0.7787381569251641,0.5884618556763421,0.7596226032411854
0.9309541741328302,0.07291701192700539,0.8032590716789518,0.4334049003894473,0.4088065780850911
0.16988312381796167,0.3916947755108394,0.15397435116568392,0.5466442391188581,0.26031746312361087
0.3218691662554315,0.8030945758806354,0.6120496214481532,0.5283892787228874,0.5931778288234321
0.42854614978762495,0.8794173102643961,0.0392435760405464,0.3838285683819395,0.5252607584908053
0.1952010162046603,0.2779220107693591,0.8903144562136512,0.580249899473797,0.5077575734149938
0.8407860222660704,0.9238272063646527,0.6391447381231457,0.8807806458545306,0.8397236169753093
0.3839402858340015,0.792501681861466,0.13045348717736083,0.517419425810701,0.5734768642927797
0.7464455489456445,0.26476717374475434,0.6213400214284492,0.31317778845209526,0.44545922406792443
0.4985834554953015,0.4911409691346621,0.6824790662368619,0.37018474738001,0.472102581543065
0.5200437901635119,0.10028647247890565,0.3361084892211431,0.7356416181050792,0.2454217226865174
0.17411769130308233,0.5502955231831296,0.27126858648317675,0.2264481684951374,0.3576702165178197
0.390320555053002,0.06755288297753437,0.03290752298097166,0.36055504942372724,0.25461922382326757
0.40034336362821366,0.9920384737785946,0.1028328160641574,0.48383200727855047,0.5832143515370374
0.6855264879815111,0.21262474936350728,0.3747509161760937,0.8733984986566273,0.3808779027317888
0.5801577275210621,0.8234530537593207,0.981727217381659,0.3451705880776824,0.6862774075867799
0.7991482325034597,0.3714169119932321,0.039390162889686664,0.3285743102133064,0.3025307416930169
0.1699051719455547,0.9300067198331662,0.7071375179356865,0.2972748112494871,0.5268071282188336
0.8339970286289154,0.6179344555112937,0.9449652089861379,0.6810540926500577,0.7698397507068095
0.2925305834497459,0.4178561865221314,0.2918231875739673,0.7759936981959827,0.4773669696801875
0.4050847804043537,0.3796795830982377,0.8879018383283207,0.9705793433445732,0.5390755216347399
0.2888439247815052,0.9818772963526058,0.7019535339703258,0.11917527742809703,0.6068623370532231
0.4446247665967966,0.9442236744737867,0.5895053841754254,0.320357805453346,0.5741228478126175
0.346591540425331,0.5051167184706744,0.9586906539117553,0.2542423969532102,0.4735034110000391
0.8918182515807276,0.857200334324534,0.37505438688553616,0.3703837414905935,0.6691773844343212
0.5143841401299414,0.9069742930684787,0.8939876737572474,0.4854660287356577,0.7277598727342478
0.20134643413538061,0.9120644528763892,0.19462964720322462,0.7103078221530847,0.5872815627996734
0.18227293909272202,0.17823442326932226,0.6884877913115593,0.36739734615180963,0.37806910940505867
0.81390671044599,0.15015364418387522,0.6597315322607571,0.28451059638341286,0.34753762600506266
0.878242566587772,0.06706765154028893,0.6503071573072561,0.7857991826986274,0.5002749449487944
0.39447244524602165,0.53712074828674,0.21157280648930232,0.8572471411779736,0.5400550618363276
0.5295498692799118,0.7832776812823695,0.43169744564093293,0.7187642443688964,0.5912648520845469
0.6478198844763862,0.152652980000607,0.8305833251144513,0.6658938581036196,0.44555013739907706
0.1451296207646292,0.3966087993343448,0.3700035405750314,0.7480324374875047,0.39872478300630987
0.1575308477727449,0.7146874494349541,0.527299133128794,0.37040282067877395,0.5286357367491561
0.18238160573452517,0.2597509361025758,0.5514902953513369,0.3672299408544535,0.32248748963574403
0.5062024294653599,0.9585162750026057,0.2608084271927763,0.8399996552943607,0.7131015637314754
0.7641190482984902,0.12836061289519785,0.3818447989234157,0.9557243963723558,0.49975594437174914
0.5819732944260396,0.2304219718143372,0.7437368149524456,0.25275543419056523,0.44693526815191753
0.5864763259800422,0.1897867774345764,0.18687221440345547,0.5766455553918789,0.3823735919716942
0.210510911713801,0.5653026914604504,0.2700957522836456,0.3497095716427765,0.31071766333001016
0.19101266936349245,0.1122115392472729,0.5731279232725647,0.7409181651908572,0.4081484176754549
0.7308726891203083,0.9356883775476258,0.6656737362292912,0.8485556017229916,0.7424700764071337
0.5128914609609336,0.5936068260491675,0.26734471215885336,0.24111200801949503,0.46167180249159645
0.39852122650604704,0.18149762827084115,0.24445221025666208,0.23852126522593542,0.30493227702719516
0.3087716069420072,0.12113857384890148,0.006087530975590005,0.5114308753059248,0.2138036075020857
0.5149440704969519,0.7910721434781124,0.4679156319455442,0.5397330813916266,0.6371507893311152
0.234706118125241,0.22633083973707457,0.468579804375139,0.5311965674802321,0.3073914373590239
0.7860077106779524,0.9901097837349171,0.7777915804196904,0.5981194802409286,0.7876933850997976
0.22302556704013266,0.5513305496923012,0.6054003719533442,0.9024774112281728,0.6251419081349195
0.8732551254129403,0.6777604943626712,0.5460460733581158,0.36352880606326915,0.5299649435526443
0.44918783208579016,0.3835812525432579,0.0157165830192878,0.3563202455757226,0.31573737472217406
0.15772172701364495,0.22626958475843517,0.7929022783296358,0.34306485764188627,0.37882900898506405
0.18456741586934453,0.6210740884704338,0.9166262819779791,0.4920351399771941,0.4940761630441174
0.5606257576947618,0.7179795340203848,0.3110103384892601,0.3068907459285044,0.461045949404562
0.43818341302356667,0.982482651061107,0.665404792638254,0.3596502067055769,0.7267428430943694
0.2419198048658326,0.5163398188383266,0.792844533837122,0.38185215912648834,0.36518570142693246
0.8851718588380316,0.6333033263986714,0.8905937601219092,0.3535877338588047,0.5756635755317026
0.4636180925765322,0.01616953995451975,0.5916688205935039,0.5800795674904357,0.35592592543365287
0.9591848163898617,0.33307329605294156,0.5652118199572381,0.035342843430193505,0.3687659717088127
0.6955886392546562,0.7211358535990435,0.25523121691856543,0.5627392074083685,0.5859701785819935
0.19079992189527306,0.6055702738939303,0.6798728739471749,0.49346547073366237,0.5335520435230137
0.221011336690358,0.28940513070441265,0.6624299734213518,0.26365532068732644,0.4613118397047106
0.6231127103690188,0.7850922039249904,0.29383695562196055,0.6367735006476906,0.693639508326666
0.7054412738380932,0.7842857717404688,0.6668666361205591,0.47057326123769067,0.7096762649451139
0.623357478661665,0.13018934920080238,0.9673191722305912,0.7941053466481046,0.5313838573888183
0.5533594707774108,0.16177335638470325,0.3693209442116756,0.7159218514715883,0.347961840204833
0.1909688431345684,0.8019203922559827,0.915076765278806,0.4688259710772414,0.6631294217373943
0.16470050914001205,0.634550140861627,0.6843854245920734,0.9034069018956833,0.624886474073076
0.8933200883916004,0.6386990948831726,0.38765990055879906,0.4241502346426853,0.589876004940819
0.3476566242123249,0.47368526040337144,0.775298018397503,0.8558573723933608,0.6415805392500545
0.5283032597465417,0.47076022166770226,0.388427221227857,0.6801926369850639,0.5727199823117715
0.6389506131855256,0.9358009760546209,0.7773334450306162,0.7701561316801956,0.7956702439578033
0.7355100506426714,0.9863629016968811,0.5220234176643487,0.8288321819182406,0.8733781547561312
0.7489189353724763,0.6428840149912529,0.5651226709830504,0.7414185140330685,0.7495310647665814
0.3162905926703476,0.35876156746613774,0.9146651074237494,0.3589147301636457,0.4865351768412325
0.1259721220025121,0.06419548599781433,0.5379230312678858,0.30874118018223734,0.25527495578012777
0.8295991961351612,0.4118974783621112,0.7464192328441049,0.9674270766071131,0.6284020365344127
0.14683405392510435,0.24095966228128052,0.6840708864153926,0.4829962930470785,0.34535252017146956
0.4551444564951165,0.17984444683554124,0.28509949938299406,0.21992255412118208,0.24463937084835963
0.8604460378168972,0.9242167622435459,0.5052553902509103,0.6431094831044113,0.6985983981775767
0.6429623595508156,0.6689001056186178,0.65502469640509,0.5001655032855373,0.5919247178999433
0.8760692952767115,0.15930748225193592,0.4838613502906203,0.54911528208978,0.3783634278116265
0.14649595824609074,0.3369268749640384,0.7531997019142294,0.9000820497768415,0.4556426883557034
0.25033614725801656,0.2227849642099602,0.12805513849688044,0.5973754124189568,0.2767777606586851
0.9292578292001767,0.639616732432062,0.1729224976272612,0.728519274100853,0.7117128555780936
0.30484952077759525,0.987313982210661,0.5598861561267373,0.6302589651687722,0.711802064473228
0.8523541998204115,0.935905585319816,0.13696512380929482,0.3295378041822884,0.6339769834042507
0.7494666724042299,0.1408851205703987,0.8770272712616372,0.850436506571841,0.5246751835275891
0.6489043675023694,0.4067241039740984,0.31652815019796976,0.6107130381922841,0.5768124387881829
0.20987687948610945,0.11269786043832519,0.07231057477279146,0.5867353378918878,0.26875759339520056
0.8535608731526365,0.6130139610519718,0.17244913357306846,0.5739484470518689,0.5679305460965343
0.8456847183343444,0.5697078505699332,0.3060591982161759,0.33289851543375465,0.4700196684746305
0.9673976639865056,0.9308436696831945,0.5701269748289145,0.4061161263568974,0.7383676492916906
0.2679074736711937,0.8947104554268656,0.24853600201283632,0.821566877093362,0.6078589405893936
0.4347063995870585,0.028284928290979727,0.13706794254044807,0.2987861582406509,0.20838628046999985
0.7028500049346598,0.667361797491808,0.5140427896782042,0.3359330534921615,0.5371623433944516
0.47788263178327617,0.6132833468418987,0.7616749053941836,0.7151102720289829,0.6747612031472043
0.378363757350727,0.16158750175806824,0.8229806253142905,0.9779389307604243,0.5686433207446955
0.2742700828421924,0.19840536399390396,0.7326198214622593,0.5733083262436145,0.42001764798738267
0.20861857464577552,0.6277986477030377,0.00011864491085000761,0.3951637363415493,0.3613536982704939
0.13262940589737465,0.9840181501963605,0.45490660288239715,0.662474051901881,0.596909674233027
0.24621419245314977,0.6006672677056056,0.4912387759510036,0.8615649980496148,0.5224487027424002
0.5329460147286865,0.6740261791261327,0.43498417917046295,0.43286924086289136,0.5542302684334899
0.7697995055283767,0.7650685743770371,0.15855596829166207,0.5883848536020743,0.6197234402894518
0.533179340702464,0.5966629069324815,0.2873536617419967,0.5362772093075936,0.5474682641824424
0.5565155483951776,0.9958456017162729,0.17860790932365278,0.796905462514611,0.7107709760066827
0.4726981739115964,0.6139951240348172,0.21349739391099587,0.7761600982940193,0.5156687080923876
0.3863554223485838,0.14885680394994028,0.7931708199940416,0.11467609972568665,0.32910803429807134
0.2561832276749952,0.3733049901228874,0.41752280610753034,0.301795705242936,0.2796199092130509
0.7192993593255865,0.9597196891333397,0.45842587404491564,0.5394623890283519,0.7344080910456576
0.5095099290762616,0.1496367215089267,0.44972730832378194,0.7171263525820193,0.39084723998434645
0.5306417739056967,0.5376057067264131,0.49191641975237677,0.5593102095942694,0.5840456220596361
0.5747630678996903,0.33421529337075984,0.20788835410499706,0.8502546246454182,0.520871862644462
0.6883143990914219,0.8510369385350225,0.9316080954659239,0.8523601813691646,0.801723526107571
0.626442506505143,0.6652041034810672,0.7127180029585496,0.47033983919771283,0.6719550704652647
0.9689658691176304,0.5269630658254916,0.5535587938372605,0.42343232931799146,0.6382764422752929
0.2847317767626431,0.7551430501161415,0.8037519743040816,0.33707662366125807,0.7328747557804712
0.16469751056698329,0.26832606896433864,0.08020770781372599,0.3404734888603296,0.2452125030097246
0.6939318657331539,0.5176480890176051,0.16736753072665134,0.7946873861245544,0.548427325793393
0.48295040387227384,0.8718763803988546,0.3952256507224664,0.27803327784725573,0.5170685158816706
0.863011243326587,0.8638667559882083,0.59623107984235,0.5291468889065364,0.7585746978106461
0.5974727028370331,0.9676470927328087,0.9961468309333384,0.0,0.7055896299076047
0.5789529647705629,0.9419604875628733,0.6812556301868748,0.834468195107311,0.8419823301020899
0.9455327989433879,0.4285638378056973,0.3583676323323983,0.5896499670200166,0.4131142936796929
0.3924927057372296,0.5649999711819157,0.8814747766962716,0.7260990732192408,0.697242303166646
0.6921557453074728,0.7177222547434914,0.5580489756294875,0.6001349309652193,0.6078381026752153
0.11651379550626934,0.7556817770495199,0.2653424748069332,0.22843857128635942,0.3275430625977391
0.6175554029347314,0.18928286496824598,0.6033449653117534,0.14459192036597743,0.2561837469718178
0.20794616547178224,0.7258936605836355,0.5697194065334856,0.1608852510150463,0.5628791459636958
0.12486678022757358,0.8238405151711938,0.19946268683305202,0.6621873747785052,0.5008478671500424
0.89504783834412,0.9455533437674526,0.11360236947397961,0.639615579848669,0.7500399764556402
0.6693934383365857,0.05246049291199406,0.2932660857428302,0.7906795964592747,0.33568141063119566
0.16900514377146097,0.3555353652304085,0.8997748345593262,0.7644969592856501,0.47306820240489766
0.9178234896726153,0.5184075447345758,0.07494401269849682,0.6739792498641057,0.4971858555294735
0.23978171813203572,0.033875464406750044,0.9898413819555688,0.668209481364969,0.36009370837508936
0.8107016165024524,0.8119879690459179,0.19392522431977388,0.4474954015430535,0.5986227048321436
0.9690631505538333,0.16093701120241843,0.18124780606615498,0.8968757309433959,0.5207989160809994
0.473259372733126,0.03615266054128918,0.3214212778116706,0.10626035504940194,0.1532562785794237
0.6239092337378525,0.8668735827991789,0.9532923963662899,0.5540384047773664,0.8698112957282016
0.1360176766651054,0.20085121605111633,0.18600843185599525,0.6148965478290432,0.21422789012071944
0.5280196687466198,0.29941278024663276,0.3232453170594717,0.8872789839282156,0.42611069418175385
0.4997297819981077,0.6344399411683523,0.8276794072035405,0.6907490672553268,0.6085394218845505
0.9206127463299419,0.17483928931557324,0.8344228458443447,0.5424370258841952,0.4826704289810933
0.9348744692711326,0.4073349205032607,0.9988448271846312,0.4465472410062552,0.6436128411428153
0.7345180313819305,0.38495088392854715,0.24609413609544406,0.0224050301199947,0.43822846696581075
0.3593958246602803,0.19432635387377428,0.9739355741044274,0.5222711792831931,0.36541536404178343
0.4434183271469635,0.506688152808257,0.2687469452897683,0.8025727428958436,0.5095876118483248
0.5898130818493758,0.9505503719437564,0.6253976298804127,0.45161630229264693,0.7668567877618686
0.42072903398893446,0.19127898789689746,0.8563001936971452,0.16449414178684013,0.39826557854592043
0.10369130538715038,0.34293511583670533,0.9688593354677885,0.41783191736949776,0.5164270185241597
0.32769976646066235,0.9756233704823213,0.8625010408930913,0.17236645950734655,0.6742698341285074
0.2477029956362113,0.054522558878279725,0.32973110714621234,0.25716355727499274,0.17945203044547198
0.841782620406029,0.7662228180040461,0.3749921449465896,0.5209971235002954,0.6658622195790816
0.8219602895720249,0.9468960253420421,0.03206452148417116,0.6870131673252721,0.6679885290747268
0.6236121382999391,0.5220735711373331,0.33090858307802606,0.8569339172925299,0.5737539666797933
0.9392013601165132,0.14679689737704904,0.6923361649097234,0.7003357342477949,0.5692483558553929
0.25436169788322,0.5648491709995744,0.7033409545189324,0.26072039897442456,0.4159404538967826
0.6165228780516362,0.027174036293921455,0.2632214028671347,0.4997508786329563,0.3457164005912854
0.8277472287185108,0.2358360518998711,0.4612705331522716,0.2905046885132021,0.39216319057702714
0.20104548249601864,0.7267405652293196,0.9443322357482916,0.8513241081176712,0.7288573372960457
0.9321131977180603,0.8164640593918385,0.30038980395997117,0.7188065015285325,0.7104191884244789
0.5232073482988436,0.5302194068171001,0.26402709569691396,0.5368715488489024,0.524954054078171
0.18915079079438918,0.3187983617505512,0.05127033246315327,0.5770504842291911,0.27041750447826957
0.6294824609423246,0.5617554525443901,0.6603533285426847,0.2521805274452674,0.5716201823077917
0.2974312585587431,0.7342183395288688,0.757482324740119,0.6308298177405006,0.5971187246896053
0.26815104994097744,0.3512783724511417,0.5727552332848548,0.14806981559609875,0.3284719302512316
0.9416458096721002,0.9549079089350034,0.9589046048452052,0.7578417688559708,0.965894407510217
0.8393863439769543,0.08101489283126417,0.3165070488750267,0.12288247075498476,0.35330029369495103
0.5582023232399913,0.5555186667025958,0.8249384798173974,0.5854903922636403,0.6164034734740366
0.29778338265644466,0.6501005526505539,0.9043543402503142,0.239388349597587,0.5999071808147908
0.1289938244053356,0.4625349432957061,0.31347528993410156,0.4953035365097758,0.3957297302881318
0.7266075341717294,0.23892881707785862,0.11857343304095047,0.6508097537306875,0.3572340129257853
0.32545759229725124,0.31120535932830795,0.8500398549931936,0.5941767851305418,0.4938265788945042
0.28671328133189056,0.4330049301124801,0.6466072368392933,0.7258324397109653,0.4320540285442755
0.9660502541372169,0.23492919302914328,0.1003310532120687,0.2455646910088595,0.3166998170229346
0.7068129054653791,0.3360783877422381,0.16977693975812214,0.4468068491707908,0.5307300042096286
0.38401597736197757,0.9910853381353594,0.43143146703748825,0.19154244426519834,0.574839065937667
0.7014133152796095,0.7168841755972774,0.5811853427321135,0.682264345136009,0.6893995394178694
0.22387509823722784,0.4186070092930494,0.8501924001952541,0.8157164684940265,0.5789564086755606
0.4792058349499435,0.8540155304554593,0.7715499352878171,0.2170555153946106,0.6045189948619808
0.8111492343378546,0.8021443781024846,0.7196550732781142,0.5051126994131429,0.709202317003834
0.3109651699674331,0.5325148697565201,0.11424845325805633,0.6912106987890743,0.4020787032797586
0.4415008481928563,0.838132525605361,0.313161142862179,0.9908597871690699,0.7294304726285558
0.8518261187610032,0.6157925521013854,0.6337884195450022,0.8777735047247855,0.7227289215785567
0.11803094566949363,0.1409793369901141,0.6788463850288614,0.6498076200372006,0.36187286502461863
0.5500831022040099,0.10330047781327989,0.19764778111961534,0.900515910669009,0.36832846294745997
0.35241443816666074,0.6737625492469325,0.9277121308995769,0.6681358034167499,0.600326810035467
0.32095162992472465,0.651578927980252,0.832261770672481,0.8949902397716664,0.6481771161076046
0.5589033181577846,0.8630269481496237,0.41667008320637045,0.7631942237742184,0.7145860736703272
0.9291233334949252,0.3061486509185748,0.247710971779047,0.4437198957462,0.43924827163572977
0.7114677018356169,0.5654434995653427,0.4362893592936943,0.6606182352125795,0.5970584290109235
0.5515326857587142,0.9011891219546017,0.26083516280397634,0.23543093815188607,0.6152114403149311
0.7086152667700998,0.23076838998035432,0.7910298770117512,0.6580401036544024,0.5478463630398959
0.4432969738950481,0.35616696531444303,0.37233781838538105,0.5009585967891195,0.3300567884867591
0.7637843687935408,0.0026074633926337354,0.6282394340372324,0.5995869592380632,0.5177892232370899
0.11580891013357025,0.619207925029823,0.4579094069647154,0.49056459033037964,0.46815574115789016
0.8318060127720819,0.9404635188285677,0.3356941423103841,0.6091379077391167,0.7512515401107536
0.4882289107492017,0.4459652704044057,0.3086076816354366,0.2791517795730924,0.41418795579688145
0.6901520271332484,0.7336884592758568,0.36598690100280706,0.8208116513169599,0.5614709647390026
0.14945810848176394,0.17661369257412285,0.5487196055830494,0.13830675297058811,0.2366564168277016
0.46960862345443033,0.2796614070149861,0.6097240475222925,0.3582721302824372,0.49516892598110257
0.4103864053238888,0.649044467268214,0.8828117988673707,0.23987128017903442,0.5477305604894821
0.6735518291107788,0.7877018826989478,0.6997690434814383,0.5086811666160403,0.7803479636518742
0.8910930769827851,0.7546825208681412,0.9334727919475578,0.5561444460859952,0.7546580364346296
0.7432091838328788,0.3839601263173785,0.7708984043188025,0.16482087118569846,0.46807350279539406
0.6042080081784363,0.2038783426215992,0.9028270117268217,0.7426731413960783,0.45012564563473817
0.44922485650736277,0.4916467501114742,0.2952470545129191,0.7457404791625455,0.5635297997473332
0.7729712388393651,0.9128959803062341,0.7549317330722383,0.43736534056211485,0.7450832716514562
0.8360409924284106,0.45561078810271327,0.7997406437128391,0.4958284253216921,0.5244656659451572
0.4786140133368356,0.8328430928668374,0.019231703456760174,0.45145586308959,0.46752377588138494
0.6920005665143606,0.5811223999290556,0.5298991758050076,0.45395930785030264,0.597449387249734
0.5744115295999278,0.465631921559137,0.9996696431230337,0.047256125308898056,0.43534157075091323
0.12409352713281507,0.09193793592083765,0.6859292207082196,0.9069283706395184,0.3697551351649474
0.6550410976904213,0.09372486605971642,0.7809331797904943,0.7015579013809551,0.47726801840745
0.31358274480527637,0.43759774375379357,0.8560953322363837,0.6476959570383414,0.5014184543352775
0.8844226527290344,0.033821287571519254,0.4043300593475422,0.5600101871678047,0.41041478414536137
0.3033880890953432,0.656413134229673,0.16421695822734594,0.7090583923481496,0.5355298683499988
0.7185489505483884,0.3204499303747612,0.19873666387015676,0.6665211075718442,0.4643624417300201
0.7574883683469211,0.04635326943427953,0.5496696690036911,0.27796961821794947,0.3325591139171678
0.976421667954699,0.039124804819719805,0.9461975264800317,0.5218022804719644,0.5562678867744997
0.8480212888633263,0.2820423547896711,0.547737444324274,0.5337475497863907,0.4238687490674517
0.9857256823375624,0.18704268523871437,0.8648038087401708,0.24381555499847896,0.4215544535991532
0.14023924709940688,0.2680089836852235,0.053776905333052016,0.4220894868007404,0.25940728915815153
0.7106853197929383,0.5825516963846002,0.5529407481892521,0.4521215791188725,0.47195362690691267
0.7555251724630503,0.8968290448407071,0.05265575945107992,0.4288236757763924,0.5535750876117241
0.18180901132709304,0.5147673740754429,0.06387578386188841,0.8177706354355018,0.33494995527821714
0.5355131437196573,0.8140548723120092,0.9538950638977405,0.3244500551632894,0.6471421976424608
0.4563200356864152,0.7183483245207427,0.6122652287298762,0.7931395837670218,0.5946609037039106
0.8026461961358701,0.31468897387132655,0.48190756883600216,0.20261851491857985,0.42687440855409414
0.21990407318591798,0.2042647583330054,0.7667116744207175,0.45649473997641404,0.29642788808460285
0.5112050994841851,0.4108999049918065,0.5550090864748513,0.7871225745215755,0.46451408768414515
0.27905473870479147,0.7435091521438564,0.8850758625429482,0.6481086678731118,0.6836941178935647
0.48071300161758646,0.5573450647164668,0.888592494623292,0.6173634714734131,0.6006603388622439
0.5801317734423983,0.8265557967860978,0.9902498679211995,0.06307857541579479,0.622660422686739
0.2268096742658135,0.8535563636206633,0.588723090307074,0.8290210743095436,0.6890675524213862
0.6483809727161747,0.048338904178092945,0.8722751960031923,0.5485511886865473,0.3311089533490212
0.9424661516765084,0.9027404610920015,0.5432780299181056,0.669978673102124,0.82429008593541
0.6515698254087869,0.6882846703680079,0.5127364702852252,0.9181569080968207,0.6735018932599829
0.4432032792236512,0.18526817569773468,0.3553162643253547,0.6990413733327604,0.26758883087250895
0.7136171301559479,0.44948196518542805,0.24167122597260104,0.8389945599383437,0.5423937485061276
0.7510227505469316,0.3816883057489959,0.31909996323685563,0.4598141553325186,0.48399085637632955
0.1140466929897348,0.21057778202918676,0.5185314333167084,0.3348248972329482,0.29066212019873994
0.9064139706654601,0.8615642842499565,0.164039947076413,0.5948977511473903,0.7250447875216106
0.150360274373164,0.8852991112711923,0.48182133541419747,0.47317230786755543,0.5811063022675041
0.3711370580680263,0.28496826573724565,0.3896559147031825,0.5129114227585737,0.3666397170275561
0.1358251148998786,0.7630193978156674,0.1685691443921128,0.7286807695633868,0.5231379752845993
0.40660873207314474,0.3891604626859456,0.7558733593374654,0.9883334109669005,0.504976731312473
0.6038569860255926,0.24691649510879043,0.9771453328004058,0.360952500305611,0.553707489326323
0.379940787776175,0.31149542472760194,0.2280888647699394,0.09530869036562145,0.23183473277461467
0.382883390852223,0.08466981427528941,0.4645384635244192,0.11913399583422866,0.26322127585882427
0.9525043246120397,0.9541537271191779,0.9904657320615764,0.14821947346698838,0.8254445658301213
0.4062027173701528,0.31813253133349084,0.9565277490780091,0.8685124338415307,0.617707808642905
0.4821736657513157,0.13554101309083677,0.41581641259522617,0.5417570217567367,0.2954005274979704
0.5945704727704828,0.6800568748548973,0.9383787370840609,0.36363599917674055,0.7207915183891211
0.7105840003078632,0.7300751666033292,0.21291728560430567,0.17952927664777124,0.4933114346371802
0.7871491678885347,0.31820679599608714,0.1458591340091503,0.6988461393875866,0.4075450407844723
0.797053695719794,0.9376992661940918,0.1416025756129884,0.3557038559853263,0.5927962815854828
0.5395191582530804,0.026847934415666352,0.7079644068383966,0.5652284995648028,0.2567356716212232
0.7914229998816847,0.8029920178671529,0.8793234248697198,0.3859818806389143,0.7650125940160482
0.8115935734410498,0.6971398139457832,0.9955202282643788,0.1028282820723073,0.6160834851262327
0.8374011616275567,0.7848537123557885,0.9294904227674665,0.6754919212091522,0.8258815761883322
0.6232464058028601,0.9086555613403596,0.8085132732604108,0.19701962181485594,0.71544731886415
0.2144837074040028,0.3959410958139741,0.2714606630209909,0.7322988823209657,0.3833055872144358
0.5180802261922874,0.42415560911901695,0.8497530489343326,0.7948649896410103,0.5741095909552445
0.5395043295957869,0.6526890393409257,0.12130470456516362,0.14569780536142105,0.38752991063393977
0.9486731704878602,0.21185890286408426,0.059010470223000655,0.3856866998803742,0.369409600020433
0.13126793133009426,0.4687335268214602,0.39865928751841206,0.7412163846503502,0.4018330951246459
0.7045911644107262,0.43144499230801037,0.11561188819241475,0.8260602130597443,0.48148448693902274
0.12529151525587978,0.9796138890989411,0.9803915193606934,0.7722925023813736,0.7638826353420684
0.729086597357037,0.4562400440533355,0.5311446325646638,0.5248258541761683,0.5416422981638301
0.6407581832793227,0.1602934738208287,0.2106024926325083,0.5079916648541736,0.24479409916546202
0.46744009653378327,0.30968056435145586,0.2971171581278419,0.26879020828923983,0.31318364420983286
0.5503809192692805,0.014271134563644594,0.9039020062837214,0.4891836364810636,0.38052315080429255
0.6788607551829061,0.8822124118173135,0.4021504761949287,0.5027924442679476,0.6319472055915616
0.3375700630620333,0.28097723387951345,0.4129528961003446,0.402305518847983,0.2858068906150477
0.7403088176778062,0.1476359640802637,0.45606714497092393,0.3401258316583839,0.3469821353101868
0.7518167081320712,0.8954037245582557,0.7606825135390387,0.6863175639554269,0.7738507472592099
0.9668031934463919,0.12287557989415265,0.2548819564111836,0.44471634130857207,0.44155637607440623
0.7317198117387486,0.45094432217622715,0.5222789862889461,0.6948168234025707,0.5784435716833276
0.30773600666900347,0.8487363277539678,0.1391966134168856,0.4944214840251815,0.5375234542808921
0.5722222072773427,0.7584085300912828,0.33465728712450116,0.7621035193154656,0.6285145091554512
0.40906910242001615,0.7459221194922737,0.6260772910561319,0.7469651486241905,0.6505365481993015
0.1556752819449644,0.7446314438540483,0.02403855590585835,0.38400593675755856,0.44070979556869155
0.9822898654550433,0.616291790254461,0.18346425396884847,0.5110753172414643,0.6196418521250528
0.8754693456209927,0.1507324072964703,0.27883758357760835,0.7944103533386405,0.4461068796275955
0.7685679080029567,0.022902161464912307,0.9589673461572462,0.39196288649528604,0.40597317996653826
0.732609354541073,0.08674327262335257,0.11704458137676954,0.6609043724066097,0.3467016446906243
0.7673861232528699,0.3354922059669888,0.36293877922533824,0.5740762986438602,0.4803551773807047
0.9401516890321914,0.03498187351615356,0.7692312035414377,0.05573643289868194,0.371994494380922
0.40429590708625907,0.744165762481609,0.7598069071003198,0.58539745725172,0.7296238727922774
0.13617882213208893,0.7618957921879063,0.09958864832833891,0.7135735606039013,0.48337037676172157
0.7218596081523452,0.682582169842613,0.8416062316585045,0.4375285584406858,0.6300673415393478
0.16973856112217456,0.5932594701753773,0.18934772362985863,0.5941902961761021,0.4099080783756637
0.9241222150464738,0.49793805339560626,0.39883661483975574,0.18244287908159568,0.5054053431398916
0.3421125381199743,0.5984617582480662,0.2016714348674956,0.711931163387079,0.5013963369088518
0.7952737808463349,0.2654732249976489,0.2087425334283899,0.4428071453801567,0.4363201902704866
0.632857876979425,0.5401167093628201,0.4939059939093555,0.37413787426320566,0.5187409888569043
0.6450879446394371,0.4894491986855394,0.4886861951261473,0.6205786036236164,0.45850349053255945
0.35994648692764786,0.4090077367362732,0.5239742026857139,0.8377229586594847,0.45630857555067345
0.8221244958842301,0.1000432844300112,0.9339953666766737,0.72869897624015,0.4954388886976756
0.11736921900428629,0.6534319241743621,0.3844089309151849,0.5888987749183643,0.56603405222871
0.6059300090577181,0.4652785720120073,0.656731206223462,0.5187499889647701,0.5326783915832203
0.9693551846013161,0.5143264789098588,0.4736911322907005,0.4491003945957754,0.6006510869049275
0.39209671542924973,0.7987045738426389,0.2106455976355367,0.5692901655600867,0.5631917468855576
0.6465921330319534,0.0002406697429022664,0.8054737346798247,0.27799142067521687,0.2884979605203328
0.393381139391931,0.5629815045152657,0.18717860898849026,0.13977136453315894,0.34182300732140897
0.7517529172672983,0.5750254562616394,0.10918899640351465,0.22253222174009077,0.5140858638769519
0.5356412883643413,0.5252613467179388,0.7019485009805053,0.1937150892627425,0.5190658256883859
0.729440979159899,0.735115824840396,0.2904109221422465,0.500250445488204,0.5632568756790194
0.3604426512451252,0.6414471627547098,0.1859520980008047,0.4864101989634473,0.3670761348409287
0.2682185813443696,0.5420353855061182,0.28249883684734045,0.38677208704551036,0.3369982490882984
0.5205662227225715,0.17541129165541103,0.14109779642892528,0.48669743240357766,0.24713438220733824
0.7063755816329729,0.7292355094683608,0.6905526403996448,0.23214587858909255,0.5779613298847658
0.7804149242186638,0.5211020142944952,0.2856488707180552,0.28184903662307975,0.4382575188040397
0.37795942822821327,0.3152805131039226,0.060552256241260594,0.5655554358288453,0.41720907320704614
0.7346700810256191,0.5373577492268772,0.46924494587053966,0.4268991611659454,0.5505286171246359
0.1540766415004583,0.9729019711967063,0.46543897060032313,0.6577785415084407,0.631162127413554
0.38811254463524014,0.840492508415747,0.832385365715857,0.3218379145784841,0.7063228280954665
0.19651222159257117,0.09257606705209875,0.712604684254733,0.7993461456331138,0.34001846303593447
0.9504001235934583,0.013581587898769731,0.34908253826523716,0.653337813651523,0.37757146965374655
0.6277277271906573,0.07729349315046585,0.2578700035480086,0.7719428293401448,0.33162413209005065
0.4124501557068634,0.5618981030014264,0.4333808481149408,0.8483841125026462,0.5614856696824501
0.8806808096512557,0.018205303103198567,0.12856810585518308,0.18252510618665235,0.22976950280766667
0.18074023844773063,0.6448553066971265,0.6163699311345824,0.7246947686252345,0.48471892474815625
0.6158214411886634,0.9774742783005703,0.23693334917174502,0.6703582980926363,0.6570905438079819
0.8782099773270854,0.9260074176032507,0.023806043258343013,0.7641879061477769,0.6844890063299517
0.22329714575707071,0.5651459705569438,0.6286321599028497,0.7160519763603417,0.5960717379932359
0.9877587188367699,0.44150674328917106,0.5181849423431099,0.7714816939486322,0.7071817250311867
0.7208091922692751,0.6881671175489188,0.7047869868402653,0.7757043990744016,0.6259828203494986
0.3835644640419088,0.3498523677036637,0.7622467650167147,0.5886237156233987,0.4999604428575457
0.5587991602331612,0.175454970196941,0.8062096551724331,0.8533500840980309,0.494102674757583
0.13622029355732562,0.7532364143087609,0.4253552743286837,0.19345460215778287,0.5104444844196206
0.8354145539531304,0.9159920013620774,0.2978500112861028,0.18685081880107748,0.5902297049700747
0.5867310542341918,0.7188142666942388,0.2252888918625443,0.7334902571986024,0.5799440407880664
0.9084517367894155,0.304443448990374,0.5001480831643993,0.3778571501580924,0.4646184959413377
0.27364099266351577,0.20388647546052385,0.18705683602638035,0.9437169855304113,0.3597886392817946
0.30836536142145043,0.9499248239140546,0.027689886758775373,0.8212641190847645,0.5569322755662804
0.7204049399800745,0.06970774646896116,0.8598514719156631,0.3281516014838884,0.44873798367974643
0.13622218676938366,0.23592011047338368,0.3741710935915801,0.7186686773304095,0.26388968659683865
0.5511094540105672,0.7048361975173365,0.15540112873901546,0.6339530480041704,0.5619212436676677
0.528217133495141,0.653565152681102,0.1458691269538961,0.3475681886030592,0.43783594245848345
0.710621754854161,0.8188549607630752,0.5637783009841266,0.977344733940187,0.7878694767368295
0.7213398144682811,0.9345182184043647,0.7139420798267541,0.6894474671934671,0.7787391357089619
0.11991994800230626,0.6283363652986538,0.5823705631583486,0.02285774485561559,0.3348700415583886
0.22427529094180815,0.13228370800960543,0.11411475718677855,0.3211784832698085,0.13193035638307576
0.13381559726014916,0.4922564063789444,0.8984455341441829,0.8611571550299758,0.6204260939687044
0.1404185468578584,0.15034587473176653,0.4235240923010226,0.150919353350358,0.1465613789702751
0.5108605810496112,0.2716946161692593,0.3519050557586608,0.38464993044302165,0.31483857142034255
0.6237728267606328,0.44371085521898623,0.022039203667634233,0.5531596027235228,0.5373155241541755
0.16808021259161468,0.4628306571988078,0.9892562386150588,0.4414362084178789,0.5203409756771565
0.7844518039755158,0.5231780098395007,0.9242377008141329,0.7341226632692484,0.713959950710378
0.5091251550176885,0.49241078671537186,0.18636938881617127,0.7632346382742103,0.5879868764994819
0.23422159706278403,0.8295231655007547,0.8365201944475789,0.5507611822943248,0.711129505575176
0.7620588799838964,0.7755190805238095,0.8088230999827948,0.7793356551551404,0.781744805961965
0.5536674521560795,0.5266893589263512,0.9267128453077733,0.1309960714007382,0.5274090404838222
0.5766067842835035,0.029038782659774443,0.04050068648191951,0.32266598343105296,0.22214462802695228
0.19905238039385936,0.6098655479010957,0.44330679336974044,0.2069336808472488,0.37960210102754893
0.6587867688011211,0.969242130458038,0.19728830871706848,0.5053384272479021,0.6913847016281188
0.5435883074217694,0.633283513639688,0.18323071874215557,0.36473431860153505,0.46795305037456203
0.9075669296799652,0.021080660428536957,0.8586495789026308,0.37733377962760006,0.469599707866975
0.4978933715870011,0.6552324845763441,0.34031740429819146,0.6235150771691896,0.4646390277122129
0.413828105825473,0.40014955390584517,0.8940546127021446,0.710338440576487,0.5518660000439093
0.25252003799959555,0.47321502991810505,0.9712962274285455,0.6570275756969629,0.4944100809310906
0.6418483056343406,0.6349537129722892,0.042783280983794136,0.43635733992292614,0.5289733297079148
0.6265899086904875,0.21487117384913457,0.8890962427162395,0.4694611380795908,0.5335000215782443
0.16977827044825528,0.805278785328412,0.13940344201150467,0.4975652638788106,0.47305472261356435
0.6056180673959242,0.013604395450668272,0.41189829760993657,0.7840850528462272,0.32994232706564763
0.7455664698160851,0.10529285825594503,0.23944009340039418,0.4489237980538377,0.2735733960181117
0.16470947679174647,0.7156737768553395,0.39070255068810933,0.36853985525579513,0.547569168479094
0.9119982578863367,0.049767196588575535,0.5241115412269551,0.39654277745141814,0.36087442105489587
0.991078521069494,0.32249721835669376,0.8429562282351153,0.7997148238943474,0.638851463629021
0.5454204442989945,0.4713681557014906,0.9562591980273812,0.3423291948423834,0.5408371741631357
0.37828696287639396,0.3747043699671896,0.4691029749514899,0.5552542317064716,0.295337562553036
0.4247261436211761,0.8263592101750041,0.45213905512244745,0.7371206763470058,0.6542524089449834
0.6742985690835547,0.5880547658468156,0.22941199123460632,0.6638275223424364,0.6085672890862933
0.3961565352108186,0.5981938785178935,0.18356290811990872,0.4364368384138402,0.3605041199705791
0.5723894962050242,0.5996401440689663,0.5666674537501646,0.5687576324473261,0.6340415056887917
0.9715238033587246,0.6561450425593582,0.9836608041599857,0.6355625558762861,0.881936220383306
0.5125645477274758,0.8486277987209782,0.7586485927424472,0.6331202977632588,0.7757320681572512
0.4129885188231651,0.6798040709591319,0.2630377990850331,0.20762619298574525,0.38654352919281804
0.8954083560341299,0.6993709568109769,0.34160226093303414,0.08869335089572501,0.5344618077640891
0.22662588147467166,0.2196746779947074,0.4819442793927208,0.7952291843324104,0.3594995142095367
0.9913613811239796,0.8791867446522561,0.04560272382608621,0.508535712431188,0.6491539807312985
0.8628806319868384,0.5927006378378993,0.9312985525961118,0.43662304876249985,0.7221362635748809
0.9423766762396518,0.989206525798093,0.3965392275644841,0.16465509712501308,0.6857993640388701
0.79114379645621,0.8529243581784497,0.7788926451025717,0.8244700426461707,0.9348880059088384
0.8571775163497316,0.6771900939767854,0.6978046984944085,0.5008415969942992,0.6867442920179783
0.9792347628104157,0.06665179712804081,0.8982211239095694,0.779747986361843,0.4729343732983478
0.43239715193768025,0.8887357893866253,0.46437032018204105,0.2921030435032483,0.6032909208356864
0.14065098084772998,0.6532579594838668,0.314077376419847,0.8569086289489918,0.47120101632304595
0.3837306316373469,0.5129607482592392,0.24623710120620945,0.45904805312225305,0.46298632989256083
0.6748510679353054,0.5322348476766979,0.7684105431140342,0.26259320959729027,0.6225583143681008
0.9553976222935098,0.7164779669139498,0.4925317810096598,0.29008089089971617,0.7240605968640323
0.2965944204898123,0.5424101286783086,0.3711116637765881,0.4766448456423618,0.5411118708102626
0.12619130619067895,0.023099673424247125,0.5165124626245746,0.21833914294802914,0.1425481062853631
0.8101043961046251,0.33021522516002744,0.5356316528472319,0.8118330218898203,0.5077966954287517
0.28235693721275074,0.9183027420097729,0.8582797228559551,0.730433367189375,0.729344516120839
0.19770683023252844,0.7917328929996529,0.1707545509961964,0.14891423243976162,0.4915257923317305
0.1377551363410451,0.6827525773399592,0.30744959496135194,0.4728444032994621,0.46171003569709296
0.14376472447174993,0.6756277676987004,0.7868411345141675,0.8090844329919439,0.6010946118292788
0.37225356431627044,0.131770888597036,0.3829670110643133,0.5564498204047497,0.25695486958706054
0.6155979410619158,0.5843514169821129,0.36960544119526884,0.5348898525665675,0.47875823604693657
0.5893312776804257,0.4716528013283886,0.2689043045614814,0.7873751852250412,0.487101712105731
0.8038911029356958,0.5328248613126102,0.6248231420934378,0.4968117106240622,0.6108701861031737
0.9050691191949414,0.1899965092022845,0.3434442832940099,0.7195638498237383,0.4809034558477278
0.4349081764072259,0.6097313531899208,0.2743473861553567,0.3179597009310649,0.47279933917176303
0.58139020680774,0.5554936823944011,0.10665506962969062,0.4077684709562296,0.4659618342503462
0.5872910289488604,0.018465904893235963,0.06197503598951937,0.8804238294682676,0.29864744412426303
0.6903256172337762,0.9252469869511654,0.2477302857741588,0.5308972399514831,0.7204230839055442
0.27869716318338367,0.5268029188559366,0.5372081793948886,0.9493928143642199,0.5472478658120565
0.6487259096304857,0.7237463854077856,0.025025101563866614,0.5977263370303122,0.5527787928633575
0.464663893420865,0.92622745020583,0.3531544022825378,0.7367199798775388,0.6798250666883361
0.5360846330130821,0.22456861927675142,0.537277846548448,0.4875553020397984,0.432696166399569
0.8522257326560524,0.7385594981157951,0.26514900221701065,0.19846345523532588,0.5403076705316654
0.963776893960321,0.9689681303219958,0.625641628202522,0.10223114619474048,0.7105543590468705
0.7973648618806891,0.7398216343655964,0.5381434300814544,0.1875972924121149,0.566049140630361
0.7064541650502792,0.21068791703030143,0.8369388448099562,0.11181815010145807,0.3857566178423406
0.7575040728077187,0.9654581784398034,0.8092812643714332,0.4101422964239658,0.7438834158534577
0.6564599390719046,0.1310372253655483,0.3431763870323312,0.33374736284422735,0.3335778003627145
0.5511164296828179,0.2391767948573762,0.5900933994880078,0.5132282001840318,0.3271505928678472
0.11523641718298155,0.522095236914789,0.3352478357003311,0.326881575908596,0.28835599596216915
0.5339946453043478,0.4848714745971586,0.8905024873479125,0.23934840092010662,0.5174569111676752
0.5671825573057554,0.8104019408589833,0.42770117081923853,0.34282641772506667,0.6798264637570861
0.9376372105195004,0.7371249658974774,0.5644029255105999,0.7327303273175584,0.7800261850783736
0.32173419983286455,0.3948569655282109,0.6833036526040215,0.16769768543518254,0.42679622549690993
0.6344689282352207,0.3994003017782948,0.8355392792414255,0.7916240462969931,0.6543330035543251
0.9034098880104116,0.5021811415391275,0.6457649506929368,0.76111906590831,0.5946279125461557
0.8581211089465438,0.2845608397616026,0.5754752778863649,0.23710537382153632,0.41121593297266673
0.30949505521769505,0.9235936304613274,0.741078804542796,0.5090845020531771,0.6432804568533419
0.4740035789109849,0.3843390279585277,0.7383916369360575,0.8529299933943669,0.6346059887422092
0.47190040974259406,0.01429077004070034,0.7325328293010253,0.02955996183120982,0.3052126294657102
0.6212990706139961,0.46663436995018714,0.41983878235507666,0.48456696241202896,0.5398038945250127
0.9519748544934573,0.9205352312396275,0.6844326895815988,0.11031183785656276,0.7140215239061244
0.9061691006118813,0.18817159584612386,0.33118877215224385,0.9461633819204591,0.4239246429412806
0.22349550844905935,0.16051541528069124,0.07691063873533466,0.2661236348114859,0.1322645480657953
0.3627369739657661,0.5451735072326199,0.2773342060495543,0.30048174015860607,0.4127659253718653
0.5895085786418328,0.739551148734993,0.605003061338033,0.3073760887411449,0.583108969121064
0.702792012150641,0.32371621382276716,0.5091591292096588,0.5883062961203781,0.5758816431922198
0.15911275209185557,0.24907683217159182,0.5718392898565416,0.42508933032097557,0.2902885163906369
0.21434792521420357,0.5025316842570751,0.5612755148562122,0.6446312484075897,0.47457770755728956
0.7960178021350867,0.838881080505121,0.3668683942862294,0.39097754020998415,0.7267695841989654
0.9627164588164223,0.7248313735243089,0.8837959840764773,0.8023156736070609,0.8616781768867177
0.5068841701513458,0.30063192858167553,0.5713515657069453,0.540596549918302,0.4189943860957495
0.8851687091892608,0.33256295240701816,0.13268204656084948,0.5566280196772195,0.49863425253616
0.5528842030674676,0.7687347933788026,0.877545542559473,0.37553749169587247,0.6265987194321399
0.5519336073732867,0.8625568325238507,0.6714966700324616,0.4520851185695259,0.7129954146003475
0.28764502745883447,0.16284657527909474,0.04234974747641429,0.9670850529443661,0.4347971317914684
0.42487431038764467,0.1456520910643565,0.3323371802203223,0.677184242355862,0.22650670695143
0.5914491331929079,0.8417057652229475,0.1701012461881699,0.7702331457229518,0.6264165021968673
0.6250508833326149,0.47806254461395226,0.5489746349861391,0.8215305087019801,0.5209856040580783
0.6857951366114825,0.17779833856524874,0.051239541146424705,0.38817680606439686,0.3372577063113554
0.8762678256040222,0.19797325553496758,0.9207673898585332,0.3620774083408945,0.4915846645055249
0.3309641235237051,0.6710901744959188,0.9579125508901479,0.7532952721017833,0.7459468496636884
0.985943181356743,0.46854694979147227,0.8673455047021125,0.20395988180521377,0.6588108372702403
0.671590483736074,0.9050265974431984,0.6979760473399205,0.5865773009881364,0.7302793221708846
0.7958248055967497,0.09993690656861953,0.881189236894309,0.5032974234914032,0.41053822810519025
0.42967283073610507,0.6454418331834965,0.947522980551238,0.5232204237413911,0.6601286139881288
0.5246586773538524,0.868850751801164,0.4148479698098231,0.7607952217332886,0.6890166876837467
0.10802150575457402,0.18863151011598778,0.6892743824616144,0.7946115248712616,0.35669197708750316
0.7893623541749656,0.45381591372437047,0.630284039496343,0.13495261866180308,0.495321222968585
0.5245904360348412,0.7438621448859984,0.14003923126435214,0.5855382335123405,0.5846333995300417
0.1115717807052775,0.10997923576541713,0.3636591143316067,0.6694975414369297,0.2899781628495656
0.7779674084941738,0.6958636165986992,0.487469808315544,0.26415549813702727,0.5106805224350804
0.3029527922688664,0.6144212982230295,0.028005319472458434,0.20405229423170101,0.3908293024363989
0.26226485675759603,0.9015680855277886,0.16903751636255104,0.21851233909525428,0.5396525031574172
0.20724134098641833,0.24493904569365632,0.10014328773835113,0.16687606911216052,0.20678976290589854
0.6129133269821582,0.605675222173172,0.36552879690727913,0.422052513193528,0.492294014202872
0.6335668044029994,0.4912676284900007,0.3034842085515608,0.6911595012004359,0.555453641318324
0.994078098624311,0.4003806798637316,0.16312111586711353,0.643191705365479,0.5525526504866988
0.16294960912476814,0.4191050862867066,0.5830064830045513,0.5423645788533188,0.3971412853339161
0.536445127524487,0.4689428434408158,0.26162027729067383,0.3850823348051402,0.4624592699785407
0.9049508683286417,0.05717965453026652,0.5969639657164428,0.45031238726584716,0.41701165288052067
0.49693132526105843,0.3538707434482363,0.2233150472740052,0.2451152819738623,0.3417334036589754
0.40814358940826956,0.26665965838820116,0.9848659403448428,0.7624071754528644,0.5508064314604573
0.46327197362725414,0.3167910744946142,0.9337441982278135,0.4697588330443933,0.5114444197080252
0.9302884919675439,0.08140976502692443,0.6884213462431659,0.7836799492251943,0.48463082166229654
0.7343058641029542,0.850805957967449,0.954378600220893,0.5020123902995707,0.7044427347453803
0.4662892799111126,0.43110648734553736,0.9678876499344186,0.6842309936945792,0.6529489475107528
0.39724064949062443,0.1257149077846762,0.4753603574556491,0.43312614813308614,0.38003904552528006
0.6237492773552047,0.7861154478031324,0.16924759744289453,0.7293316184820473,0.5958830994535695
0.7428861735493357,0.32675604724303087,0.2895427477937049,0.3174902700054476,0.4030093208246195
0.2582720931845733,0.7747235933045602,0.5138573592691225,0.8385055167937835,0.4966381464877146
0.5966040055546933,0.9791532397514886,0.07344469100576145,0.7034029075388464,0.6257431431341391
0.8064903768959322,0.8915805579581095,0.5629312315051159,0.6171520695452716,0.6722536755778207
0.11538416810831983,0.40754293793421614,0.22807759410306327,0.23632488669309545,0.22500936558819512
0.25997788325398274,0.5464214242139388,0.11972751399989379,0.483248554521259,0.4086245907922433
0.15233600850976103,0.5265156165216303,0.5394265145762364,0.7477479070590364,0.425953133314322
0.6751292477920277,0.40587966883722404,0.9715210270821563,0.5486887444111028,0.5995986902214995
0.23284613724182981,0.34886209677027313,0.8299180309869587,0.272230548378274,0.4168985910466399
0.9983780621974856,0.9765071903006258,0.9617453767045951,0.8384702703002781,0.9298831239054351
0.9591556343536486,0.1558603675870771,0.18923760254524824,0.7388484197961646,0.4791696445901864
0.42621693420693374,0.1519060509889396,0.3265038394705557,0.6259071419929589,0.3757732063428335
0.6770796699089333,0.9236026679779178,0.7829883572657359,0.5497730109558991,0.7449419986338143
0.21553515867931,0.49898100519376154,0.6536364449100499,0.6118623435752065,0.47244201929697477
0.3104635321769299,0.07991510934660673,0.000554184585253914,0.5390096798656312,0.2652222347677906
0.43765875848179225,0.4860034482382267,0.4070849728153849,0.27069895842437464,0.4851576633690112
0.3656404349396548,0.6153011757733516,0.37526547104343966,0.48545861251325606,0.37721752685517307
0.7649175608644734,0.40170953341334004,0.4803970882023202,0.49747565799320437,0.513088404337857
0.8496979680154761,0.6976348228326642,0.6913864452150186,0.608253700868291,0.675914158585999
0.15865479630748633,0.9631853895298901,0.34899010801415753,0.4492919570462166,0.6229996460814363
0.30548815641724847,0.38185762522183253,0.6538383898166262,0.2175154440666474,0.35227725275203353
0.4909049664834626,0.3351831292187686,0.33595924819551315,0.2634649268439687,0.3615698128027778
0.3510688934784708,0.2889829042417996,0.7387480290356228,0.6915052518705386,0.4550753973592772
0.6274994823083216,0.7827357103601918,0.7461505038267879,0.7294016399306631,0.6585468558772511
0.4075321411982784,0.27698957538720925,0.3357063908699355,0.6862776359597682,0.42223143416401354
0.5195030724455283,0.3255768331493284,0.765531331547599,0.7957304771386667,0.5312328965274982
0.16894325468233906,0.7059066693266582,0.39366341405564076,0.5790391076535469,0.5367174478403828
0.30491796333663856,0.6221976462801331,0.012137458315200522,0.6220480621521189,0.4279566734890108
0.7040675099432634,0.9791764972000584,0.5319726586169528,0.2550936649798734,0.6270315743467914
0.3871858058856892,0.8871419986941438,0.04924440140828912,0.7850121966477832,0.6547599027605961
0.4614806594908377,0.18680084104503558,0.624400487472163,0.685968377195284,0.5299805636893227
0.45777009619649434,0.42341670930627184,0.9259915339198553,0.8696408657898743,0.569227434021388
0.3899741055831665,0.013404814251991026,0.8433916463290707,0.8169693157971284,0.4395273305953142
0.7450988093508036,0.032578382392174476,0.3735204182403614,0.7382053035759538,0.49762696072818513
0.3621725278346354,0.8085861694290979,0.9202711976015386,0.30838356187340543,0.5901236994737654
0.5765345941414546,0.6844490484631971,0.6228292369611795,0.8207781848726218,0.6673490008569785
0.6875362212885463,0.23214888014324964,0.4367065856894923,0.37262548375538457,0.4073168732659764
0.42060835788475737,0.12417975482951937,0.049903920910898236,0.6625002351502581,0.27846027729514466
0.4128078530455671,0.04352018535576274,0.40044522645188485,0.6642419025051806,0.26888616994406234
0.6637279100289922,0.44540107778750915,0.09183330785516042,0.590480606791636,0.466770480467351
0.1620394319116802,0.8644769036178283,0.2854477871998655,0.22353171684846374,0.4828199323605966
0.7522385387179398,0.4453196182237519,0.06036584351505736,0.49241012149203395,0.44314672666576754
0.7241154211568507,0.829327460062097,0.03449382886859387,0.22482299350774348,0.5237093030514672
0.4943101123727769,0.35891299099803065,0.5662048235071453,0.5597794909663187,0.46782350979401655
0.8797736165723418,0.021806793124395596,0.6795541191072888,0.2742354562200953,0.3845635051644706
0.43933272236582743,0.9091770149305614,0.7894079523393898,0.9312349419349959,0.7165496181374396
0.14926567231894322,0.7760489588693803,0.6137064818495768,0.50154046815576,0.5246670852156545
0.8940278110083377,0.34324859489874326,0.38747989351729695,0.3866327753916794,0.5737967935416954
0.4486974556197113,0.09446611793823312,0.1907504031233812,0.8452069397502535,0.23443914447861924
0.5862941805178498,0.7056035413643416,0.3576770913057742,0.7659682549405868,0.6931253836781814
0.8287783456920974,0.40759833383218125,0.026454505480424162,0.5052020650439619,0.44148501273588353
0.630413718854936,0.886050840190076,0.36473902943978864,0.5774142281541869,0.7026421433953837
0.26751893893128953,0.29201410044073406,0.7781256612865217,0.7309555646767151,0.49929265300515135
0.7215536801357443,0.5280338828038271,0.2885662792200264,0.6413654955740752,0.5854488921904978
0.10584056924829749,0.9897228904663063,0.3639388834040429,0.7119456673405786,0.6916939287898037
0.30612257136262205,0.392248181326889,0.26863155161914287,0.05757693291136945,0.27281263194932953
0.5919845952730574,0.9199665228636426,0.9917980700457663,0.30034881670243263,0.6907261328603181
0.7698528453647477,0.7460934621942268,0.6707257400787232,0.07277623727680368,0.6367596419433931
0.31817988550546655,0.16858200349761943,0.394340793094323,0.5455660403142888,0.2997577005454182
0.9268513744004474,0.8967513646130647,0.9200008347496549,0.7059856324345875,0.9140893502575346
0.8182419245531384,0.213712974852579,0.2672072767565691,0.40887918223178027,0.3053086937722082
0.95891981079236,0.7381685856966183,0.7344050845049861,0.996283695510415,0.7986160993079214
0.19001114232090122,0.4822764594865787,0.04961273666193178,0.6324026417779051,0.36716212660673264
0.45843076824131046,0.20638674224818077,0.5509126399478858,0.7667727298749912,0.40715037939440674
0.5101819325753103,0.07573964529645871,0.012738943337215036,0.4356753410306971,0.23006813182787308
0.10324579249581535,0.6152274989656707,0.4254151604404962,0.7613488797420345,0.46869568758225877
0.772213289819971,0.20152700291824244,0.3413092404898934,0.40877034977243315,0.4068004976128537
0.1398198421160275,0.5358278394494422,0.7062317042344579,0.5342268524912488,0.4448794818453047
0.5973711236462745,0.5635783427765488,0.7356975053062538,0.6161419340518497,0.5497740741249069
0.377978680910942,0.546309571379299,0.7026394640066841,0.5168722794231237,0.5257565391104795
0.5412070733157417,0.8420078118386092,0.47530367466762,0.30673067464691295,0.6638595498249182
0.8953997123877279,0.10849834507043843,0.42835028381315066,0.7413995868721509,0.4549003084045127
0.2749321659395231,0.8610550912175915,0.2534693447156634,0.3935626032323537,0.5500475576870097
0.7772667945133259,0.46050915990817876,0.4292107795416997,0.7695377351645265,0.6080153823590552
0.5865551959371395,0.5773064181897478,0.6025113375531553,0.36533242772633256,0.5831445358938668
0.12342659483542141,0.23704150891868003,0.7741904917143247,0.8800760183371503,0.40492443014644647
0.13783276197137864,0.9703838227924875,0.8071865681172291,0.670974724416004,0.5996126597304051
0.19866248769700207,0.48989414213082494,0.3786906633330023,0.8924357368026006,0.5182763296905446
0.6600622382538774,0.46223096590780255,0.9356718630817258,0.2514169531168646,0.47163946118305117
0.5742875964937852,0.37444987753843484,0.9897744156800895,0.6923746310887103,0.5532187116390819
0.388598253600565,0.820027822265425,0.009475131261696523,0.4740421214047752,0.5359284546703644
0.24433611859467383,0.28937810087192783,0.6146247826794156,0.8460416608664556,0.4694763914877646
0.5774167000367338,0.08319367685150725,0.28526366194153285,0.5178394801576778,0.3127880669527593
0.5937697996176395,0.011938299954182496,0.5012107513746915,0.6553308560773061,0.3651650940066971
0.12566664452016332,0.2110558892668506,0.43248337587265984,0.3453451703763525,0.26024035907187154
0.5153462186062024,0.9379920667268656,0.23270820038887152,0.7368122225472967,0.7989441259335174
0.1177477589838813,0.757812031892116,0.36169081130025293,0.13791157608127363,0.5018609180285561
0.7907560258558277,0.07125268532136497,0.922120435961218,0.6969984267952097,0.47788107215724496
0.6171102132940427,0.048419305810581625,0.40534232377328694,0.7506213540021676,0.31856649933783787
0.5274355177255463,0.6002904427284631,0.5709776524981992,0.6852414699810939,0.6187521748971277
0.5860014068038467,0.7049129282441441,0.6789048945276632,0.2959016349045205,0.610621229563762
0.15454932140603214,0.09566358641884165,0.03791694407363333,0.9284080276542288,0.25393166662427635
0.6988399382363569,0.9627369113972567,0.15314808366375743,0.8985542174076365,0.7293930804075139
0.3633367992615485,0.5517900635794957,0.06400008275238689,0.7760544906234417,0.44773769277331105
0.6912136953637809,0.7446890216377804,0.45394005813078153,0.7082063415507405,0.6622509559901969
0.3038145433822494,0.8977052264725804,0.9796917464358285,0.46607238244589877,0.7207008905865433
0.18905707151788143,0.6826418014450607,0.25283620307479004,0.6617961142954887,0.4339147414666876
0.39234053362527077,0.7890901515964134,0.341072159570069,0.25411039712900174,0.49573853038420534
0.5126938943314601,0.19982092034136412,0.811016110262656,0.357552408240822,0.391051525008249
0.8833229481601221,0.6961531425400574,0.24475915076013044,0.8227244742594753,0.7452734152508586
0.6118551474833439,0.4516366846832235,0.4349591063512168,0.7581680580058541,0.5272946434298788
0.4099342513640809,0.6642589771401376,0.899278792536333,0.4943713877225924,0.6770801108780138
0.15838627405159653,0.1922917232310798,0.06852598759698814,0.8308896293269298,0.3079023836805065
0.8324219595341467,0.8128233946689951,0.5869193565900861,0.43161904608608487,0.7233350633091061
0.7576860716679694,0.2990802116554113,0.4523741770233006,0.22563995592438388,0.3909951224404774
0.4126105386460155,0.48323776529301454,0.7522694609453395,0.9311076340825142,0.5710151231068737
0.14093015617543325,0.5892009067638531,0.7219239699289334,0.4458541091396353,0.5185679677657042
0.6007343468008703,0.49402749286686887,0.4098806840028343,0.34103115931107186,0.39439411865054563
0.3622620396594204,0.8509063221509997,0.4584676101457238,0.39949591297764714,0.5622467067955734
0.45303593119092467,0.4390099911996094,0.7970628832022295,0.400578516100872,0.5289022539976346
0.8869999493855436,0.3417576022985628,0.3257681196433685,0.5092608001226494,0.4668900217957044
0.8472561457262318,0.3246001072796505,0.41905839866309536,0.5908724139840129,0.5691934751408436
0.301034294044632,0.03328554926345695,0.5028437106431355,0.40500042964803046,0.2274523672192263
0.4137320353389248,0.4935169867247723,0.4165974806939431,0.4913226165192766,0.45700594757006735
0.13361647133423155,0.5002645074774619,0.8544229603276182,0.34052875954571804,0.4972571569588906
0.7122390658557171,0.890811894313803,0.041066373746611595,0.37897880581035026,0.5570404119900207
0.432779850352092,0.6257978396212309,0.4901288613365966,0.26468790019958766,0.5214740212465798
0.3216391515827072,0.9330148731304205,0.7557141336010847,0.17712156560806186,0.632485496153517
0.4673737736356762,0.26282302621238873,0.5757500835203105,0.25237277654138535,0.39450573635370906
0.9353189674138995,0.23812207142774955,0.42385789416927167,0.5008066759411136,0.4668601035018446
0.4313202309830244,0.039132254483859374,0.3268787897653196,0.7582734634677607,0.3147768618994366
0.4421051729871077,0.5659948382691918,0.7042914023816463,0.8857562682001817,0.6880612575401963
0.630404540155493,0.14210695983258237,0.2593916074208559,0.34376768383999723,0.3173194766713431
0.9289309478908043,0.050417005630169265,0.1730845728204018,0.15717575758721497,0.2367222937907708
0.23606462740352885,0.8103031373334708,0.75987870403879,0.49261573385182933,0.5615039915568442
0.9265721581873045,0.716631589765411,0.42597303221991334,0.14288474860915748,0.5539703995798153
0.42533958696872287,0.5448732842857352,0.48756536327892475,0.34673759883276783,0.43004719504897826
0.6257967591635232,0.38713089327228456,0.03436820590134804,0.47527753704831255,0.3732114582316901
0.8514766660284012,0.17761981945520222,0.15916753447981447,0.5858373231972127,0.40860328453829886
0.9609506687474728,0.7450726145914884,0.5671635592832646,0.6981802579323071,0.7078283693910499
0.7697674965084339,0.5319817999050007,0.6085123425253467,0.5424249552975011,0.5920726008913525
0.944008867412911,0.007591416173914123,0.572670583191121,0.2973766935939093,0.4089947808712651
0.9687356822487819,0.9600325375819962,0.2256850933452208,0.7238273666986708,0.855620933764844
0.2753821739956607,0.0810843412662865,0.795545276418689,0.5858370459415397,0.34268676694102146
0.40161184002660233,0.3914360202228556,0.98992149127494,0.7219758083940143,0.5075980398799815
0.8492609516741133,0.6220845058066211,0.03743197745307014,0.6421955007130445,0.45852301446592303
0.6876172948986424,0.659702939560257,0.6525263171326467,0.749562637803864,0.6470781854417146
0.28916659325938937,0.8654158817884438,0.41781880610625366,0.43093904424598206,0.6543668178328801
0.8288887735347124,0.584469931644613,0.3905621024270317,0.3359385223230744,0.47655527276969756
0.7259078110496398,0.2555028242390638,0.728760464224464,0.7718621959962632,0.5333206524734033
0.7525061420025809,0.023322331562675047,0.17455549535696502,0.7558299294269056,0.4030297728561961
0.9688956041140968,0.4355362434191665,0.5593491918482794,0.4599435679774417,0.5807188822640449
0.15685095781272798,0.26775166553954166,0.57189896766037,0.18866452058927005,0.29716113743716505
0.6779204157647042,0.41465017779520397,0.9033478503660581,0.6109396597728577,0.58800375666238
0.3191010706258703,0.9907250552476051,0.7567798069785374,0.7254984732477736,0.8162430158197252
0.7385752572189381,0.612402908102972,0.9511081820826126,0.5246417173122617,0.6984375543443827
0.39454767399830504,0.7017360104605791,0.4390530399513951,0.6227359756307786,0.5483816744244656
0.8674630711587384,0.6454684255181676,0.04477237251809507,0.6646879819997553,0.5751145299804319
0.6973427489063221,0.4293839966655334,0.8487885877391554,0.5727252856179089,0.6406197861683701
0.45816433880060337,0.22992516354556058,0.3379014257750631,0.5719022565561473,0.3153580484066647
0.8291383617490282,0.014086412162869988,0.9061075998618738,0.2740954336671466,0.3583260916234517
0.5831306952425056,0.7179213233927192,0.2071814718944397,0.24400215935089892,0.4446489541405438
0.9168181335669398,0.056952867295681164,0.20570429497656983,0.5364161030486794,0.3101003399254677
0.950238145742871,0.11240471127794882,0.45185866513424044,0.4018419186186541,0.4050308497543504
0.11090413503968354,0.13310153859861407,0.8496746181346078,0.45154793659649983,0.3376290018451303
0.6020684642171759,0.5657279113442923,0.29751350511377783,0.2542700712416168,0.5590789025975555
0.1506429497932395,0.4326715339176942,0.777901494487037,0.9021316142570108,0.5761995575112863
0.4493629009411112,0.421229733685496,0.83423842964064,0.23066969420298378,0.47059889446009173
0.8212989418553028,0.5387001860913857,0.3001598764459783,0.31380171034282855,0.4669987292097733
0.9975885504757934,0.2821786456492331,0.5753700648257168,0.7138282316458755,0.48766613549466953
0.26281223871212167,0.46199834279394847,0.0350712794785325,0.8304451349080316,0.42203661021993955
0.715388342300024,0.3122318396207352,0.9095385699133887,0.3160082512398613,0.5811678142059601
0.13082911626397598,0.2742803762251319,0.9899456100757232,0.7665557582939421,0.5018448076286924
0.7390998027155918,0.05620955786622217,0.6317361768234109,0.8744157778894641,0.5068898225802828
0.3036543645643009,0.9753984776052259,0.9951821206249387,0.5008354493694014,0.694011446806339
0.6338725818021512,0.545317672949313,0.24473447723498054,0.8104802886606668,0.532447857822948
0.554401732851065,0.9517732844096326,0.6985802714527901,0.3214700118305385,0.7909637255533035
0.5653435192211199,0.04572661476227269,0.9453581344565326,0.7023574460268402,0.5096692525902456
0.5995767254255377,0.10880739023006558,0.9321300733011637,0.9682647594013298,0.5264050112102929
0.8714778285020987,0.06002179758827075,0.6645134329822682,0.2897275960520567,0.36821848735234153
0.7214559688100224,0.04592005609126304,0.33874449424367215,0.6143903003378798,0.3439167091469947
0.4253276128059448,0.693075112970487,0.014328455452302102,0.38110436611817616,0.38377513552647025
0.7473590201370522,0.43919216568266695,0.786796709064576,0.8170442998721363,0.6822603982750665
0.8039746324418073,0.9558117431743745,0.580231287059956,0.28716486624892223,0.7797758049597123
0.7611890480677576,0.9277710984068192,0.6289883872243522,0.34543858436712477,0.7423123355789794
0.5788312181500511,0.17655419224284052,0.6349950702209236,0.5939202851662048,0.3986104378478777
0.7262827122018389,0.5863840220928984,0.6329886141924184,0.5656423018077779,0.6662409022097564
0.2762054261743644,0.8130512071433081,0.8448056670360005,0.3156897695337131,0.5542001811254208
0.3282508501227519,0.6630234383244017,0.6737144638310152,0.5135501896858703,0.5157195464454445
0.4472698390495625,0.33967843772922546,0.6344800731734802,0.336779666302899,0.4555704992392398
0.4736778752277183,0.6286843334246048,0.9145287636368638,0.40104879826738754,0.5393219939380669
0.13698938381771633,0.4956643822969191,0.01281833346559369,0.4388525988350833,0.2716703746379663
0.43619369872717395,0.7837223574338923,0.44681546841925435,0.4415490650314046,0.615523496800083
0.2682418105375088,0.6369435754268788,0.7464597592217775,0.8206086984505001,0.6518427501303269
0.41020582691129304,0.34992853377140765,0.5430125100143456,0.2906138918091378,0.4304548703133737
0.3832808435746923,0.9855022916368356,0.46614213556031514,0.12870701862254957,0.6174345929254095
0.21138459947560995,0.0800413240914406,0.7554990686967872,0.4368917202908247,0.31335419271348286
0.4661220507709428,0.26964786163961163,0.0976610768100804,0.2540983822201968,0.2958402467012805
0.4227810385613723,0.7498764545979597,0.9463818474880539,0.2939306463628021,0.6171459558050987
0.151043624454003,0.5880927915139572,0.7562949238603938,0.5371745952284825,0.43566423349653516
0.4440076372157542,0.025154129823113158,0.7635397350913864,0.38560633388508964,0.34008803566034596
0.2099013592293946,0.45683543031289076,0.1333424636440954,0.5725495362177707,0.3744785076687471
0.13669594690723433,0.6722715076341925,0.34515746413598014,0.29373459780957,0.34754158297415116
0.24613230207375372,0.12282654257472925,0.9655517746451302,0.8486756541729239,0.4481897288271872
0.44732928740787126,0.700928969649432,0.009883287775461436,0.2732206794721247,0.3744530336797586
0.3148199932881679,0.19924187858461817,0.4962351738699511,0.6704618015310798,0.4092785050654521
0.3642509485582748,0.607908947606941,0.37325495901647543,0.7189562175281071,0.5386646724147741
0.7883536573924771,0.4052567805721077,0.7482753743972568,0.6999102870283603,0.6419742359037759
0.7432499816284838,0.5213947362629351,0.6832766104223897,0.2653892610271024,0.47058502535398145
0.8613096813653726,0.40663505562305247,0.7830674701590162,0.6832839492950067,0.6898490889990995
0.3705585038700778,0.661154269719093,0.6955851743035442,0.6034760807104691,0.656184259170249
0.45536830696331054,0.25481762364438143,0.15683369989636298,0.44137977813927165,0.3265183050792349
0.1616016294361477,0.44750027252365454,0.1640217446287633,0.6054516042991365,0.3398563529121309
0.24225517026248441,0.021641794608235676,0.7848913946638502,0.9146471877487903,0.43654977887961127
0.21092833732425315,0.14972556414619032,0.7826629268961081,0.022653060032351846,0.32866166826119075
0.30203245110945554,0.06845316942604274,0.4814936785493943,0.2530932986349377,0.1964415969752812
0.46029266499500965,0.082738684750857,0.7685001073627779,0.22632132303619307,0.3818546289658991
0.4819390903124904,0.5426592821365677,0.37242369617500704,0.5025992197734358,0.43125943557693747
0.9696486267076564,0.5103754066288622,0.9868768469417205,0.6643073146205147,0.671423436572834
0.18734871788503993,0.43266010769071683,0.33811577165956275,0.7627781490353208,0.39626433299959657
0.523861167151927,0.8008265764418772,0.4606989877460983,0.47910087097732185,0.6172383632468689
0.29340679021680866,0.1164627488916321,0.8797669379095653,1.0,0.43249320997719104
0.6605885341185432,0.2596140986739204,0.5817484179481938,0.6676915269805842,0.40771216544639627
0.25993401507713265,0.7871228629394419,0.8358513211799543,0.715207335586206,0.7663448719579149
0.5700063652932956,0.5531767061367565,0.9416010387873742,0.5257603204745359,0.5901888142805624
0.24485993871105627,0.40934296382894464,0.6615767405740585,0.5658869967344289,0.5346009994174622
0.4542363057462384,0.39494871367726303,0.4241508800582665,0.6231305264531689,0.4008936475339681
0.686328479136163,0.516676392605342,0.991874544682311,0.19863370766600824,0.5480621875602529
0.5713758792266771,0.11408631043909745,0.13000695523276984,0.8521066329997942,0.36844648131462276
0.16715191659162149,0.4028956110310057,0.0025535882680637334,0.56041347215752,0.30973147471981277
0.786856947048765,0.7468481212961181,0.509722705566481,0.7398449285588069,0.7325784213020554
0.45602390072448706,0.9968149760709497,0.7326719700006685,0.6461657472822645,0.7439711937589846
0.7578655373450044,0.8505221096049745,0.048150789173200925,0.8920871149939786,0.6822286681667573
0.3008034626848001,0.605240757572182,0.09671050197384257,0.15392518020633894,0.2874102797175922
0.6757318559431924,0.9518076017891659,0.9823603753233751,0.8307329166281375,0.9856234518687282
0.14750501546412206,0.1802715360183761,0.626947855241755,0.8235483769503069,0.42356481595914863
0.47354094455851026,0.21484601163625383,0.6309104308617446,0.6409001531228644,0.40767208988336257
0.570896217970563,0.34618530771363887,0.5258929685789998,0.21484131657094135,0.44172765953155635
0.6146289951469153,0.6973875615692153,0.6736986409905719,0.5818118717155073,0.6171185565880021
0.23528039614098667,0.34980874868719436,0.597744089170883,0.7386124115869854,0.4075784408453473
0.36382645923226353,0.4502066161151195,0.22831042562517812,0.18711628881197617,0.3340636642649398
0.4560557192139416,0.5147764220004536,0.82689323382559,0.4781880539349184,0.5276238546211786
0.6835815385944208,0.2899583218037868,0.8453351220226424,0.6012297312344412,0.3410565492536219
0.8749368410736683,0.21569136797288568,0.1756438325388664,0.8470902429989524,0.4509806188637881
0.11869109803935209,0.3955221362514192,0.9410198226972342,0.5033567648069006,0.5252913834169954
0.7177697934608173,0.45235110234842557,0.5173819588480452,0.43908746571314383,0.5706821814297309
0.5704354028548917,0.6183533789785556,0.3945716984632386,0.6842288295164275,0.6497276766684948
0.6286452357417824,0.3107616953724214,0.9991495667786588,0.2648078011213507,0.5733204316407728
0.4074544562206013,0.028864839458030755,0.39508852235663283,0.41853966564677614,0.28735748158590496
0.7469371393061746,0.08439074657019108,0.3949604276103488,0.324300953016167,0.33016305696879167
0.590219284090579,0.4914137546228817,0.717536863512627,0.8055127171581179,0.584905135690749
0.8043587101693084,0.6638101052502828,0.6832083095475865,0.9075954111097475,0.7330912738888167
0.36128854354020956,0.20622813743015544,0.475397371863883,0.6535282120982508,0.3841095230548036
0.16862640791162814,0.9207648141223198,0.9736076488006986,0.656787895687058,0.8501565144016316
0.75700988989712,0.8014530278240474,0.6487931155871676,0.5521932678770256,0.7014124205373145
0.33620326026745617,0.2324690402167634,0.29766450592931426,0.5148761423848272,0.293503868037864
0.3093620014084373,0.6264931318352048,0.9212151001062855,0.45016921713101465,0.5605288470028592
0.8195612535658825,0.5055411497732909,0.3773277743022193,0.8604942727169542,0.6285469553514065
0.6745188743969299,0.8591818901106761,0.9169833971814025,0.8096588896142549,0.8253332764216672
0.4862953466562381,0.9950487234077158,0.19734141819128925,0.37744402553055767,0.6710298568453832
0.20003304472039807,0.7946621542939618,0.18297338341486946,0.44438928390428867,0.5444022916257003
0.7704336026759353,0.48935312540758524,0.1538265767235525,0.7466901602476916,0.4938949616349751
0.5755102240928988,0.8035676014003101,0.2154532769556433,0.33951956891019375,0.5559938082974747
0.619902253209852,0.36880088490229734,0.20508135776637493,0.7484168909587332,0.4754808740528428
0.5942980898981773,0.3844287330673829,0.6481179230208346,0.18292879987434785,0.48066719981464573
0.4602798093080017,0.36380210843233485,0.7035850589987712,0.15307837517977413,0.3537630310062063
0.6517968363600307,0.878216310274203,0.9554709904951643,0.446991041399513,0.7669831915623385
0.5041050213223387,0.09489316743585197,0.5994616757866569,0.40210229082315707,0.2887129903748255
0.37921407529666096,0.5066771771070974,0.5846601031717614,0.21929200749752278,0.4117062723742365
0.5832172071228113,0.8327966737677948,0.34222644530486657,0.22023513983113208,0.4986026332165073
0.5660826572630181,0.8319121741195065,0.757032054461033,0.9185697889088179,0.7946782744155273
0.3988677179632024,0.06224372615878093,0.521872972764897,0.6482377255579164,0.3666805751002107
0.8098385705322605,0.6848530033282075,0.9501234554573654,0.42210840487099727,0.7037733941458018
0.12820371460905364,0.10671497186837553,0.5499974854873578,0.16012982175168106,0.21422090725501042
0.8546522727912733,0.7223161772939539,0.13118510392079863,0.870754888932176,0.7060802476758822
0.3789120046035417,0.7408125915100231,0.02471437938848331,0.12944372010451888,0.39253779627486407
0.8257557640014848,0.6624984583613046,0.32772695668207097,0.5818806352106978,0.599282490600172
0.5088845366905519,0.6942469623295779,0.8319133125709606,0.8925124185121794,0.7150911611523348
0.13092672629517496,0.8270098816469236,0.2846299119393191,0.5137136413548764,0.4899193957737534
0.45351987139043437,0.8864163878063751,0.5096544162418782,0.3251931747912262,0.6172271893145165
0.11435111780797977,0.85304066211651,0.5210021729483569,0.12340959890539518,0.5043368387849918
0.4500626370651436,0.6684854273067788,0.9384060316092901,0.5522446725263405,0.6774202368278046
0.35524272453366945,0.6543493461623232,0.8718355763999104,0.4941780564453343,0.6146104201642401
0.8663777247587443,0.6231732430313928,0.3475918822297629,0.3283610732985292,0.6482418535767291
0.42585026515524227,0.9353822607327862,0.8625892413413637,0.3219195048421007,0.6718110203260215
0.42024734080089476,0.6822263767059911,0.9664348100843196,0.4439646843940157,0.6302520090185004
0.8386192018848266,0.57100836897467,0.03180204081967042,0.4359611770282753,0.4907603163300844
0.8984838828321027,0.7658255469624435,0.19694117324489147,0.5243869513218187,0.6557179390267657
0.7543112092297516,0.42506817361600746,0.9247859097140136,0.34780444345241035,0.5380524442422848
0.25166914847423033,0.3420188249778702,0.16439902272030937,0.2981396564897123,0.23606171376354593
0.43753716504541174,0.3687240052757931,0.1945299749000532,0.6106869523992627,0.35159194799246885
0.7563267758155732,0.03571094902814309,0.3651633556780287,0.36401439755280973,0.30686867014503166
0.6558742454891904,0.8200641195433708,0.6006779229552052,0.7107074503298788,0.7409990746695401
0.1748455598192184,0.6436413728787262,0.9722213709670056,0.3975169685873353,0.5870053970983506
0.5325204274198105,0.6207082263350591,0.07922653788091982,0.39238404953656403,0.4478237414799268
0.6956394381901962,0.8272769548719391,0.6854066230403211,0.5420654837929739,0.7257407845532753
0.9733757314481774,0.06078184248466989,0.10812260729606149,1.0,0.47783581339290365
0.6842703561728438,0.24423946808817598,0.9035829853016417,0.22824497640556007,0.424696192555171
0.27705957978536233,0.16041770543260925,0.21317852922328318,0.5173746419306987,0.2892872851803071
0.3669914585062548,0.28131047047074254,0.889964607500909,0.654210634866988,0.419267582938951
0.17954042136481355,0.8456431203863204,0.651229519665661,0.48870666768380877,0.6179416750813645
0.22307952125204877,0.8129477019446214,0.678542029790759,0.387284397054327,0.6317851555359201
0.8791967101204679,0.4384093323592696,0.3811433152929786,0.21638714017364558,0.48719084270151586
0.48294227210638896,0.09669838554633725,0.9779115625906942,1.0,0.5415033822068875
0.7727754878759235,0.8702664653510171,0.3871869764138588,0.3214947469333039,0.6814906297133534
0.3993364759563707,0.10879584638095485,0.6022084642482034,0.24606411019489868,0.35557441063620243
0.5917316419235237,0.8349341485264097,0.3027247960782191,0.44739214245167874,0.6300379955138931
0.8494507880174318,0.10521847414182428,0.14102478860033574,0.8062431703327443,0.4184075784170429
0.4423097541245852,0.18462720673731536,0.7600358554624315,0.46561275961627585,0.35822078984687594
0.6136919169273113,0.914188424133511,0.5261828101048603,0.5215550000645292,0.6441966199062241
0.12799772576867452,0.5132935824594983,0.08453261529357237,0.2750469861935095,0.30018029883869535
0.30178883098795883,0.6736624198934342,0.8947018610241837,0.6634608848829265,0.7510654053406043
0.31384404728472337,0.25417907424359665,0.0004231285601523638,0.5381065239702352,0.29040288527665886
0.3129898415317425,0.14337567106823956,0.37397025927733263,0.5349649757147473,0.3117869589178889
0.9504178180749223,0.6191164173518401,0.7312341449305728,0.9168216135037299,0.8288278877683084
0.3308324737312953,0.5291744531818495,0.9604797515609774,0.22662953564406235,0.48540878190773035
0.3609059428462341,0.5318213616419428,0.8012141878430362,0.41783746100234886,0.5097707931358788
0.4006006469439345,0.03580929441773073,0.8314532342453552,0.7382540820495067,0.45877346419742976
0.3280204562032961,0.6151753496606469,0.45588942413424094,0.6747855909607507,0.5026773157209374
0.6676184694810847,0.42696639419100924,0.9021173086422778,0.28770988439231676,0.6256655868297654
0.24137528286601873,0.27805355596338754,0.0017631819519055014,0.433714541447253,0.22105466689244724
0.25283831130616113,0.8004100633251034,0.484368151342658,0.38793244324540044,0.5569292254292945
0.39766522920936875,0.5635515809671046,0.8523740974825584,0.6394054328201781,0.595451634572956
0.28658140591846726,0.9392070170650174,0.6972743463759475,0.7912569070513522,0.721220086732903
0.7488985780404135,0.6998286910824209,0.958554007949528,0.6709708028675518,0.8161108522054222
0.7029017810725661,0.7329326220175225,0.23416868619664244,0.09944440288162525,0.48212490190559454
0.5101546606122217,0.9971628142794569,0.6112086528155425,0.6356127988891647,0.8058176089353918
0.653576469838915,0.6969923315984384,0.2944307779494544,0.9105856344363327,0.6887234240809105
0.9684982525085981,0.6272929675748398,0.1526968104465608,0.7263985154599447,0.5585218682892793
0.849230200028718,0.2708321403399593,0.4274356695512971,0.6437906189851814,0.5753951287919336
0.7287491998489856,0.37293156856661114,0.4794968364782597,0.5604520217252354,0.45210725120118944
0.2916333554343411,0.40918937471979877,0.9917863552879298,0.25995786278137534,0.42932589826338324
0.36361968898426533,0.2957661311970958,0.11764622781423506,0.5414414118276036,0.28789857964820154
0.18814452884457034,0.7905083811731562,0.5666017175404895,0.14114050154377256,0.576272038233428
0.6676781526832878,0.9575425574470728,0.37734845663981254,0.2920716038122676,0.6648251380841497
0.21011117604159346,0.3774472858299742,0.1365669267033004,0.3841134308592016,0.3497662029080887
0.41925247115277475,0.030727179650499536,0.5373102590036105,0.7167002921695738,0.38361087668430066
0.2228060064434127,0.5683051045948369,0.7981250480064295,0.41093039147377225,0.516475837210947
0.7558383236278173,0.7612115151654739,0.7707726882106072,0.38736296038550144,0.7196696491085162
0.7985169753529587,0.9534269834008132,0.078946964836622,0.007138626961323946,0.5765698845224131
0.7661288860848576,0.25451661653646995,0.6986130012587202,0.5019513438052883,0.4940227064351491
0.6350973061248532,0.4266253734763945,0.33482785155535066,0.5438195585208748,0.49011286593459963
0.2962829155658193,0.6315778405210494,0.3824577834543116,0.8256279215516179,0.5501589048393672
0.7764584957603323,0.38677020860295763,0.8987068295747931,0.14435152298612225,0.4753611280967631
0.4079556844181561,0.98931618350921,0.19651028880791876,0.9140615219198316,0.7138549505351753
0.42621386375310444,0.24773616403511578,0.4086759787921972,0.9677965836968698,0.4649960441673096
0.7435286574024578,0.7493831543598622,0.4359692660003781,0.4682810130851192,0.6027929864411864
0.39173896266595587,0.5018981804026647,0.6239070328578965,0.27682485771525434,0.41221233909928573
0.6537422443092288,0.23950774404030484,0.46660626592618204,0.42673205093781386,0.33632428652410773
0.8875530677520486,0.817582687849336,0.6015620688219003,0.4590307123706651,0.7944429930017934
0.4892320003797347,0.725665763690009,0.5967765959309443,0.7780742399069354,0.658078776824965
0.10103135556543066,0.2824043288458643,0.5840386578266218,0.5381848035793083,0.3814077366588669
0.5584616825778733,0.7253105755407004,0.4986244632662835,0.48473363253542434,0.6100435443178693
0.23053894450226847,0.014616884317613987,0.6247801006840635,0.7292223228525982,0.3020557049785856
0.3426725486950084,0.7861684214493713,0.26971700408253885,0.8696189715826246,0.6844390908601091
0.9146204873597672,0.2006436829571957,0.9895870741406698,0.5907532300792697,0.6337618456817228
0.29289498575798184,0.6873763907278714,0.5963766176932567,0.4069512065462193,0.43401612454705174
0.6705760675963979,0.11464780302217648,0.781043121076968,0.7905192567371888,0.5583787617207463
0.3411968039158273,0.3931770315876004,0.2799296216564434,0.7668918876343722,0.40506143104912107
0.13852237246129598,0.7439917193796687,0.4861646884536487,0.7174585938357635,0.5451451824342142
0.9700054000347638,0.7270927292242361,0.9928587751846297,0.5823301814229093,0.831330233468855
0.4318663842388083,0.8227162138158829,0.11465749652459067,0.24336725805822962,0.5392137614142544
0.4232553855033703,0.4799564934633127,0.9656889165603693,0.880962827806216,0.5987909444245988
0.5508971529509761,0.35020192531296834,0.7719062434000892,0.7546646549899412,0.6711765832113652
0.3116400130075753,0.7536218805843591,0.8653743120928243,0.8282000542554512,0.7213110561993739
0.5376882045241238,0.1413591308861497,0.43708912013937085,0.47618295933844934,0.3301781122661607
0.733587329678197,0.7533775452463684,0.06577670341114461,0.2754054284845713,0.5524560555998386
0.3627186524113093,0.4896900421608815,0.11043437130871647,0.6381880829606463,0.40917082031668855
0.4409941415961114,0.3878165426109311,0.5554650059086728,0.46801991622519096,0.3971255983371736
0.4570677741364657,0.5350292127687839,0.6282932284815527,0.4797076043465772,0.524288086716622
0.12370483157369683,0.9899231424207284,0.27887084899122305,0.3579014131986824,0.5525667549143598
0.32891419107787423,0.8062461495859325,0.7501663163764574,0.9044965878741407,0.7113572165889734
0.5315828005387238,0.4814312028120059,0.31865475406735133,0.4694333173684057,0.5088672967674863
0.16533067885220679,0.006501146828415516,0.5288939665318434,0.9344081423421806,0.3095968551151177
0.943035439044003,0.19614079886099856,0.9901503403850398,0.4966932342904188,0.49583465867406784
0.3069906519623008,0.6180906231649904,0.06742386620368168,0.9307688227735451,0.47108792160864255
0.9651681767196484,0.32564848650633804,0.9835237217479629,0.6831077728438317,0.6503551829692832
0.5696667500457563,0.13565010593720805,0.20249904960409504,0.5804816844959326,0.24055637180032124
0.23088057318589586,0.5911550046227392,0.8922308599488715,0.4198779640187117,0.5678700472373787
0.9966444110228837,0.35563332180735574,0.42860263978051205,0.7248344109889607,0.5619724379959004
0.14894826940141512,0.26577365681743537,0.5149878547278329,0.4441788585329771,0.30452623256960965
0.5673243138263979,0.8197931441705587,0.8803787251861742,0.7338202638871241,0.7831695425041172
0.6486047397143289,0.6817359520656108,0.5055417234297395,0.7101377569749248,0.672219460296802
0.19194691051559976,0.9022815704406234,0.6301864391211986,0.7104716906976966,0.6192248109977869
0.9470994715857615,0.7393361958960009,0.5411029164541511,0.4962282050234409,0.7304569471137424
0.7297177779412916,0.04802538759991315,0.3345577928310832,0.2988448021845874,0.32484535155128014
0.7583384187041114,0.9554116940790295,0.9068121500964483,0.8681231275934365,0.935241286457789
0.5213599865921803,0.9062657925730495,0.930703993192474,0.2300547448400998,0.5871087517789124
0.2177192002972239,0.5825328304878139,0.08885148507143081,0.7376541131048785,0.43256609603467405
0.5446903741825955,0.8569838057113758,0.5461545912071964,0.4088719943097041,0.6324722881430238
0.7605428092599558,0.9212864116801073,0.2516794038603103,0.30108454820070135,0.6104854110051415
0.5750372721020653,0.7045786277731994,0.8595595326534653,0.7066725519155472,0.7441363608516266
0.6418445891944157,0.661476768856287,0.8988110930274216,0.2666542531982631,0.6597411363433479
0.9077168352227022,0.05315408543707967,0.6094464071756721,0.6093212246043044,0.4407308232985641
0.1604420041445392,0.7310357583283108,0.5011666285631721,0.3183957999011349,0.4748516238802458
0.759507375127955,0.6151321848133509,0.867792454751724,0.5605348683045163,0.6625498084070283
0.2429539258438141,0.7824394094988749,0.7078920306979332,0.3901968928720212,0.5771307966319025
0.7989386339770193,0.32725737369966423,0.6581974082133667,0.202002733980403,0.40932948591946466
0.32061340400905675,0.737817727586946,0.4550016185279725,0.40390979956004025,0.5429303000491869
0.14079817184319468,0.3616163412818324,0.7564838490999165,0.8413985156997802,0.4493117119364335
0.8474136313864253,0.23680177006045067,0.2210637550851846,0.819247154313993,0.49268261886626635
0.6471614654290406,0.9490970889284264,0.9897231325547149,0.20881960552827344,0.6765476136203556
0.9565597981219833,0.7098826887763147,0.444900049820538,0.1850989383681399,0.5380151249596061
0.5156780131001526,0.639601748513116,0.4557062844202975,0.4658601346866391,0.5417995870369231
0.14417987495409154,0.8572399155993272,0.2050815841460749,0.28742340806199634,0.4822846707792695
0.4252054777925359,0.14367643635477023,0.04596229701111032,0.5982704048095506,0.22328779479045702
0.3135535737370474,0.5727765165969935,0.9886358384892835,0.38347681208483525,0.5308070337458759
0.27930379839037744,0.9074710268385046,0.09646010378976966,0.37346973351489465,0.5275272201836019
0.21440736267134367,0.5061700856552025,0.5291631009556624,1.0,0.5796206117544547
0.5886400486536663,0.810587344410973,0.6482760244270397,0.7708450517993553,0.7719994629419713
0.7142053781713601,0.08539769213508108,0.6265033072660964,0.5057955168641172,0.3127375489512197
0.3275465006759863,0.35107623874323823,0.8850841193734466,0.7092501617613692,0.6206341156281424
0.2108989108634181,0.059766607641346225,0.017714909508969257,0.21941728781510814,0.1253898078737263
0.9988509290839426,0.9530520722016411,0.6551089707147064,0.28099345550160026,0.7621512592433326
0.20090228350437656,0.3810706764344223,0.7745602499145873,0.4402656981647161,0.4320508998672052
0.8919871224047528,0.1008047848685576,0.14052372418008585,0.5634080936752976,0.37987556088166885
0.3601447596512013,0.35131554525317554,0.342889329596056,0.28536473911549187,0.29956431077200507
0.1855870024142026,0.13691955288560986,0.7928035347662441,0.29365560045536887,0.29990684988298044
0.9377533284039195,0.16551973560490962,0.14425131411659153,0.723542743475696,0.46778291663777033
0.4711007940699903,0.07519284770175638,0.755577195283873,0.6312581120121283,0.3486981595968647
0.7115026022349381,0.4511912805538396,0.33359958084227725,0.12422949986273936,0.3308339391887155
0.7271040462082075,0.1931228402637365,0.05235445018579876,0.2942293228803331,0.33967430323965253
0.4327772571757251,0.7385570406335566,0.2939165968905657,0.01718350720728601,0.5250662233803908
0.39725831124289923,0.7248705057140666,0.6120038973314457,0.6117632441603957,0.6392458953005693
0.8573056059761321,0.5663996947604685,0.7800739356232906,0.2638109565502306,0.6062606106998665
0.33267732514095083,0.10272337368685203,0.4391044474069674,0.5653414497029949,0.337276088222173
0.7455950083367826,0.8340422679266704,0.013133373709933727,0.9293817690814726,0.6324648049620852
0.6106059366120421,0.4290727674550032,0.017616507141107296,0.6217133489702509,0.3735939178274872
0.31815808862670014,0.27761949961938837,0.8982385982001474,0.46653275516842907,0.4120559135453359
0.12253270261369946,0.4482388465553965,0.6107813560779473,0.8083548523327869,0.45154449812627323
0.9490846296252549,0.2659825393799419,0.226338278437486,0.694755230035088,0.509427251923223
0.2452360343633464,0.6713910048249883,0.8089092960897761,0.39287172598525477,0.5763703075064048
0.5244352050491143,0.6273371104253198,0.8487369925931739,0.5649943017812393,0.6109060348447125
0.6958086081526419,0.5516028659840939,0.27402071740240774,0.4475051456822967,0.5279161346364032
0.2589610834221323,0.3583229285893832,0.6532902447594835,0.13320583295404953,0.32433757581661504
0.5244787873915513,0.4286455693151827,0.23386774363737628,0.49004493168150315,0.3897316285141701
0.5911581946515694,0.39104229218946907,0.5729932782532223,0.6576452908834154,0.5894997133049842
0.8580538888733942,0.7464189397373387,0.9921514352300481,0.726273832360804,0.9277478534893314
0.31322360707003827,0.5396047350133258,0.15892755017040272,0.11085026405516987,0.3321158971434106
0.9483199587035984,0.16641943793160274,0.2923725843302546,0.4397895093465949,0.37897558326026876
0.8982876641561722,0.57593816741179,0.639696378366561,0.37036218370152074,0.5670419951291155
0.5289576743363036,0.10291174262282488,0.007808400180381647,0.76076119585252,0.2988927052501352
0.47731324734762415,0.29122932823126424,0.8075115963051489,0.9143444818543648,0.5434958546044572
0.24682588860509466,0.3335536146013144,0.9151411989809096,0.6298243692564781,0.5467375613518348
0.4187986102308483,0.6942771170796391,0.941289950394277,0.698226705991054,0.7075623954914831
0.9314509927810277,0.3930387859948754,0.6333513372887707,0.420179043158519,0.5993792264764799
0.4427053611328987,0.9032066679157894,0.02098299628630318,0.27639453637154665,0.5070532690167439
0.48535811871593537,0.5785600551991199,0.4629373335771835,0.8722776773932773,0.6049692651156778
0.2898574473274781,0.3702294858249735,0.8087422290211197,0.2576920410684293,0.40192874029881515
0.8667376742115048,0.7748557974307065,0.2637341869450325,0.680878937527948,0.6170333231839192
0.14402064275063833,0.39551694310755714,0.8536957139810395,0.41100348239328494,0.5217031285989884
0.5748149738975133,0.029317608778785975,0.058264313541052326,0.5120670223590322,0.2775254952994512
0.9680133414515611,0.8790319718764711,0.6444304935146186,0.3390763172033481,0.6663825840137909
0.4548177890514248,0.3066739716880761,0.4070107922373224,0.024803646529441836,0.3900884355206628
0.9686372971897347,0.6011978054901025,0.8132531573450205,0.4888410365683743,0.789868188529756
0.7797128780799567,0.3232467839440071,0.9381831520445091,0.6044913886081851,0.5478953978688164
0.5217724376700489,0.07774544389866889,0.2618505314084142,0.24566041785528336,0.1967537776931608
0.5851811305200227,0.1985829782260834,0.5395229435126496,0.6749028555970001,0.37442240746692373
0.14049411725794797,0.0809411343090185,0.6570457572030177,0.3981245933774247,0.21530582900893802
0.53141706029425,0.4537417590943016,0.8514350378574748,0.771560906797309,0.5927174841693852
0.7345734677518018,0.7414517680393581,0.6966063873608118,0.7430462215551901,0.6705037419549036
0.6811216016045846,0.40241849425698206,0.47190910991458757,0.2650739704093159,0.46332726063142404
0.4078691163739637,0.9307393963624127,0.5785117924094454,0.45199100723365854,0.6089878749611266
0.5830467646655964,0.024067038357605375,0.2536201691339893,0.7599982202575558,0.31349561767838274
0.5283783717937716,0.26983760481787766,0.7152292897762982,0.8074151895931111,0.5270139329336779
0.9385128960588693,0.8349950222048218,0.5785984906780975,0.8064634229172203,0.8734999721891132
0.6632794986538312,0.7005069956788803,0.2530844032214269,0.3865727355968457,0.5246626902546417
0.5970910317899495,0.20190512051519083,0.7943433439854379,0.5406282385822344,0.4608958995073282
0.8601007381409442,0.6739812723165507,0.8492586264996466,0.5480500233135659,0.7440916267587339
0.7006587621047268,0.8890865833268656,0.42553164480088324,0.06169821912555262,0.4885534574174209
0.32034233661609146,0.193110211709014,0.2199971526705422,0.721573601860739,0.3506542151485684
0.7007759364017526,0.6497328487573907,0.9012087358416124,0.34156724221516027,0.7198176931083542
0.5357252144061505,0.3745509634032975,0.28278180560302923,0.7749226735246931,0.4683986932585326
0.8428932240444986,0.45059712910359984,0.3877831574463789,0.1349827727913842,0.3870605430297077
0.973994957528279,0.5739174439595789,0.1278058427952129,0.565972246938777,0.45990203883484315
0.13195303184676913,0.9508410342291114,0.2753756814749446,0.6933232445315339,0.6122760130271886
0.4416638197714402,0.6227611923401886,0.11183980484161238,0.4236512375286374,0.3578847599398465
0.128437956835825,0.8523045263082838,0.13755025749294825,0.53748860911439,0.492810845040092
0.7517732019887394,0.8156159153470276,0.8719139887586365,0.5394616972940194,0.8235379963645705
0.5656088852732918,0.19480407979302095,0.6109185775172612,0.23532530075476796,0.42416714405821576
0.48874008102712896,0.4103056135599151,0.5046246829316976,0.9333935639887949,0.5137882878202102
0.15676205973771784,0.9424999298728906,0.9845374591343785,0.3724003642682775,0.6458260287869344
0.8508059410320722,0.4962970916402817,0.6212617559255493,0.3810061710539333,0.5863131342840735
0.6666031503956319,0.6601194442631304,0.7337360117263562,0.18443424617101,0.6268361449562111
0.48895052965658736,0.7138914693281131,0.013122125561633502,0.6057043419165365,0.47232048983858294
0.7585659762270447,0.8118107694391947,0.7832357188779623,0.43846861179262925,0.8136708767197385
0.9699603491437873,0.37779932620204393,0.5898419118882183,0.3797686530462869,0.5072139642437026
0.9237501810215509,0.27637934531589947,0.37728572437123986,0.0730076912672453,0.44516714331292234
0.92747918439523,0.05944208829091646,0.40167138880853503,0.40229908474007275,0.3757236772700242
0.15912138640658208,0.7556077135017982,0.16427656590225737,0.4772228723756036,0.4980791237241934
0.3028619032919202,0.24032276849186684,0.5747092028675753,0.5506233235396888,0.39876323981986966
0.22460846829130482,0.9705552864754987,0.1295786640840797,0.48960512339371426,0.5075391956336819
0.4194309438756021,0.19251702219690303,0.8189633680274763,0.3844595329215687,0.37570549487261445
0.8075173802159636,0.2826556527573446,0.18391205123282506,0.8102965242464611,0.44208244143982156
0.250258605134001,0.01960342089522016,0.22808776834724265,0.8248735074072205,0.21333302216196354
0.1842268069636836,0.3998664630365941,0.20934811596785163,0.6926941080886725,0.44851034943464596
0.8062083826559898,0.22816733438058445,0.19253481772377334,0.9527013261225993,0.5100623363285985
0.1942346411761794,0.7167463829100775,0.2996978313800045,0.7748233172929632,0.5285274277763823
0.9950895028815437,0.4423771676302123,0.1875977517713744,0.25806673203442393,0.5024734814165421
0.20789728374160382,0.2116153273493815,0.17218852755576275,0.2196991156116792,0.17972357908935194
0.34956450721582843,0.6838230274535032,0.8624381433779964,0.43387842685612865,0.5636297922982121
0.37518294084012893,0.4084187074986926,0.30160356629716456,0.8446822840111534,0.47986055062904875
0.9549786461942674,0.859822881540161,0.1555653971088704,0.20492982756594075,0.5421035688451885
0.7165406581377576,0.6715335290546288,0.1490422091752075,0.6640066828519136,0.568473027014677
0.9573273831856772,0.2641103901790758,0.08769670916230932,0.5155529776357458,0.4138025131060851
0.4636059607721823,0.8208317903747576,0.5771304505217814,0.5919160479596042,0.6627219176228207
0.9133592821175732,0.08182332708871698,0.6686075922668305,0.6336227249624606,0.48688708505209477
0.2536588685017447,0.870327593704692,0.41969492349959714,0.20570416846789602,0.632236616645284
0.5632700445601205,0.7391028574658923,0.2984349382175756,0.20767062788872256,0.48107800584629484
0.29210439902014834,0.9346053880772532,0.796600456498377,0.31428276261082944,0.6790303989111703
0.7232009331173922,0.779761055279122,0.23903594314980614,0.614115572170104,0.5730670050077096
0.17671626801653856,0.3137669762884384,0.6578472389213587,0.27896730670157066,0.2426482432330127
0.44956705048475676,0.9599849082376752,0.7680899052191402,0.7497028989093373,0.7140765060046343
0.6516872758573196,0.4681838960287671,0.8101266350119591,0.5030467406804005,0.6592820408413684
0.12724939119801354,0.3005638851119715,0.7973244634002504,0.7308815929314455,0.5450306262326431
0.1533455080911795,0.33750557844747253,0.4600197677547496,0.5062495263546851,0.4269903013786613
0.5535074784633244,0.15574693185344424,0.12807850898487927,0.42093760087270476,0.26868788830931295
0.25204968230642644,0.9416948315016594,0.3200048857613481,0.894925730185291,0.6468847736823714
0.7391544466627012,0.6360018039889606,0.9461962839485654,0.8319120841868541,0.8172058420885276
0.6839432888505527,0.0583962240591539,0.2180164985319386,0.7041326831877003,0.3723253419876305
0.10938450460012711,0.2046928295829813,0.7762250528720227,0.4994276169096989,0.2693337906416188
0.929374170757786,0.5365770177834341,0.6961735148560209,0.3133008425960369,0.547716219644783
0.8442791894988525,0.009561712850478243,0.7979467708924225,0.22618353205715372,0.37943086004692345
0.8690545830863804,0.5639461282688776,0.6490952736374213,0.1028662217787884,0.47666954905602793
0.6562292357630235,0.4895913570556003,0.9671640551360522,0.7566057458832067,0.6476621547585057
0.6141356455983574,0.08516716671055635,0.597398891187153,0.6951849700219863,0.4503731491533249
0.6386530726465119,0.37410573731650554,0.37494771723866394,0.777514455061143,0.550795491747091
0.6460729212929776,0.45275065185803587,0.7779861187205073,0.6851416684761261,0.5905728560836909
0.31783599349844194,0.7176923105413323,0.14315631166407194,0.3351867566112222,0.35073062602532795
0.9068574116003782,0.03203726676972818,0.028018851272810452,0.6296948372810969,0.347544380278588
0.26662679653783194,0.2253624253203238,0.661349840083063,0.49356024593752923,0.20797715676440795
0.8739448720601367,0.3804642231542933,0.9648599187685701,0.11139177117708321,0.48575777992293867
0.6115195413879586,0.10864877913293047,0.3727770457892867,0.5110206879234124,0.26134361239156184
0.6406422793316872,0.6345189544062467,0.7629433341723002,0.8363630407704207,0.6296653873462801
0.6183194206756567,0.39685147034186397,0.9906955658991805,0.23312227598598764,0.5525081703765342
0.12485445153604312,0.8104273690648183,0.29997588176829715,0.5790330814585588,0.5672410268169757
0.9003042024264885,0.9895632818291398,0.11583465834136975,0.29622045269818165,0.7321343589642786
0.7697795723745549,0.8597038882047439,0.21471872754289212,0.22663802009446113,0.583476633096478
0.704305737239894,0.23718446154726402,0.5001590062825443,0.4945874694149733,0.5059355474406476
0.8397256425298856,0.37529807537312,0.7172991516875343,0.06132241373084249,0.4466368469924183
0.7683338661780071,0.8479377577586286,0.46010329917626236,0.9116791808907996,0.7824946902329081
0.9122081852849686,0.22885827582349705,0.1909688977592494,0.40449387980310264,0.4043360495102098
0.9818275593143647,0.1449920420027052,0.40451640882346274,0.8346622892475597,0.5209191008540107
0.3636151079350236,0.7311311089644235,0.7799157791054099,0.6998216989747572,0.6887878320088742
0.7366104632719506,0.2718842452628857,0.9384129454447588,0.16426308642804716,0.4831489005807249
0.14515195914881981,0.8819624278318685,0.8520698378285569,0.1749666523804294,0.6928271273669541
0.9202449909952015,0.556667686337004,0.2654965638385357,0.7267052155121287,0.6291150775151292
0.2051310851309104,0.3737335168314674,0.13884164254798526,0.7333837619077364,0.3904559637302793
0.6870308659961897,0.5070435369367097,0.1499710594634972,0.414965290202577,0.433268038051592
0.1278828579500757,0.27789439784074976,0.5020576469023181,0.6788919351179284,0.43280232547307834
0.38332074352063306,0.32009310907555144,0.7003851331432934,0.43070567698529316,0.45974761038551426
0.4427984334652265,0.3546627517649591,0.060430677152637724,0.21843093094732516,0.2855756850980373
0.8142984829322211,0.73792393747885,0.9254515922785331,0.39292456236614975,0.7700091452747369
0.39816850641460577,0.5840429522276902,0.7034631642899991,0.49598416876045115,0.4310782459787963
0.10810301493108421,0.39560047485584826,0.587319810172082,0.956025680218457,0.5103765472122146
0.4634984055912442,0.7742221911560132,0.6059089432132964,0.5874240169233241,0.6404746438852261
0.5888378113357885,0.3064083949335007,0.693391230881426,0.3979095629537355,0.428093197732932
0.96359807286991,0.7326856913968013,0.110601751482577,0.8415147732929836,0.6875432730998982
0.3909880933737768,0.43931630785765274,0.32387195002056646,0.9089761697424852,0.4586368138774243
0.5330186297447186,0.8271787066580127,0.8328690417979895,0.2359485939773858,0.6720077168925234
0.44329446833410646,0.8313762837143706,0.49020145855626684,0.7047672894622296,0.5778775874261718
0.861371330189177,0.20640886769189526,0.7108272534348722,0.7221707308702551,0.5693640749245463
0.6613497723512651,0.8391728105102971,0.7591624811633813,0.5473045272838001,0.7342988392068316
0.9490417470952759,0.40143816199886495,0.5283989834014866,0.7111088351304833,0.5460389261938825
0.9979313876276716,0.9751924110715265,0.9663972918742872,0.5162902572544139,0.8788429865190424
0.7864811387304206,0.12052500222632356,0.7627648111211612,0.9127209732092941,0.5310493757206989
0.2587840269421613,0.7216585494841574,0.6180508083353723,0.531837245005863,0.5426160414415415
0.3466324412894177,0.7412642565144733,0.9222497012503753,0.5644900626208172,0.6408999873460841
0.40624971595197135,0.002011264345435748,0.5547057409537272,0.8786711809528006,0.326761993115525
0.8622987397815416,0.32788871863714475,0.7019448245745882,0.387668840093384,0.4970296025759327
0.835010865348331,0.9670554032283101,0.4608812766929614,0.25452584830261193,0.7412533897337636
0.4269312436133448,0.956549354474828,0.9834860541916022,0.6563382089403951,0.777459850079085
0.4033781567929664,0.7595928827379745,0.44399902074672615,0.4714463200010927,0.6078020922944389
0.10918376855672068,0.2878343403015118,0.030624182237762865,0.6872373821349514,0.27133050376378937
0.862778803115816,0.861966756157108,0.6162018585572965,0.800011464377036,0.839964551340929
0.9582994513858759,0.0686202889474109,0.640948190662361,0.1830958555926123,0.45982741103282654
0.39597456927760954,0.6628376002907298,0.9950312250060355,0.2513675215793306,0.5605353090248111
0.5981364582258951,0.29492613384531263,0.13367024886470213,0.12893080075329894,0.32429887070372093
0.794738901015886,0.12675619562541507,0.9069104318295861,0.5534656528685196,0.5308827839233953
0.48787375825475454,0.33197695216123313,0.884170658510886,0.5546749353964123,0.5806115332645381
0.13847818397436373,0.19768408569423856,0.3385973542543528,0.5612329723241528,0.31783003449866826
0.9250907524001963,0.08151459504501635,0.8298677221446958,0.3092063792750305,0.43815217405264073
0.8399303916133357,0.4729159709784576,0.19248076777042167,0.22652570235804023,0.4191392511900347
0.5011532968711444,0.8183383356344703,0.7736697713650498,0.34180125871344097,0.6285457657454933
0.635342760346394,0.7772285200016578,0.7363897900500447,0.37255194045644985,0.6960353099347552
0.2717643997572263,0.2552560193687662,0.2762653791314248,0.3512051350803751,0.2899134817488397
0.480082490070429,0.253348364472859,0.8182372870192298,0.44367677511104975,0.4554502884544031
0.8938836808740945,0.42468515847225496,0.42357792900346214,0.15031860306329914,0.42872423579481644
0.19553018753925266,0.9539059994272854,0.2785627134497355,0.8922173456507086,0.6483349076386188
0.5138609665260231,0.37066306791322123,0.26451621858529195,0.5033532049571625,0.3670065391563093
0.5818577746829292,0.2772908562684234,0.8800767088838444,0.2895850880102806,0.4657942571216587
0.7544563536179376,0.016077145545221994,0.15160876698531278,0.8789239953662993,0.3265611135331123
0.26925142934397783,0.3586241055051941,0.009174994152910898,0.5352023125929608,0.382934740013426
0.9840334670836324,0.6856766363336941,0.9754819924477611,0.2829780999697894,0.6770151789031709
0.13004263300115326,0.7176283968694148,0.25209706511397556,0.7055504230879105,0.5371083486472141
0.6214272555938926,0.058628700422583946,0.1496775055704488,0.4249741192308263,0.2920790959738201
0.813684012152354,0.0933011783572536,0.4374738227708409,0.14516032121888173,0.32989486557896214
0.3789758281301643,0.16167734641574594,0.6111633627916309,0.3232257482378428,0.3877448982919263
0.10456040304753605,0.4085228957638626,0.6298099857061177,0.7954642122106412,0.44558628126297384
0.32837384835540273,0.10064439431196248,0.26787431607466927,0.3331069781678014,0.2192479022619124
0.5623073129950171,0.5881036318885304,0.3712857564334544,0.7252684265960024,0.6600390882271249
0.20238554953978896,0.4769678910959445,0.3562268874893756,0.2823692238842768,0.35810862133831084
0.2003589139326119,0.1163402232441062,0.9485831396330012,0.5591047864901001,0.361351443367061
0.4877020844711347,0.6549481120981441,0.15886717289590413,0.5881942534844177,0.5640197502580148
0.5423087292112467,0.35448955078252986,0.812952983647206,0.7206135379622604,0.5568652864779133
0.16120025528281964,0.6825781370900827,0.04664145092581107,0.3251616819308967,0.31580102245170555
0.7798492695749725,0.1384050028670275,0.8169067100945848,0.3902973279009118,0.4533147498752542
0.5496060800262119,0.708975145939339,0.21886849232954686,0.579659430272294,0.600260320815011
0.8620953234317859,0.9087809432111732,0.9126293113764777,0.38866301046805546,0.7461051612929126
0.9479319427595758,0.43593449089112823,0.9854047834806314,0.8098526024905388,0.7129894129687392
0.9737626613365085,0.12965040049112864,0.8959989516809134,0.29082505707756645,0.5272935124566374
0.2210207975384997,0.5172518254386435,0.04947819105413931,0.16666038248886517,0.33490745546567285
0.7314907318703594,0.766172589297181,0.31454449453892275,0.6518299698982376,0.5757297197513007
0.9268801091815145,0.38701426596612454,0.988556604843565,0.6818109609631751,0.6799235177614583
0.3437552483541596,0.24371864558138012,0.25656266990321286,0.6999959153693043,0.40041541449069307
0.35285304321973066,0.5229544551851182,0.3501001382111898,0.2870305831180886,0.367251004031101
0.6868997714968553,0.8603503348085565,0.14026816163542855,0.11158908589700788,0.5242022794719714
0.1765253947198145,0.02266532106900998,0.9226773196983634,0.8592140314251951,0.4480804750521408
0.8225635806727557,0.6472377209863922,0.8473423257683692,0.6035425434413112,0.6064151527513292
0.1584912343048916,0.07949174835268746,0.7600472059609774,0.5698688153783592,0.30875084475553133
0.39410456137229666,0.07394868986970127,0.8858996238957495,0.54422736307002,0.3390795439671287
0.16968003699955608,0.0120980216984522,0.28815694946174486,0.10100846869764513,0.10608389818431843
0.9246833870330677,0.10754626195472239,0.19398021210600547,0.8242832071768256,0.514646408915769
0.10187257525865719,0.931531801409579,0.5548943761752093,0.7785497433175781,0.6872323897184683
0.46058950159572853,0.7060409839581683,0.5658086341861742,0.40039550598301077,0.6288848309415898
0.3305952389490311,0.8357933275778873,0.6077214042619692,0.7934835723012895,0.6286833392009923
0.13542345162888295,0.5669878324393505,0.7349531581167693,0.31806297449207777,0.42772302696561143
0.6670469819346656,0.8431836266573511,0.8982696496338443,0.13860511405997583,0.6745181785294017
0.6904412825399245,0.5154685690160083,0.2727242366264233,0.07808492590578597,0.4853877264333881
0.7143147282760878,0.09274379512412934,0.9092607083109917,0.1541106411166283,0.3776756420177022
0.19707790459981822,0.09926014930919491,0.852806111090902,0.5586114131421313,0.3633073707762229
0.517243890061798,0.3947825724173085,0.9196134927532301,0.5858608896678514,0.5757060099541631
0.3119449561520665,0.1694665851945295,0.06850680559100597,0.19145187389529875,0.187832202187189
0.357226233471056,0.3045879875223949,0.6680611268287184,0.48776237669913675,0.4407376743013721
0.931559418842437,0.16110990518583312,0.5970620209428874,0.14763253119444847,0.29717615045225226
0.9744152353608426,0.42578187606417994,0.23117487118804259,0.14652118994405744,0.5147959402367044
0.44209539884422355,0.3599079274936733,0.4639465417220131,0.6185795322614623,0.4203836986037765
0.2375453599533031,0.03273434060421865,0.24681174515403614,0.2698975818344767,0.17174994125416093
0.4489673754941862,0.4641107938908192,0.2976637947582136,0.44366043785734893,0.4356311937927245
0.663728987778632,0.3049955183026858,0.6179182568379911,0.46012367881516736,0.563448135914941
0.9834990849369151,0.49298455781839545,0.938495158330771,0.6186806493658047,0.756487300112277
0.5705071597462755,0.7155696354730722,0.11024448668056652,0.4092250049443893,0.45206101400475596
0.21616629877614657,0.23325764145399797,0.6423268919507984,0.7158634915835071,0.3185610827544966
0.8219048024466101,0.784094700579848,0.02158991114267539,0.6351658815856005,0.6006134114849493
0.14387036981837975,0.7924119971840686,0.6990771832794246,0.4888168130915468,0.5369828791909613
0.4341114410267075,0.522243251566884,0.053330789838588966,0.7358736143996616,0.5425831072443655
0.9056165333435121,0.38458379286021815,0.40368817745666385,0.8420355011683398,0.61453068737921
0.8311319225864027,0.5737442425445864,0.1901538629126105,0.8182240389858448,0.6465892495124665
0.7585476553974388,0.831332983608313,0.646260944632236,0.49951553129585385,0.7641479586026321
0.39339812668204244,0.5418809537726811,0.17021463488200483,0.8507707699313365,0.47919547052284717
0.5738669662693728,0.054268370732436844,0.5508725788472912,0.4362903974602359,0.35231511553586536
0.5045795613867765,0.81155293067782,0.533588939380301,0.37549056102207573,0.5466286065870076
0.24289865765853605,0.2061648446312071,0.991956370803152,0.7160202592651299,0.4470857347814072
0.276921708473574,0.9542168168347068,0.5981178785355357,0.7822648021697662,0.7620802523403876
0.39878505508895956,0.5636586996350151,0.7264709321804432,0.4716953034338842,0.44873802862102186
0.8533623183013634,0.7365579823309495,0.7931143766896918,0.26354185679411823,0.6168955888383941
0.6662970748797522,0.99465422295811,0.9960669551947968,0.7125923820485455,0.8981847943533131
0.7470756453757998,0.14268078148118757,0.14006800549659237,0.7464549110870303,0.46861730407970126
0.3807449939411539,0.042430737248644546,0.6498760292315197,0.8546684063723304,0.48800072117453497
0.2560221371902444,0.14548264959926016,0.9150557297761545,0.5761342356793513,0.4692678555879463
0.5450522093163299,0.9913792184482956,0.04384701871096319,0.6455918688982418,0.5736007770472057
0.4992314197421366,0.4165345061206146,0.32656545495884837,0.5636970078264083,0.4266971667026082
0.6392773819189974,0.6356510711589388,0.7132530312512708,0.7635364461171404,0.740995468104296
0.8114983116008924,0.23492826329075156,0.9799712896090502,0.5932177530971812,0.5488343330543245
0.9562649641391425,0.15113399984889386,0.49772737647806786,0.5214930540853534,0.4976705639354429
0.7238108909590367,0.39990862996044063,0.41413514313958166,0.8817066536731643,0.4919090813092724
0.8478127031154205,0.9629054230495309,0.9350876800409245,0.3668759600941929,0.7926864951963274
0.40379393179029277,0.3815388424735465,0.9729348125037023,0.854286372035822,0.5974484457120569
0.44788839685667303,0.08554166722556333,0.638010806927802,0.2688747561483534,0.2847050436965063
0.16804143000521116,0.2863965784275785,0.08809285071188666,0.8268412579852907,0.38413565014372686
0.9739262181205898,0.5098776547604066,0.6387105817628745,0.7449142529671339,0.8089950412174356
0.6800726221033242,0.8013122648554728,0.7863639366024132,0.7535654051352474,0.7094210704715829
0.580797188170168,0.2857523610996804,0.21477939931478396,0.47844695175240565,0.377631909657151
0.26406328498218323,0.7658794583498564,0.22986863437336924,0.5450557907378892,0.502924368364814
0.39057394975250725,0.08815464425229913,0.058153027989850115,0.5454688951953637,0.2688418394346186
0.20695365001044203,0.4149585022025196,0.27174978672052563,0.3442417787112467,0.3619031318010448
0.7683130996682105,0.3309118856783746,0.7221475187427966,0.7307309353736338,0.6683246316852824
0.28980127441089215,0.7511917895573142,0.15036389033582276,0.42829973810224603,0.5430009010915052
0.7742696671319346,0.05151559325111532,0.9500987190378207,0.09613602894069469,0.4432557400751099
0.5044930977772409,0.8951471589717278,0.788144013967911,0.8283224958610719,0.7343043717242052
0.6359956311092372,0.7858716255931055,0.7690614733811709,0.6744850932794842,0.6569551797187773
0.5499851784443516,0.570570709130388,0.7129057903648376,0.42700033284199235,0.6105486769568208
0.8885869537488756,0.52582105627312,0.8667837779383459,0.7255145517303827,0.6795149763829784
0.18447819375385655,0.1474706048866119,0.07885556237796953,1.0,0.26792625687561483
0.8887676397215338,0.12485147843328437,0.4937887702564081,0.6776629662213126,0.4610086946429614
0.519459205886862,0.459199383395387,0.9952834031417301,0.41239319187036083,0.5973685109817729
0.33273643476760945,0.3637615549817358,0.8732116596934296,0.6506281507878635,0.4878077287502528
0.6229976695286548,0.16293643896904608,0.22064594467895704,0.1607241047583191,0.19095627314931274
0.5696062900433975,0.19209764520135264,0.2660877358689496,0.35159451462942337,0.2429726083578369
0.13678657973706984,0.3507408988828107,0.6821729782360418,0.8359724796461645,0.4740548096185903
0.32613324712041436,0.0915920341444687,0.3363406385207668,0.5747067318973832,0.33120772054046405
0.8676545989055995,0.7086898601431678,0.8895551145020065,0.10929178212102124,0.5915559500933223
0.1882849296168833,0.9754904983310557,0.1385067778251592,0.37168509545833095,0.4733980090858637
0.8208886678295889,0.7286004799966389,0.9646626807183362,0.4298874905582978,0.7837394706954524
0.21132264886064128,0.645693868383918,0.9966009120549105,0.7230854720193383,0.5977790788374094
0.6301541027493675,0.1353010722340201,0.6560077089045355,0.17024200005865078,0.4126538434391745
0.8332280615080139,0.31478381581281056,0.403487475280505,0.44288382978052815,0.4476930363833273
0.47698359602144247,0.6565330699030019,0.16555317977469386,0.5984920994153825,0.4617133092077861
0.8843628615207902,0.4723586201987673,0.3534145645002842,0.29947200156135834,0.5534225398778418
0.5939130811328961,0.2692845198087094,0.9992994759634984,0.570532903289761,0.5827081961318002
0.653004048084507,0.18802523777072822,0.9436500718111842,0.16352595921977636,0.42377069295303416
0.7228607358440752,0.20161989881059528,0.05391245887605611,0.23690613822174328,0.4017202913002802
0.9326393365514892,0.5518799421186391,0.7904923562483306,0.6372122460979475,0.6353123226186695
0.6803630899272585,0.7153705396675714,0.09648201973516846,0.40535145424009644,0.5137491380529614
0.6145386867626184,0.1046895682836545,0.19303616221432107,0.06641731548494784,0.3090572603529617
0.4866412727508823,0.7148371979367092,0.1326886118258459,0.2657937907483108,0.4850068235993952
0.4965883182346972,0.6600660016334998,0.9785131346073124,0.4876480964798956,0.6833302050820722
0.20679026023845096,0.14685714864020227,0.18575905620621014,0.8722495769442937,0.2958697498970397
0.5391821395749333,0.7228458753432891,0.9697697132162659,0.16708868783254838,0.6444773781625215
0.8615869928910667,0.45482977243864975,0.7751427640453388,0.2272199259753791,0.48770263630300104
0.19354398633003328,0.0505396368046267,0.858451058856471,0.44305982470169003,0.3047230959629147
0.27261960171093297,0.7155554957950951,0.3190697548686857,0.8205706399727642,0.5266385099724448
0.24017478381904991,0.16422068745957075,0.07088550580912611,0.370740525009239,0.10259672810274653
0.4878940078613526,0.7262425885073709,0.6933970262725346,0.9837942029992276,0.7446212674393344
0.4227499470530537,0.8963645620810967,0.38193245586918645,0.5849820365318906,0.718392771880086
0.17054958427323264,0.020764089724460977,0.3708340845939895,0.6284455580241473,0.26914458560431836
0.92668810158927,0.4190550505890892,0.22322939186093316,0.38425510707840166,0.4127604459183182
0.5612703753075786,0.6030082724225491,0.45047041165789736,0.8655513460052505,0.6403055222419797
0.9982432195548163,0.456310134438656,0.42497237329909343,0.6641520598981612,0.5313428920262468
0.21929390119438696,0.40552522145794356,0.22722069409991053,0.44277689443506113,0.32613444138707126
0.8893277744585436,0.3717660508266061,0.5726153921451278,0.48016485784774576,0.5803358881443161
0.6256172618810613,0.14616535381183726,0.29714931868899164,0.3948425334132414,0.31299958260498145
0.5813909339208309,0.6846716274158617,0.4487407508475062,0.5462806459181855,0.5877170341717837
0.10302614049064296,0.38066826380391905,0.6010970613725093,0.45852506832911516,0.4985463802368444
0.6114446688700301,0.00400167593470202,0.3123973747187192,0.2601356310400983,0.18144466968981976
0.6379139152250267,0.20292588570198822,0.4282507002599032,0.5358234594014453,0.4957585208173104
0.9582011260480885,0.8448160525721434,0.26054501410973785,0.2695745792472643,0.645162667277106
0.1265975118474567,0.3449349359438195,0.8233837175040588,0.41066904421128786,0.41152478543231696
0.25294824196748533,0.9719869971956716,0.9455347859740725,0.2079956986765761,0.6690441473861615
0.7183796248933337,0.25520212401559794,0.6005576560606293,0.6648325757156228,0.5962000323846401
0.7001428094300359,0.5399810521144203,0.39258940090865946,0.43853689111692973,0.46169532355178294
0.6400040216583531,0.6105225557736857,0.5118373641477683,0.11489857461308664,0.38577413366048674
0.461606720646483,0.1057352679264505,0.02429270339978029,0.5193586995065699,0.1713446039886378
0.39626902598306313,0.41063963202112397,0.8640531247038472,0.5189099546411042,0.5166191446576947
0.14776550395423044,0.7676754330372791,0.6659300312206798,0.3692100047502611,0.5360831360211589
0.49332166848880565,0.39289229583117913,0.4996906028861203,0.9924838362079866,0.5685569302307855
0.3259461919953388,0.16314014355495954,0.39856338779402645,0.5053792877847398,0.26923146122770014
0.20145747891657612,0.08021779886735214,0.847861289761902,0.061239768277220635,0.19679918218787842
0.9851438852197973,0.4176052473023968,0.2120433621929596,0.7169770748750665,0.565580755847393
0.48353176745245174,0.34178810548122596,0.67551731986525,0.40260350934903716,0.3823742506685176
0.7857665550003603,0.36533926361070046,0.8798199767054522,0.1596760209018688,0.5333690559978859
0.39216225158060003,0.6226878136965482,0.09298027644479123,0.5556381442732901,0.496147536145631
0.5974351895465898,0.5784477558526964,0.426569004711536,0.6093207284479066,0.5711911258203399
0.24057683086044254,0.5247980137199302,0.596340765110103,0.534467483919824,0.5204140624314393
0.282672472747765,0.8622925295542114,0.3425421656593509,0.7527010418328606,0.6025588293225024
0.6006139531302613,0.35424019863378753,0.8372099102892684,0.751226675868359,0.5809660948210893
0.16686868441234082,0.6959581889000698,0.43725583920261035,0.580518762888893,0.4581181720858656
0.8724220286108425,0.25061198591313216,0.36145365838396726,0.7967726685834818,0.5030298915780304
0.5206694502317184,0.672434401962343,0.26123420101828443,0.5490189274139816,0.5252189774563075
0.3112638230917858,0.8542246391707045,0.7210502516015632,0.42389011816895655,0.5540382489639182
0.4148229592421946,0.4734969867369291,0.785467265986192,0.6300680955267954,0.5215177311096628
0.241870808545136,0.07098919115138647,0.00987960664205656,0.6125319698660724,0.12243166308072362
0.15814418327768887,0.5298630908366776,0.27331931995714165,0.59866912199945,0.46360925037721945
0.4687721981716465,0.903052665252727,0.9119841961076944,0.4760141682166352,0.7827580753188891
0.5911997368650496,0.653917788273347,0.6203428613172159,0.7517875715678531,0.6660654948930049
0.6592878631547094,0.1794072409021057,0.21101322898736052,0.864752618095166,0.41773835229317063
0.19283739468991004,0.1615414599392695,0.501724646783326,0.7891174688784963,0.37049932343710207
0.3810451781221076,0.2698971895557781,0.9013927493304957,0.8133649804472466,0.5082969236021391
0.7212100000730709,0.09831146023723747,0.1154336399835092,0.6135638497574248,0.37544989803157436
0.5531815419023203,0.27163262156005596,0.6062974722470652,0.3832413559740455,0.41945690660391
0.8234059406733374,0.9630430223942145,0.3955388763611394,0.6934546027360656,0.7396072362542027
0.9836350321188413,0.09225867472415628,0.2593662020774835,0.6769099925194506,0.3997702389554373
0.40439486546425507,0.21824883251157134,0.8714520646188432,0.47183961965661775,0.47199892939369237
0.44840920509148896,0.05619493673325693,0.920192599767068,0.9598338716962151,0.4047372122862297
0.3358845074619583,0.9088272140969338,0.9501683407630936,0.29076118110467686,0.6376825695363467
0.20784920203574037,0.275127409379333,0.8082114476502366,0.8296013425227625,0.5113895058914903
0.6153706981447943,0.28185973000065756,0.9912958069003978,0.28914424940573025,0.4604618907732887
0.4406511347858242,0.6926186916460534,0.23141709329248328,0.1497065034257133,0.45999316392658235
0.7321363660954369,0.1353094026876377,0.5978422099949774,0.7415510165075372,0.5334318997187084
0.8894830096846044,0.4143004118309941,0.5021280957856249,0.6605440486673925,0.5811849707148687
0.2473352363245771,0.0863182734861645,0.7382189055403422,0.27788107685278896,0.21591238667215457
0.4261299236842966,0.30669727038699823,0.8579634319990052,0.08490158190761748,0.4146099269480543
0.8817180688337084,0.02016138211789409,0.24350626073859472,0.787851289455959,0.34767955289669494
0.5804305428325104,0.7499833170303184,0.2955432111559676,0.47612504996794225,0.6286174487219874
0.9534193419723878,0.42461186078670277,0.34256802461147917,0.2990909276518504,0.5184769978414955
0.18056412981539693,0.4926642258305287,0.9010384977340232,0.7475145220065673,0.47200185086848284
0.7569984798909734,0.18451199559871156,0.3466396943698862,0.1769915238388644,0.4348079336117827
0.7949581158540182,0.6377806523184976,0.6310593315181711,0.6219051158267441,0.7014722692029762
0.12957645321562586,0.13590738229269894,0.3197772890488997,0.4723997032401904,0.22439857187331344
0.974964671368337,0.5990715103352405,0.24171373209131797,0.5794417648976244,0.5411896291717891
0.7056677558006341,0.5308079280904162,0.3854241780866443,0.769613657051887,0.5735815333670938
0.6082915592722059,0.1252026488883673,0.7557081268186125,0.3058927261459743,0.41925220020015225
0.28163764737798663,0.752046927805861,0.7093779303098892,0.16966530811801459,0.5256572983920709
0.3705866857046476,0.2607086389937505,0.8907930516903237,0.502965241083952,0.3908269766065611
0.8097559743763946,0.9947596373069965,0.8031920697099003,0.27466923436470014,0.79025039267798
0.22928262856490766,0.912881745222697,0.6689530774573037,0.8961104291291466,0.6410185176490657
0.3861666351238542,0.11580751031558345,0.9499426068875401,0.5262276444609257,0.37106009301912135
0.47415510935157734,0.5945984539489779,0.4199857984559502,0.48944751726739105,0.4546720990508159
0.3660705865871565,0.6923409439126125,0.03433163587181187,0.6381763575493178,0.4520792592527797
0.4715733435553656,0.6965307936042223,0.5072136816780898,0.5737934926262155,0.556887974193949
0.28800193081906444,0.06706562854137565,0.5029339370832488,0.5878682479838359,0.302388291029451
0.9530668657646503,0.07009829885928875,0.6146456795311703,0.41211610911818686,0.4052825187782538
0.6374914247673938,0.9472478767062625,0.19289374368137735,0.2890160510730093,0.5525900038136793
0.2181024565995613,0.8823476118397537,0.8285514084650413,0.14331965479041825,0.6945636757450316
0.3701638188039652,0.11842069401826816,0.7314482607086997,0.6312682856960068,0.3885827670833993
0.5490947390068,0.4095211472601892,0.907719023250521,0.8142035929103062,0.5143228030175978
0.6543812569694005,0.942123313757504,0.9511270322673777,0.6569564425908532,0.8524473549412014
0.37929700642110675,0.06310522485867842,0.07478816450286518,0.42796116411995283,0.17388133698013938
0.8242262065358492,0.1738459978231528,0.4928791795440838,0.607166397954475,0.520683791784782
0.9323394417380528,0.22852514770674437,0.4937192044621054,0.26452583407077235,0.4670517567631706
0.9818208956191099,0.36852947334645736,0.6954181659859248,0.7490095002543946,0.6453206785499056
0.6791819304571578,0.39370542292900446,0.5255437364597197,0.486930140941774,0.5520101906589323
0.5106696776115003,0.846725408789861,0.9887719806951271,0.765454525238207,0.7393254750860865
0.13266665056967453,0.22457017239773802,0.9055425836495654,0.4763669500636325,0.4709870257122784
0.9208272308062371,0.9723287103103934,0.4970982436773692,0.4308310340917582,0.7286818067565322
0.7377339768598026,0.040445728123000735,0.051361073032714866,0.6614905925971821,0.36776387892624884
0.4346924541297321,0.8059448887141532,0.5336245877266176,0.5133426914653454,0.609850658378581
0.9128894556614211,0.5286734431337664,0.5301503202879133,0.726142261190077,0.683830939566332
0.7742336713128364,0.23509711527075228,0.8783774196955995,0.9367974791891818,0.6478582432923493
0.1426135642719124,0.24071242978226637,0.3454436094605141,0.457139776305129,0.33875961092714857
0.49549805316593887,0.7848683119938884,0.9762716004370399,0.4548878515520334,0.6795743018795289
0.17167329740200066,0.8978669319420002,0.3992148743864111,0.2924613787042266,0.557993830535225
0.2621740482098869,0.3865091483149067,0.23802577948082637,0.7181908598810022,0.4068485146388544
0.37664062390384623,0.7735653751951652,0.8785119718112512,0.765548227391107,0.723076399938238
0.35667588365597835,0.7928649871024711,0.9377374698954221,0.25082764311900974,0.6933852656524768
0.3630041694132471,0.5306050720327485,0.12144526696213642,0.3983049516746939,0.3531654046630193
0.39998603364871776,0.44013270461766985,0.6154884193426575,0.2292035721730908,0.5624278076754645
0.8791864569071448,0.522260404529016,0.9272623257936373,0.22927740054294476,0.6726637672022988
0.17770302068644234,0.2301746338957943,0.7662316622037167,0.30145432122127197,0.36500614984009533
0.22779298533722478,0.855817856373974,0.10916970175428886,0.5128373459939224,0.5936117638148961
0.9144265783098402,0.639896436083252,0.22684709550105642,0.5464487605577234,0.5755153104767432
0.22949773691980524,0.09909645036243164,0.8614986228540221,0.7489460083291124,0.4531363844843835
0.5665583717091719,0.9115490483051731,0.32595154395443526,0.7485834424412192,0.6528826947150026
0.343667632140542,0.023705242899748624,0.5203167221940654,0.22508661136981678,0.2684441801891647
0.5024458995749622,0.9168305757134467,0.761844808783735,0.40377264598195434,0.5962266116508047
0.954218937624998,0.35927691576455967,0.003604239888287175,0.2703493522711172,0.4390657863235859
0.9864138242214212,0.6080622853051112,0.5007794909406015,0.882415236345564,0.7049725709419168
0.2718728107004762,0.5205739373148293,0.35611823021709244,0.6005938757803619,0.39343656598588056
0.6860515502143755,0.765458447246864,0.35788853072568927,0.6436933800204898,0.6998171577868326
0.8318728359815262,0.3881709095177397,0.5638191250676405,0.4645190942132178,0.5366727259763796
0.44659061104646536,0.11277055848915307,0.9467672854968892,0.22009991597885925,0.3803219155759016
0.16972800153216316,0.5993756100670233,0.23289823479923288,0.25919831495241763,0.3534473694225309
0.6413411220967392,0.4012555349790091,0.1908005996302896,0.7691020470323208,0.476979525937894
0.99072358100787,0.1339274931656549,0.7605339880096951,0.8020029748824348,0.6012270243315262
0.2136789339598495,0.34494010442174217,0.6731407971396123,0.14183795395087648,0.24343658137703345
0.6235215262729121,0.8562963087989713,0.3083554392289515,0.5260418606771096,0.697627557807103
0.4239086588145303,0.10012369871987037,0.041491490771571105,0.12272685840362188,0.12944905760338846
0.8622698875368698,0.3125587034702625,0.5777914549604904,0.13316717019317403,0.5154824190382346
0.30626641983500674,0.8830658080886833,0.8244802662548949,0.1916059649804732,0.6114105930220981
0.6607639300622672,0.7367563453314232,0.349104115449581,0.7113521496477941,0.6510005259847884
0.60260428061199,0.11309712809625783,0.36143481512650255,0.2726752711108047,0.35240238407388563
0.7512033627949767,0.6078237721413878,0.5013428804247794,0.6757435997200295,0.6552009743902675
0.4897850540683061,0.4448033333450726,0.9888035252326512,0.5594679767143658,0.5515732421846528
0.5824224648793457,0.5149386795873099,0.04201859126635965,0.6823324907291757,0.5071769774928299
0.39986205518877693,0.38671532727216407,0.5710197509043037,0.16439176197021643,0.3617283876888777
0.24924697843554441,0.0531495921729479,0.1916033575185323,0.4080980208931058,0.14202219188280055
0.819743432075099,0.21378812698020266,0.2616490132446003,0.7447900534047486,0.43556101064186586
0.9297062223189784,0.859567588811114,0.9687534424428031,0.5333638561859828,0.887264468630062
0.6605370305723776,0.14712034506758465,0.5437389561639286,0.6947476945002622,0.3343104478085506
0.36595796954301407,0.46319587796544825,0.8815002222616192,0.8276882041390419,0.6353698075146649
0.3326722646904591,0.8912929267033972,0.4827100462391418,0.6686258165101764,0.6039465994658226
0.2801943973760516,0.05202984694984503,0.4382274945490999,0.8362627992514526,0.3964202179163008
0.35704948217068333,0.790856177686854,0.31452076766820325,0.6753474227995794,0.6581174722109839
0.3101439504787756,0.10053155078621911,0.11028706842366498,0.2378473816656591,0.18576451017694623
0.8472016875568976,0.06883585151660598,0.7901235947217103,0.1572562018366139,0.40287084541170787
0.12276226809066981,0.602896339446407,0.28969602059877186,0.1521307811060809,0.21489053854776244
0.5373836061076925,0.42631966680431477,0.7125442652865932,0.29023566364213893,0.5039572072271117
0.32590556089693595,0.17895044029717733,0.6572131996684671,0.05427263418005471,0.36535835517267934
0.2456280635294793,0.692411958940341,0.9751017354188574,0.28565164963817374,0.5977112213228849
0.7890294138793134,0.8189483743113387,0.12490394462716736,0.7993321426947329,0.7070107948799068
0.36635019871449725,0.35488420292685796,0.7099551052298295,0.4180320383461062,0.3287516702661294
0.7367781711708452,0.8892777088335996,0.2889535655280361,0.1774421803694629,0.6201101556752252
0.8342164681040248,0.03643948610339409,0.0034917586029702408,0.491896482846762,0.337430657810669
0.5338748789984316,0.04486746306259981,0.5619541425098686,0.941209637467759,0.40190118612306086
0.7515880749763753,0.35318923817134007,0.9886931339871307,0.6130617634810122,0.6822985314335613
0.63282233487495,0.2949032530964255,0.9055090812962866,0.023417746368260606,0.40536070849168304
0.42575866448340605,0.31427009822092256,0.7121089328535756,0.5615955089044056,0.47229767533317557
0.8046294876468056,0.6727907094660301,0.49743665352301625,0.8823247501712519,0.7337310729040866
0.7213867813536333,0.40199613737855644,0.5117265243245136,0.43907814103509224,0.5185647927064362
0.4370202002174981,0.8603672346719318,0.5153743307446752,0.9128545777531187,0.7227407407564731
0.2501312562331689,0.7992387569371213,0.4689355729418375,0.25523412999103395,0.5267720096877269
0.8804476869559092,0.16161664810477816,0.6314760518374166,0.22263225376068257,0.43902160903462634
0.23705555658690966,0.25230553110059106,0.3914068328565784,0.7415209726004264,0.35115901234069447
0.9424780623214537,0.842490864035324,0.9088182628016865,0.4614795707011843,0.7138724585165448
0.980506209516925,0.4373630628517775,0.47183946384486086,0.30270044117876566,0.5257670213587289
0.2846207627975145,0.7983501731560643,0.9333720730922194,0.7797304893181075,0.6836392817468729
0.954237748013246,0.9436870866467165,0.815241941069561,0.7874870875309217,0.9123069502871078
0.7818976701865543,0.2888246505798262,0.2641885725505271,0.7514049919248501,0.38410279118063395
0.18389032369738262,0.3341838423754696,0.3509533247273796,0.24473862964734278,0.2692721499960877
0.13635971224927015,0.32999580361079417,0.7299256078573148,0.2431546506504852,0.3875499647036053
0.43694450624315684,0.20826782126756904,0.7203202132860334,0.4670116114839817,0.4223617856952893
0.3238441137809763,0.16810686120613372,0.7343253134949991,0.2520144656980776,0.33921170064663425
0.9699883041949682,0.8486795647085567,0.8799467428731284,1.0,0.8737972347658144
0.1665373516823409,0.8153541341503657,0.6468795433192011,0.24344550903814385,0.4828715960243142
0.15836768694532052,0.2669321978457563,0.39094162288928125,0.11936153562592884,0.2004589007196062
0.5237731153543951,0.667292181728008,0.9564070871099168,0.49195058920443907,0.7512574914065375
0.3845602457885876,0.8302003306564782,0.5456411265935651,0.2399546841015706,0.5586208076220465
0.9843290303966208,0.6922338746454207,0.37822290550604687,0.2928851246050224,0.5456644880722852
0.35851981166037594,0.1548766037942092,0.3505101600967603,0.3979870110738331,0.29740005114270684
0.7972877887590177,0.44851570721823175,0.5310680198223631,0.5118217871298757,0.5932802155657626
0.36776596152825525,0.5417680033766924,0.9534019462519872,0.38758365796276495,0.5029406180674534
0.4644259420319251,0.8046224415404045,0.4675703616132969,0.6553601501184484,0.6875989453085553
0.6677290416398762,0.004621655034006689,0.6043266122968982,0.8440963071323191,0.2991882130738823
0.9862674464230066,0.5022801292685278,0.9510654401441635,0.16692139856053667,0.6515398248429493
0.7533434925998103,0.3812351856571038,0.5225448313113069,0.09923336758144255,0.3687516538918245
0.6389829795041573,0.7636831004497274,0.9568260377492805,0.4041550618745192,0.6767131461961139
0.8617087529876788,0.8164134241294976,0.020248618423494902,0.48920107069019514,0.6054939753942594
0.5552487434251638,0.16213194527517016,0.5768197875912522,0.32098476338033155,0.4186781663451848
0.4169044064185323,0.4472167398935514,0.38073805988038867,0.21615953187317252,0.44598168808102007
0.22310500952846746,0.14490884040617302,0.10321959145577897,0.11040529964112211,0.15886122893060514
0.99366850163739,0.36634818470866526,0.45366984696709745,0.5306619786981922,0.5495625234213465
0.15183264587486373,0.16907180255676502,0.7545971985577923,0.32204555246406236,0.3333971433261269
0.5549681067670372,0.7734265567271462,0.10358865463202915,0.6734518785068792,0.5984779443560242
0.6542370098108832,0.3151993466543491,0.7209325483419113,0.6443641475179593,0.4786776643977174
0.5913937238803912,0.37434061535013075,0.1348599046704717,0.7890113400456403,0.48223471338913704
0.5451108620843281,0.4848461869924896,0.34991170821996764,0.48227725386287473,0.47580082956045955
0.6027877107370085,0.0027509955539209985,0.36570053019507354,0.8419341872461625,0.323258864248016
0.1760249769060447,0.7409559150623704,0.675400221419557,0.36810275146967947,0.5157432191806969
0.6570518465249355,0.3026056209087038,0.9666976167943213,0.5654663962731513,0.47854252296382105
0.20505235636968133,0.03611752045400307,0.6085381209133157,0.5717688478120831,0.23203314940640352
0.4650365893922258,0.334493334011551,0.34401370827118916,0.8477814152920655,0.5390097773064515
0.2826152159996601,0.9126791529118726,0.6544165238520121,0.47805672808206306,0.6601747418814305
0.22199510856384036,0.14507550397986724,0.7619486989401476,0.21142449148380257,0.3127771114599981
0.13675019081775705,0.9694585668207076,0.9186731725779644,0.23062876506463967,0.5265968891486741
0.48771824757739746,0.9281397811219235,0.33568544147991564,0.9361900800649628,0.7791572500383176
0.18061870356498616,0.8806188321616902,0.8966859895058709,0.20321154554323206,0.6627311298474418
0.6070267428048854,0.06944782605440092,0.5958348969007224,0.4811583153091274,0.3853662900516377
0.32512056143431983,0.31456224046153247,0.6284074964385535,0.5008537615179169,0.49717834291468954
0.43152242255372086,0.9623394230171654,0.014831842454580912,0.17284792432759832,0.5511466188451299
0.11348177272453155,0.07052280139879608,0.17184336422419222,0.20852575560014744,0.11688615169764544
0.2998323157334143,0.5036775734210623,0.8304770286866243,0.4156377191992617,0.4528384284107142
0.9420090041819976,0.7846399144689324,0.6528283982220019,0.7035342411104943,0.7652761613719226
0.9934635740279382,0.7367605947320999,0.01671109373772628,0.9425412591803892,0.6812913121628252
0.7477532520406377,0.558108441216524,0.22336033273424027,0.8146747472205226,0.5968989822777115
0.6832435361302618,0.012113116099891519,0.33234056001518053,0.12121362210121728,0.11659810034236767
0.1436476320045444,0.28391829091838905,0.6291222193389995,0.38164205713614435,0.40158763298410055
0.8432336137974934,0.8359371878585635,0.829573052819695,0.41473094049798054,0.7528440930415291
0.5656421651081055,0.3893310671432224,0.5928632094935181,0.7218617506881,0.5321556492413699
0.8523289775684415,0.8136238231382413,0.0714062735057901,0.8251490716977802,0.6427303392498527
0.9735587611181611,0.6956228028582475,0.9447301283260302,0.2874049103864606,0.6572568738621837
0.17946873109690414,0.9705786551976789,0.39505843451227507,0.19038277328144199,0.5849393335842644
0.18534935243728795,0.876901467830728,0.031120145703248392,0.09172374859468575,0.40026398569373334
0.6068005789630175,0.7111270074465693,0.417922205628921,0.6810081555800365,0.6033367656691727
0.7923920535133127,0.9130330980537907,0.07851121821074392,0.8186927052554498,0.7672313527362519
0.31511588203585816,0.6027626521721712,0.6473775955594916,0.6291127246494331,0.6805057834358434
0.5097698629726091,0.15096499313029488,0.8235742773513072,0.4531842325152422,0.32267663009908126
0.43783764835634653,0.7097352778996852,0.8118303774964685,0.21727777525193515,0.5710834825482135
0.5963808246817246,0.947088324752695,0.07475784672178032,0.5802833407309769,0.7127692174702221
0.7393922274167823,0.15970876214216712,0.47946394458432795,0.2074533653537785,0.3400324455932273
0.21178296456739645,0.9438047089917395,0.34104413519020915,0.22075836120953773,0.6236361493633674
0.9044728097439221,0.8978003696966024,0.10712078508788236,0.8035130863583861,0.7001432164099
0.7208664658716714,0.3090268126204314,0.8440787343822349,0.7186028204109489,0.5498251938336836
0.28333296249091866,0.7631898707194947,0.24137063800400393,0.8640056081032917,0.6674256426525803
0.9783841848366772,0.35915931217019315,0.33959074139582635,0.8294823460457486,0.52718244548671
0.8827573015977889,0.5726541054256784,0.4340114113106288,0.3633758923932678,0.5546262017575868
0.3508552390018418,0.37979026147795525,0.5985130794667752,0.6849368791566662,0.5331240391178738
0.34964875194615375,0.7102863387138983,0.6274341503743958,0.5399679212355595,0.5434998810938271
0.667834881848615,0.09711386751365891,0.9751791362546911,0.4639751454108455,0.39440385176238024
0.8121563460328609,0.3054375022948572,0.924805479191647,0.3464754296059605,0.5281976231024327
0.8830202744702546,0.46593278330109233,0.6663765241924039,0.6958994781716213,0.6646040471450912
0.12824740575717855,0.11652404749075418,0.7751074285059703,0.5582222245780287,0.4102699921558029
0.7650703592157777,0.4080452672150676,0.51075361712634,0.1900356753494054,0.5033998633433481
0.15944098357540626,0.13509455659530978,0.6636489895040385,0.5755128448554512,0.3377410973947297
0.7632298560546572,0.7266370282738476,0.21355674149568205,0.5747528503017665,0.6169809728715826
0.8221095990837577,0.28178549660455865,0.6256732123887586,0.05562816304049453,0.38925635911017814
0.8177180413353609,0.8324923700561442,0.8465195318772367,0.5109207982586731,0.7375175876898192
0.2577408579333319,0.38698978683638885,0.9648941234778153,0.11402749100569179,0.36086654973410914
0.5322599378114863,0.8435055387927836,0.402122591549645,0.17996495086329034,0.5682377926424504
0.8049377789107983,0.07970473944545908,0.14105092107023653,0.589345232282452,0.40739291149637763
0.5049444634777502,0.7158744169317086,0.050951085793663475,0.49089195754131243,0.4942757490121825
0.1393297517125166,0.034934808918159366,0.4272516013962966,0.5563113527179323,0.2897872849379244
0.7301166062103576,0.9968214498961826,0.03364382254376208,0.3391562958608858,0.6396390317948089
0.3922019901041126,0.457319956210711,0.2156631598174139,0.524445444960555,0.4613320870598054
0.2712475830103205,0.15263579133084437,0.34767667331450003,0.8695402319850244,0.3516787546925177
0.8808259176716424,0.5053092793537157,0.8856237255573897,0.3059364306601358,0.6679334479157835
0.15745724109019063,0.2898354623796403,0.3063828938257044,0.4030062963183247,0.22702896094275263
0.9839709130740013,0.8620141069116402,0.7720210128316995,0.7633625277923142,0.921840855046455
0.2712891008404159,0.8717463771925572,0.7575493571438894,0.6557282930467824,0.6975398046152178
0.31666702430405785,0.11902657794307137,0.409495849791478,0.2723558664704129,0.24071934015152502
0.7296368075359615,0.7217702773178095,0.17253170068710866,0.692416327975478,0.5881190436957637
0.8289505082376125,0.6105374273067323,0.11088060859848503,0.6051121747757998,0.5117456831208024
0.8293713518268881,0.02847122587682116,0.6902434300916938,0.29296536295197073,0.38808768940756944
0.6933030291107825,0.3121387916632715,0.2657380781656792,0.506451392756161,0.42181334221262257
0.7207979103964625,0.010722802894385097,0.3051121396784092,0.5142667498822541,0.2950814684945401
0.11014250157045846,0.3523464118280094,0.4989240983592872,0.753594937373668,0.38995348679640995
0.8956025966259072,0.33799050007776943,0.5761717865405768,0.440167692890346,0.6445092881955604
0.1831208124153359,0.3598780123338343,0.2742076050602448,0.44105067914863816,0.32410261625542724
0.43545403435068486,0.9319850178724747,0.8768730434938226,0.3576849825589217,0.6648974584957098
0.7765780221021692,0.5817858351234922,0.11868061525738349,0.30666046889699605,0.5257862878051975
0.6313935527010234,0.6519330594757505,0.026083286684721818,0.9211333028601533,0.6332414663194399
0.33997478773817097,0.799859101148085,0.009860833821606518,0.7652472545439365,0.5770815908030452
0.7693355457850225,0.39501167001369697,0.09526206562545592,0.29033624913611805,0.32786157271536853
0.6272957170468981,0.5202793126973825,0.31942735858453986,0.28442420101059573,0.5033407135472514
0.47020671137351955,0.5037436953747286,0.8145128796164033,0.7501249086807202,0.6352907644400866
0.2355224446930805,0.10530451774784744,0.8253389755243343,0.7119332774450283,0.38015410362724394
0.5971694201812078,0.8749702044778621,0.9893646425518628,0.953282909766254,0.9330611871484196
0.3089250571287995,0.16712486151879935,0.7595807500150725,0.31136465226892623,0.32398901217146786
0.6248455402903622,0.4616114176657774,0.6577574650262021,0.4595144859884166,0.5935023604853209
0.7379256681733702,0.9561667844973851,0.624986650276338,0.7408183137571184,0.7665899810888045
0.5509632886365494,0.6589508470054467,0.6860759642621699,0.36280586494514433,0.5908045520651329
0.398988256580883,0.345484991265538,0.4530068136934591,0.5291692017390097,0.445607281785555
0.6097503066193228,0.8870605617272078,0.3232514760005911,0.28247732074733345,0.5560105885930232
0.6085246081211245,0.14930119914354112,0.17596131866098563,0.1101773669751334,0.20522373927728027
0.60190471423231,0.3310942920003558,0.34398297606109696,0.36179054061654226,0.3039641702969299
0.703146319785354,0.9983543513232265,0.16865595932648536,0.7427294549347901,0.6428564616369233
0.3552325896959979,0.9152433100276822,0.46290768840471663,0.6699096773703392,0.7043121805919028
0.8825112465922443,0.10950618052016392,0.7740213057670227,0.3070353038342964,0.4485172521910554
0.4495465401820665,0.8445711476685672,0.004370644786012234,0.34976110183104825,0.5039234396663732
0.4860504980292968,0.1096118079986772,0.955479806945415,0.48683078173776323,0.43194061139630374
0.6738879554937081,0.3069545019266202,0.4318289959652363,0.7271684018267082,0.4950381487159495
0.8714061555615116,0.7332756958339769,0.9337476352497319,0.8730364529252146,0.8149964903780212
0.7595170477220377,0.7364169117764491,0.018349876454093472,0.9443283532448618,0.6496385742807727
0.5365474012859254,0.6074287609211508,0.16020475439554538,0.4283191901924789,0.5177384108761026
0.6024598717936752,0.4103136276429379,0.9202859446364178,0.4954240030838095,0.6199886951870289
0.9259247380555217,0.585448291484623,0.7125650778783753,0.7804500367677314,0.7098148415468376
0.5279354255649581,0.06903441679766653,0.7012790061297068,0.32977090949622334,0.517233738676085
0.914206093778563,0.0904862918495527,0.8698240088870314,0.7898305513856896,0.5364173104950711
0.2722052827012066,0.2566878187025806,0.12484249980879447,0.6105062237789634,0.37315152597780843
0.6720652502521256,0.6626005028802849,0.746651432837595,0.7915529791724742,0.7702966421299111
0.5478580587921823,0.8501504977106406,0.2470644407896445,0.4317850918214468,0.5706318188822594
0.755983263787447,0.4271560411496743,0.02483440748001431,0.41901040614505414,0.38307296821141446
0.596677272251049,0.5067578180237691,0.31832521305626726,0.46174225459539914,0.3927080968096822
0.22503071113387635,0.5593476125428666,0.6651983700291831,0.8438455878592935,0.49380566567451656
0.19908577473569775,0.6697481176878239,0.7793658357478758,0.7881013347165202,0.6755057566904843
0.9009359354696558,0.01897114649075171,0.4143186502523467,0.617559048554451,0.3622620461611785
0.8440147245440537,0.002495453600829145,0.8320883176808307,0.553921013398462,0.4303462760571049
0.8197864308920875,0.3666739714541998,0.7619377751603944,0.7407845908644444,0.5618689644478819
0.2291313427710474,0.8831834903527329,0.10911264418557753,0.1242302110256241,0.4596187958872442
0.23239000945296742,0.766345725285428,0.034851361639586464,0.8808106279957504,0.6438945833834117
0.8655639803322518,0.047898021467424834,0.7998686045285441,0.2888834701100015,0.39280512433444403
0.5412656741357452,0.6215957709446978,0.7292075892298131,0.40719975556901267,0.47263064359659823
0.5180285311456045,0.8174495144763007,0.7262027876391004,0.8144661459599616,0.7369361660583619
0.8202254091337106,0.8882094152888419,0.33476634187912746,0.3523795085739724,0.6588210442108415
0.434423294066531,0.831155654556012,0.7700856496204832,0.836394599053668,0.7288618508909147
0.8667884963662935,0.3810807706423057,0.7480036489688691,0.4711521797116099,0.5076356632677593
0.2603156570769306,0.09338997757048761,0.33931702534386443,0.5638086471507666,0.30359733986469584
0.7378568367458096,0.10279602298136903,0.44690509180350746,0.4858214262986513,0.40563043417409644
0.5233567175595751,0.42999254002430676,0.5730706585169314,0.38461963067640925,0.49114255962040926
0.8669250102336022,0.4541255758520417,0.8709023716339244,0.4668155119810407,0.590601521093171
0.8338258031240617,0.6145291332640569,0.09803127951352553,0.2179770193600289,0.5213590468552847
0.9059280451771544,0.8503581052395366,0.9806541915625387,0.1660178831691703,0.7597700096281462
0.6060143735545844,0.9244071207169879,0.7454302669659755,0.23955812203828405,0.6340200096387483
0.8829922320231353,0.008679241595875187,0.7104860682895641,0.4050057269290113,0.36969801127242047
0.4196949527184036,0.04646147722190963,0.015740611116717984,0.6084002130443849,0.22474798806751614
0.7828187991834467,0.6653914717661469,0.2971308129551443,0.9167531215181479,0.6895538880962468
0.48224230900904774,0.583918378542315,0.6197120567473473,0.7303752310147389,0.6045869899645642
0.24247857824551913,0.88048718264694,0.23987405903605152,0.8081644709018254,0.630025496411289
0.5474177231357915,0.21909482270011538,0.9839735581823739,0.8031368416099709,0.5577204514235142
0.5284822508959023,0.6229758757868907,0.5834965349643584,0.4876765606181592,0.5547713266918697
0.3879126941551546,0.7878781017032536,0.10452538102009945,0.3268550932352305,0.5438423791361509
0.7899557177163832,0.05889632542771517,0.8404066555637142,0.8163951480894811,0.5334330455401056
0.5818573909216812,0.7078592002736387,0.21750406674044642,0.8477105828585152,0.6247650767568931
0.9018255525084128,0.08139205801795824,0.46625605424349503,0.8881696426957743,0.5121206084996542
0.5316316292557359,0.2885790406177716,0.5103590811946472,0.24438748008932354,0.31991111529487437
0.6864345227024142,0.2969709573515703,0.9296974986654456,0.4117940727960516,0.5736367052986033
0.48358429506038114,0.25919102110768844,0.7671145611799992,0.3372503335513084,0.3891910255776532
0.22205886355413618,0.36497433470256857,0.10890853339459272,0.4439614345289954,0.30728390689792245
0.7770321338264434,0.9012547971029317,0.3072549811288111,0.3109099465476719,0.6343027305576812
0.46135801042705804,0.03293529782984572,0.27373585884983864,0.24453308158549053,0.20751317668183702
0.5438933592360343,0.4497345010699739,0.5205701068698809,0.5015871933242391,0.519470436288054
0.7122125766548001,0.6055892735717903,0.9846654944557015,0.5939279041483079,0.6657356904516187
0.7367975480261979,0.04545922559038451,0.8385603633980176,0.1984144866112417,0.3870373819779664
0.5925958681088345,0.4596159958719498,0.33140476472745506,0.6816605825570431,0.5394833813075806
0.45861300173784336,0.026156144532413106,0.4410266235155673,0.7673351840858266,0.34074657457403273
0.49687784960176784,0.10327616553190033,0.26062651333707565,0.40796940673827126,0.24416150019772392
0.41596741509541,0.6274888766401331,0.1800223068640845,0.6221465685284724,0.440967861588307
0.4528243504710794,0.5262086767240161,0.3552428610103552,0.7309138187334797,0.5213872220368757
0.7972434802100721,0.4043110980204393,0.4944322008289883,0.7560146736899594,0.6607344457078483
0.12539542666401762,0.3411819114083662,0.7475168967475064,0.43918392758530017,0.4367946347642768
0.4192333823117882,0.9182280556966069,0.996554108175881,1.0,0.9173200330661979
0.8834305035795597,0.29074272080416397,0.8070791562587321,0.22850235186496773,0.47946559955647483
0.5229910799367282,0.1668073202595728,0.01862768852439234,0.8923480356732373,0.44100096959956553
0.47262513137982476,0.5983789431994964,0.4297748344413661,0.6001326134799592,0.5353718143236396
0.19330222193401309,0.002728744513015746,0.3140003756121267,0.7597331788763269,0.22914723995014846
0.7465404562985589,0.3714013645999996,0.6062490867940149,0.08860458279020578,0.5228901447378081
0.18733220065893258,0.595009777518401,0.9986539186088776,0.14268041925311142,0.5615636230105494
0.3793602717398471,0.47112788499695446,0.234160740101667,0.573987955466345,0.3857344342198582
0.1463281156604229,0.30101967602712143,0.5689858479644604,0.6347797496908008,0.3993997540056828
0.46564363148255583,0.38974418362697494,0.4885811449750451,0.5210065933175594,0.43562487919770426
0.7334822160456547,0.7916733605776747,0.7819341410280795,0.16957291546620742,0.6264581147803638
0.15292408049947429,0.5294648519714666,0.04498113774550805,0.2083689819976887,0.27559469451507024
0.9103055350964836,0.38852877273702,0.6413409614899965,0.7175846606500385,0.5806184507511122
0.6864333458326523,0.6094668031064728,0.5156418674007825,0.5039227230361831,0.624667345882915
0.5583059324633,0.11585203830136759,0.4704712510750304,0.4373957863059823,0.2784246862176705
0.7823647992431503,0.8231128908522648,0.34128958335996706,0.5663401468666551,0.7310005221322193
0.8113314023785787,0.962380327227039,0.14880210712845643,1.0,0.8366027029176013
0.6645489765368628,0.1455096456453211,0.4363513239631892,0.830577657828752,0.4949490237704717
0.26245640785995744,0.9515421467554984,0.05913941201559225,0.6240939187384806,0.6120723777353065
0.890365068892627,0.9554449103904202,0.0012345246028885315,0.40218872913113735,0.7023694194533471
0.314811196186943,0.4473250411116366,0.9504271496301374,0.34321068255251896,0.4750337113269208
0.5966507749035398,0.9302998154332999,0.5738815907652576,0.6637868443045667,0.6609848580223125
0.4951907251743798,0.7312903860658883,0.9274612802434268,0.7630756108384243,0.8092034443739502
0.9488694616752488,0.10042933430755374,0.944817071550007,0.5625958938248236,0.5647651908745831
0.9124759134766699,0.48310109209391006,0.28096105317302156,0.46101335450879344,0.5412364720747439
0.9220205777814012,0.47619346355655556,0.9205837190890865,0.5856166861221079,0.641476492240372
0.6539292012356998,0.3914989986135561,0.34603050959453174,0.42871438877560814,0.39767015129844074
0.4328861847523101,0.07975704172102849,0.13815538995253462,0.5664662568209133,0.24941330044177426
0.8710874987855167,0.6097018321515439,0.9077599912404726,0.6790675532221587,0.7506009311354993
0.6675619364787991,0.1721729688289686,0.16214500356824502,0.6012281004744113,0.3848311820400333
0.3151858536879537,0.6304264647136572,0.8068116837480719,0.19505709597925175,0.5409640174960545
0.6661272982161226,0.1424426338324355,0.03958372952589795,0.1326998079550032,0.24236100203289837
0.9887984459754089,0.6423598237167781,0.8869877578719892,0.6364738615441391,0.7219125950177231
0.496674460334419,0.8441400020651998,0.9270794050436362,0.9777360856838724,0.7919002482487586
0.36277840779900794,0.9206138979503482,0.9150999076078628,0.6780264393673652,0.6592499891643784
0.9519904277972602,0.8879838539831117,0.7692423791754562,0.7067756927507178,0.8004325612567937
0.7177907187122864,0.741966705314293,0.7788736482559626,0.3322421182103841,0.6312689415349327
0.17838482580590947,0.7829014494560986,0.8350126715752834,0.49276280626276486,0.6482026053702501
0.9162514028337975,0.5663818006102074,0.7997861914601062,0.6494379414080811,0.7036558154088576
0.7209513195522014,0.006508646884609504,0.8010527747728287,1.0,0.4463579038350375
0.4771282753757148,0.48598849456590587,0.8025020338654403,0.7431460695111,0.5845827298693317
0.591513357132041,0.37494114635264697,0.22291117882966394,0.7911769000441601,0.5330187973546935
0.5266284241320283,0.5567976977124081,0.9952802413139549,0.4708056698059038,0.6703631741802829
0.6182029133428603,0.9770518594542353,0.9743136870052852,0.4332079605959248,0.7730994204466234
0.2463276805868022,0.16283214582946282,0.8908649570357761,0.3814315503871355,0.2905053672934276
0.271016564423915,0.7192713037887043,0.45872405383057935,0.9107631328702607,0.5587391541673066
0.6282869347061105,0.45993219662538876,0.3784380880484496,0.571042453409145,0.4467341420112044
0.9283242825224741,0.45661703339972226,0.7221839193592607,0.4224454503642003,0.5644228179047595
0.3735313152519397,0.8603533475036956,0.19854020282789397,0.6138727129607102,0.493920792847554
0.6594964310832538,0.9563817448338857,0.019756329185807164,0.6088482971043787,0.6313128474119417
0.3193405266530672,0.6240584427773487,0.4468941600565761,0.19819240866442753,0.48688267421624165
0.9294248206544737,0.9987792878543064,0.2506411181750833,0.49211411434555086,0.7411452904205966
0.6371453992287163,0.5915102197690018,0.6108222071639265,0.10346179792955057,0.5633982033853453
0.602915603887542,0.38525071836192193,0.4597109684483687,0.15364255532333923,0.35381753074009586
0.9078025688975476,0.6101530838991386,0.4982672570007528,0.7782277479195464,0.7573997208749436
0.8222892120789009,0.9271847450602091,0.9743458249772865,0.16972254548744617,0.7971698636500952
0.8334621707436123,0.5851651865033476,0.7731660158572567,0.05748290208662893,0.5578698301759111
0.603224441955777,0.16104617888158956,0.18713720859782146,0.6215294624923002,0.24867002002616773
0.8559467354322223,0.08734041411394433,0.4169420162710593,0.3504745481996798,0.29771715211890304
0.28906746111107023,0.1729108029905222,0.6404061169196741,0.7017683270043139,0.43730475742251534
0.4760053041819049,0.1263080003123236,0.37163381257274786,0.6645106955518394,0.389205028885846
0.6413436576774472,0.7753289809534257,0.45540280354966434,0.5416661308297956,0.6803609571815408
0.4693405378500639,0.5375906601353175,0.2682151227605093,0.4695325663145199,0.4489821544678388
0.21349898320312577,0.48889338312123976,0.5219158706823186,0.3529460860470583,0.3425949836103649
0.5691083541279572,0.806548435161058,0.0040246115968891605,0.4982140220190441,0.46603753480850324
0.6769776555636925,0.3407393557110129,0.04749422468232223,0.3836592769268688,0.36696750748023316
0.9022720011378514,0.34644937768866646,0.8453117813301047,0.5538724520387049,0.6129143239370121
0.9300907553308021,0.6925639915143327,0.24764611704565553,0.4437297834233496,0.5684498448722717
0.30716514220060137,0.6585064471923961,0.11593351065750634,0.5550636238255454,0.3891985618755293
0.6501290557804817,0.02043316607152501,0.5190992417621837,0.6609991135843746,0.2639747952922086
0.6202361004659201,0.5228059496723134,0.48112402336971494,0.41921218333849997,0.49255057517427114
0.4870212286105088,0.47948227781169783,0.9263629694180113,0.7639562930854432,0.7120698537753117
0.7679611344656407,0.054626288766484565,0.6312457207616191,0.3219431082954773,0.332262283059361
0.4283389379957646,0.5255860926993006,0.1174040623635999,0.017746565631339833,0.26853567734640743
0.23327905423614423,0.6357393575301872,0.8901426434798877,0.5437474664421613,0.5654129359861086
0.9301582246892581,0.7090866814238496,0.7852675610088865,0.415981762272715,0.6698515196320306
0.6542590202820937,0.35811621650427006,0.4237717467795218,0.615683334418317,0.49026342853808813
0.1449657682046559,0.28865204831296587,0.44596111597618315,0.2428895853958112,0.28376748196775725
0.24511312759118106,0.015222471491490808,0.7008024813019439,0.4031881402030168,0.3096895142190406
0.49080499929367494,0.12451546883362041,0.9399832853908264,1.0,0.5791316702005839
0.42730130209345585,0.7918963623947993,0.3161089815021412,0.5101733354807462,0.4837735185353097
0.46759300920285085,0.5598368028535897,0.41583405026802966,0.1954814471574838,0.4898454131806884
0.8561586680407035,0.8243323377352484,0.7221886124756745,0.46711691734127603,0.790565731191942
0.11221261291361434,0.254926566020909,0.9149150410844089,0.3112561592597041,0.4136262789243545
0.7758759337003952,0.7108566734662811,0.20381868018488325,0.6525176215789525,0.6484448261821975
0.39635827645603805,0.369161544230198,0.09171961532076933,0.5667051275156965,0.3904853016681878
0.1317720290626627,0.9747369472575074,0.6481795582653734,0.8969656684951095,0.6733532631869207
0.5626472097641928,0.9850955233397977,0.23526943784670684,0.45073451467865966,0.7279670432972979
0.37462579670845353,0.33122651629496347,0.07049409285256791,0.5990586245314073,0.2919129037953412
0.6180379738901158,0.5650515862904033,0.6151232896516171,0.16288579230451272,0.5053160174382454
0.11316163870901567,0.3290105773074007,0.424261863628575,0.700302679276546,0.4233856123036749
0.9560233417976077,0.8993591996761742,0.15837389729913964,0.3618450941120561,0.5744062932312877
0.6905580678697752,0.26083561598301575,0.022948429439944684,0.38142632365815016,0.2676826066707276
0.7880649049325187,0.10669007054927138,0.9174652255548038,0.35087369723386785,0.4689328147347546
0.5056521481940841,0.5998265693563105,0.5252719714144657,0.45660560248227133,0.5350654631293402
0.779992953257224,0.6745037787662376,0.4659817820381513,0.7187842869465932,0.6732996240530852
0.5893995779558969,0.0401350504349427,0.9199021256598975,0.610317393879364,0.43837689944865527
0.42760994981360756,0.6808872600004301,0.7421628627707558,0.14841151022639015,0.5627209500072597
0.5122619761319255,0.44004146765420227,0.17514063388614975,0.755472330265092,0.41125813822957635
0.9448944499129508,0.010906995317794821,0.005753262323301311,0.4459038853653438,0.35600194032252636
0.8708342048903376,0.19342451104269254,0.24188464798278753,0.1635675618979396,0.3109158257320113
0.14208401243004962,0.5381056585592319,0.2348901659718201,0.5958568730135457,0.36918498209215916
0.7625853791697029,0.6774255192128897,0.9672073016056905,0.7930129915945102,0.7762004376484785
0.9555620223432849,0.14814121772237565,0.9935649993533152,0.2906436867932051,0.6040887648064565
0.4897163064873884,0.21451987281172857,0.4295411753952091,0.5024618194075418,0.37830640850615926
0.1457052753130762,0.6093957634322407,0.6140154148945852,0.30499220734756194,0.4565330038819419
0.5646716387886321,0.019415559876565625,0.28246923032749804,0.47037958837508187,0.25287715076404454
0.7323408701107864,0.6136773766768955,0.31105176909560084,0.378007595033174,0.5381482588376688
0.7265997235043803,0.9769731627255192,0.749955101104078,0.7385809581874507,0.7511696935307416
0.875399414203208,0.36239345201381123,0.38582028887402586,0.34586117852929593,0.479689542216607
0.606227801904867,0.14900230483109322,0.2776172817729814,0.674084355785923,0.42414926766657945
0.6832995290118747,0.5622232498442106,0.7615073096765237,0.4283269950146599,0.6498472982581218
0.8640090076704101,0.4830274151905406,0.6695631476541436,0.8322654053021432,0.7307840853943933
0.7123169729367023,0.3940936485720673,0.7955752738926319,0.508277953666162,0.5494594521419975
0.6659288216146969,0.8001379423839416,0.26828785088883256,0.8627206342794652,0.6674124174699844
0.8827964196251699,0.7475781194759751,0.4244376040008935,0.5706283143143748,0.6948236914248858
0.45432455805775784,0.11876741294061999,0.763460676533682,0.4483935481585831,0.3459842632008031
0.7679195070621738,0.254183066044395,0.9409646143463672,0.4336128533423759,0.6036359871198077
0.42835695511444616,0.9829052328596898,0.8349408032137124,0.5047176655002997,0.7439608915956339
0.8072454915012381,0.22367559810645365,0.7723220452263659,0.30344249937901613,0.46071588560537174
0.8183381636593279,0.06849707476267897,0.21010544950502152,0.4634450413333189,0.3053667271280942
0.6885292329331762,0.7606696381675556,0.1781686160228383,0.8639156957039241,0.6567005894778748
0.9921736534699999,0.5318450833591791,0.5735760877520161,0.5886809731749378,0.5905143347449661
0.378693377535946,0.8188751704389413,0.6548489327759801,0.888348914676399,0.679266933144154
0.45143059647349604,0.3507167174921658,0.4315954105976695,0.20100670085225808,0.4420161637003293
0.7706966294765403,0.020478461124399328,0.6302381571061616,0.5455090630406884,0.28451084147922845
0.9521549939576326,0.7269409439386563,0.011876990741532922,0.49524565617316435,0.6425476111587443
0.36068140934265247,0.792830752100424,0.6033174468894399,0.10518590061869987,0.6048048900619194
0.35093812262202706,0.3217969085876088,0.3354619141411559,0.4749214933963544,0.455758190436576
0.31118668237276736,0.7602105221924912,0.3252762092417024,0.5311888778156612,0.5153514116087471
0.7113856290910254,0.11061056130502978,0.10520692899301642,0.5059340302206213,0.3435650096172791
0.26347691266071893,0.4307568483609884,0.7581755223840144,0.3310064636540084,0.4592575510949884
0.7532384686248562,0.60982671544246,0.5798342336703631,0.4410833807780983,0.6693374922186356
0.4444499443845664,0.49345899372194046,0.016406428726948752,0.18121770883597196,0.30960413568752426
0.7400000206455171,0.7743603861815881,0.0005099890159435683,0.04058173202745993,0.4674759363658503
0.5137952889324344,0.29925280560893,0.6293351148520573,0.314691420263765,0.4919760998288867
0.3164033128672715,0.09500276182293066,0.06928490144422583,1.0,0.31879285413784425
0.30603366211975935,0.27333395973618113,0.03829138619702044,0.5492337618895535,0.23525158083786987
0.4205774475270353,0.39927538401557716,0.7459648474782595,0.1597473001393297,0.38537043463449916
0.312276441673918,0.692543138206037,0.29248344310492624,0.6500291565448114,0.6850305278969838
0.7457920914595003,0.5996364818633143,0.5082770039431757,0.7221841283837604,0.5716060485075536
0.17137222727804774,0.20916268343226507,0.3118876842149477,0.6886403072365251,0.2674952691150098
0.3223790963228904,0.639670675559954,0.0760493701915278,0.6268995975142708,0.47534730071683406
0.23605452845409292,0.9147317347788052,0.770090381404774,0.3976857109035049,0.7329459256693857
0.4638935105645309,0.4899651763271299,0.3551661913907085,0.5941161865746751,0.4192021546290322
0.4461091744884622,0.3037614660177791,0.8559144754320444,0.12497991003050318,0.46851274690711026
0.5090532408843418,0.1970635340443162,0.1598686552371178,0.5589661565843391,0.31622807622244187
0.7967292577674073,0.11559186039128866,0.5581390987920192,0.9328766707877995,0.48341213096634533
0.936938439083481,0.39640615372565613,0.9216142232804446,0.42017851073709533,0.5944216818981901
0.42551009652927363,0.5800065753523652,0.5928117959393091,0.783551765849021,0.7156049978155654
0.2966103346917933,0.8000670762509892,0.5023654889227102,0.25860257867066716,0.6179161513644049
0.32060715145510915,0.2550594524694749,0.09488917523925111,0.9387589680194034,0.2846637119988076
0.5890867131327334,0.3386719248874972,0.7064556853165807,0.6513468729107458,0.576511574229732
0.6299537224076481,0.039218501280014584,0.7154602666747475,0.5762789988719355,0.4115454566232831
0.7648579949161627,0.027568240835845637,0.5547463038319256,0.23820506775533307,0.363705873113647
0.7997766084795083,0.4181077227864215,0.33730049784002214,0.7863192438520141,0.5166675563145992
0.32063321790770616,0.3983100570133833,0.32911541289482726,0.813035720265711,0.4561253050953356
0.9108047874117906,0.14150530090026514,0.5076602078761498,0.4442952447507965,0.5357630945725558
0.3998914507824446,0.5273776630980636,0.07544993547966361,0.17293629317364556,0.395620892580502
0.9512121447475334,0.5373791879137075,0.006920095584826758,0.8024535586750762,0.5536315354417835
0.9656123534300963,0.8339492559463139,0.10876823155377657,0.4999059818803881,0.6266466481196801
0.9125783144124767,0.4995017699989548,0.4469380373650883,0.4792395039415735,0.6172777849448335
0.9259820758722224,0.47226396400371484,0.40783930667511004,0.4022796559748177,0.44305622714627735
0.9590464256093016,0.6857437323304836,0.9266494080645696,0.27043386011475956,0.7494341315976694
0.8800358771705259,0.2412108394971294,0.19112497497642955,0.30812867926604537,0.4485614705582762
0.18627457586349516,0.09178543098187342,0.7773417890443545,0.3130263351877745,0.2844283813224853
0.9232208390300297,0.5411738301381054,0.5031940725789658,0.6981536970075076,0.5866614513251226
0.42303254309390725,0.14809849980120515,0.18783596228457056,0.21623992017557284,0.25655876419106466
0.6881124503848565,0.4710674777451407,0.14347570413421473,0.7907860637704491,0.513772547205872
0.11509994283899048,0.7894891768236403,0.2954229842766055,0.37514121982235304,0.3561532402853212
0.6588697849904427,0.8470711376911368,0.2466067636802356,0.8838468052091573,0.7324080950574604
0.26077773782660746,0.8236032332153927,0.10412476243739388,0.36091151956856105,0.46705632310922485
0.18849130038276746,0.97184209147679,0.8683962094619007,0.8140962932365408,0.7855167208711675
0.8644704291543875,0.1947937836376018,0.41334226414881536,0.8740323962417129,0.5319880077719892
0.26527946488155774,0.3457027048507265,0.8064074542922428,0.6801410378219178,0.5266824550082131
0.5054205949342819,0.1689570411013186,0.32637420531837735,0.6353046945881979,0.34474475370990515
0.989638430530457,0.6340467674692488,0.36107645054378623,0.2786771440670903,0.6718590837595158
0.6596871048838004,0.6340763546212487,0.2216641882729934,0.3208339046488219,0.4454869301866953
0.7257751098420668,0.7247826567743876,0.9934799343336271,0.9094573291220568,0.8722976479549499
0.23718609199770252,0.8694456889989581,0.9418474940884476,0.5977881248318773,0.701542732345894
0.7540652185566648,0.7085615685819504,0.7755681478094317,0.5346464227881015,0.6539739398361649
0.7842441190625503,0.24037395403146622,0.6839786768204107,0.4152953180831387,0.48745772530504944
0.9330485035212437,0.9692459342110903,0.23592308732761258,0.34728397647035975,0.7466100034004902
0.5191884309704647,0.7251346265816816,0.8580541790063455,0.09916893832081675,0.5497410138952056
0.4692571395878432,0.6845883976530838,0.6024352555904404,0.5653635216029859,0.5745090021879418
0.35274346179513016,0.6149443616579046,0.0830323495125681,0.20950881383321382,0.32444868829154955
0.5465852919550073,0.6632143272984561,0.4973639202167177,0.4490654903669291,0.5736273717085166
0.476695877650099,0.39860095544090435,0.5795374280317946,0.6151970517069857,0.44325119598116536
0.8408763972461909,0.2723534131334612,0.9927011622905122,0.5746688959935312,0.5725024847459449
0.4306485602367621,0.8607903810304645,0.6338838402196115,0.7353344366405707,0.6481159338805539
0.27729375025504654,0.9613247181162168,0.2447439405988301,0.3750059337454085,0.5838918715310638
0.35578952822715715,0.062078484032036085,0.30397027597100545,0.717893172893816,0.2968886864505814
0.808644182874225,0.04537725278032245,0.10653669360837192,0.7457671611193586,0.4085983648272462
0.46431586527556445,0.5386724999816228,0.8436098291374418,0.21393512078989285,0.4881746669567171
0.9801026721194135,0.8071600782921844,0.2762273135652734,0.598465579813761,0.7330143147038962
0.8559920760849837,0.43317761200465243,0.13288848920486762,0.2487805435792468,0.4145289035638108
0.15268727975507015,0.4012291809806058,0.8198769118260781,0.7369979213880746,0.46220344508837463
0.7765676915553488,0.8413749661359962,0.2770607254177502,0.4576312097075046,0.6532676054982958
0.659219639493299,0.4194169288968924,0.5041743704378998,0.6897631930389634,0.5673731985805498
0.3670270278652775,0.9266213485719222,0.42912331778188817,0.017009613883660457,0.5447887974352942
0.24337966197251348,0.2520468596720705,0.7848799094992822,0.6630797999915509,0.42386657115557247
0.21256411550551219,0.27698025997493414,0.22127675537223324,0.8344959666174149,0.33379069006534634
0.9482063002606593,0.9973763525954301,0.6857221062641092,0.9709078511535291,0.9495606581155265
0.23178388748401002,0.41031555147388965,0.07518058501402591,0.5786396353049135,0.37541498332499756
0.4098824007863878,0.7870922974503276,0.7476046678843783,0.40984718523897123,0.642983275460052
0.39099078957407396,0.47855871508035264,0.512268750784452,0.2689382542975626,0.4178951162255356
0.2675170594975461,0.2961431644014205,0.13623038783786012,0.5430878452523097,0.3043473130037108
0.6104557901666814,0.21699774606031685,0.12278479811915077,0.9822000249838398,0.4838198183760475
0.6673744255772066,0.06868468621938872,0.14513969326614062,0.32928113207065396,0.2595670066432677
0.22793173341086512,0.6739198740845365,0.3912034417144252,0.8410312306590645,0.5349239639214829
0.5546721058774923,0.5929053414052634,0.7607146278696642,0.9574491300465195,0.7647979086962212
0.5090500105483691,0.09403074813422674,0.2820991618716504,0.5754619507314802,0.3402729525220439
0.47084430330044735,0.835237316824051,0.5133924021256768,0.49258046415960594,0.6253627458604861
0.3392384866503624,0.09351568246937336,0.5343798153432594,0.0,0.21086465763115614
0.8541581990491592,0.8763784300676717,0.5405796107136721,0.6642131219246739,0.7510100345707538
0.1864474476305989,0.013180037749451312,0.46939757733863874,0.6686287335547196,0.3555972076181872
0.7210262020796405,0.6423326205578509,0.681529731124555,0.762427017765572,0.6594445789010093
0.7395916393601709,0.6438632350104302,0.770011389902282,0.09061241147197632,0.5536120301518916
0.4569493078498603,0.4851029839390655,0.7428037456552986,0.7230570643366949,0.5104691293811929
0.3274067907618192,0.13408314219804696,0.1930722737967313,0.7048683884901543,0.32187576527227063
0.8566715392181337,0.3951912443125549,0.8992221519747273,0.1345015511391281,0.46275446375305224
0.5323312960814968,0.11939077726570835,0.6531459880944719,0.1454694620339142,0.32007757614252635
0.323254242561668,0.038670044018810135,0.3188218961060588,0.44325076752248843,0.29188764278449786
0.8663239124981896,0.5073635432245636,0.4808674586362257,0.2973565889364115,0.5064704103848214
0.3844717468115545,0.8006914635742854,0.7153470212874742,0.5815853510078516,0.6692037694617465
0.148552729152501,0.15520677917928338,0.3998339976426497,0.13057358021113163,0.14755197867785236
0.9299958420830068,0.43579837485432904,0.7102822844905679,0.5012789112033111,0.5793143036685957
0.24578463423684188,0.17802952960536367,0.0775689072621345,0.6048364885635423,0.2746022014274039
0.15961555187951815,0.4574669923029103,0.7377207361681893,0.6510033047527463,0.45593194094101347
0.2961593691941059,0.9256734939291974,0.23230421805827817,0.28991950791909304,0.5541503688473572
0.17306353485252363,0.6377456662457177,0.4770771715592135,0.18374720353237434,0.43863676579797795
0.10172413556109916,0.15325221584365345,0.5772786803783746,0.6517413992408224,0.3525985318344217
0.7565627785922849,0.008162711457216032,0.7341621020363812,0.36493244003611325,0.35059252352719583
0.32260434134625504,0.7981759384617949,0.13254410512507575,0.42748492384982745,0.4301505872238963
0.4892616772718922,0.04206584721517004,0.1388166822433209,0.5160131152760603,0.20771819890859308
0.6346635889165242,0.7556612519179438,0.2974012926509706,0.4205900706800346,0.6254075617638792
0.8138939824118702,0.6616843562366649,0.410529113946716,0.8520776444734007,0.6801958167915542
0.8920327314324357,0.0808520330396183,0.19656637671020738,0.24785873268020026,0.2341016471330182
0.36865305149234406,0.8838462997372464,0.901388615535573,0.42024809709974575,0.6674661195431717
0.9800303402243753,0.1114621395835168,0.461948048124762,0.4566899818538795,0.3873756548085504
0.36658939582003336,0.5606524586409775,0.7434998642840964,0.7534232847548948,0.6026059128999458
0.15241910749432414,0.5633889305968313,0.7975209993180093,0.559295080942513,0.48959088296332964
0.6505048698673783,0.22369214333206333,0.6391553456502899,0.737558152398435,0.46941120602024566
0.210966819734123,0.467312378155068,0.9485487173608759,0.8059342543360749,0.5681450532099598
0.6138299366203357,0.8438520582019737,0.9206884411696955,0.42424311574609386,0.7179141560204224
0.3979138142179228,0.6081352329231426,0.22570307047010973,0.5010211877078358,0.5004034327832065
0.48340457147470983,0.9880544606955093,0.1532323202346112,0.7171993209494292,0.6483037746971747
0.5331261541344148,0.7105106495310913,0.21056365326257276,0.833471371041708,0.6827582424168577
0.6015576943001505,0.0667761382124833,0.014307285046622042,0.6974175390994923,0.33925833935386007
0.2308745350833534,0.6895972903277331,0.12958216792992272,0.44965923511903017,0.41368647433072525
0.8702882019273342,0.10665271742793003,0.5577544003447928,0.17161596093188106,0.3743786902075994
0.5591918821278795,0.9692692443485262,0.9556995589188719,0.6232918586677483,0.7985072061799158
0.5605802988014571,0.05496406137865184,0.5739747104683102,0.41724198520913997,0.3446726282221081
0.6840839784140597,0.1989406150463927,0.39712302560511914,0.6914012639846141,0.39595165700849316
0.42830543203322313,0.5606978174642661,0.43850124827457704,0.1472212668389461,0.413166950604096
0.10148723932777405,0.826797739763546,0.99681094032579,0.528686384281935,0.7223791888488877
0.3461978265116601,0.3903803901438524,0.46012721666679424,0.7953995075408252,0.42386463170192656
0.2395537492711721,0.5400934210977145,0.08061128846621757,0.7461981710895486,0.5018754625194884
0.8358494778255192,0.32660288026197704,0.6490361759185217,0.7599875420600027,0.5742022053309823
0.33785669909123384,0.7272156880186423,0.8372857778497611,0.1296166741930537,0.5961116345812715
0.5819634115094386,0.747691009128637,0.8959122759653094,0.4963821893040598,0.6103317903374366
0.5656010486315457,0.2307839225136752,0.6631287382441872,0.7374564198000377,0.537024160751924
0.6919050248879506,0.9727470304215423,0.7439037629159088,0.6479169240692398,0.8565149906101559
0.7298413600094452,0.9937005233882049,0.4698727236363408,0.36526456623991765,0.7024325014658329
0.8559174988144639,0.2363644207056953,0.3182851531164682,0.8044191752437312,0.5346377104057694
0.5471121325867263,0.7585449208966136,0.06438410592868082,0.5760628034624493,0.49890803862073146
0.8358727022501534,0.47534347373655284,0.7376926068316395,0.4473968539211147,0.6623979630304335
0.8696762255772807,0.5771771953713426,0.5182523114132099,0.8229310691907974,0.654928294185897
0.1506024242417739,0.947893822684675,0.003778185203477058,0.621550680502308,0.48165424719625455
0.3208258503877923,0.7708956832795819,0.8043696250082402,0.34097021148284035,0.5724192218645533
0.44197743201256734,0.8843861674538583,0.25217110566518597,1.0,0.6572730068136902
0.5721589914574373,0.3735246278123828,0.8670150784720089,0.1483269562478146,0.45525325973315267
0.5809205376102325,0.8661681117920639,0.30390813638182157,0.254889048211567,0.5885662709946764
0.762711276420394,0.6417520771315496,0.7589210379062663,0.22871595094961783,0.6047246533901429
0.45430320607817654,0.9989225084633329,0.2998020337291105,0.4385644859191283,0.7348702167629627
0.7984848575964919,0.06717543126585612,0.20495766223228062,0.0,0.27401815454948253
0.9011636043505543,0.8901633061387604,0.3228787646551393,0.7166822292867355,0.7575925010266651
0.6273138120647895,0.23991791885452485,0.587389474456213,0.49372721210203024,0.4844581994952956
0.614373579133632,0.5245400227039607,0.6447018988118438,0.4078477396173791,0.5684623883194596
0.9939384713307446,0.7092868733480133,0.9278208017504327,0.1565569439242516,0.7373615970764086
0.1981132700810554,0.23808718204457258,0.23487370108750039,0.7907507062970626,0.3571216105021507
0.9548589383250357,0.38311586449683266,0.6017866688516357,0.9930593077693863,0.6359249193286681
0.9843043257338231,0.4498232757179522,0.8473500281430886,0.3057986669881433,0.5346601646705158
0.2882661334990573,0.6568733022593589,0.5107816180070809,0.7492078673546936,0.5020722325119232
0.9886241840818009,0.8535658372113794,0.38796633338382425,0.37523185419034993,0.7243646715511223
0.39329261817970107,0.41096451640043374,0.3177435047620818,0.46673662088653134,0.4061821957112031
0.9813381382298964,0.45313384872016993,0.9376369703165807,0.680439723757224,0.7175943334909693
0.6789722306447648,0.5180458844113917,0.09595852986317432,1.0,0.5086220481827248
0.6112293298972509,0.6328622768136293,0.9997744776055287,0.790781583440809,0.769555263835625
0.7276451716788821,0.34000926690790534,0.06487921809393848,0.45197076456453744,0.3916480934475401
0.18601783618467757,0.20729064359415228,0.34805228699093416,0.6174098905887395,0.3313914738828407
0.7883944364677784,0.45331153642729016,0.38897164130825335,0.08925107992911599,0.4795195513838899
0.4881132922515464,0.019932167119719568,0.6461303683672054,0.7162893673253089,0.392253302637649
0.28457634877477767,0.4610987546341103,0.4611031852005204,0.5472082595274209,0.4656165656014138
0.5023890959390159,0.9344004323485264,0.40809213630469865,0.5196687528569917,0.5951401203007198
0.9685001885290472,0.4536412314437085,0.6324355829402903,0.6820482543359488,0.6446687487729675
0.9618027656551572,0.5968853678610146,0.019887017954431818,0.9084064247007109,0.6262748285103192
0.11973378681003091,0.44504528331486537,0.9884046921559463,0.6154815119513598,0.5605505014889045
0.5257907753410818,0.2862231010257139,0.8940975279890293,0.6829254911665337,0.4691177462633049
0.5626369824206794,0.8302435279704073,0.23145317131964038,0.8245859081188345,0.6296837685368365
0.1945598331235769,0.8909686358976551,0.4356577974065051,0.8227639923397333,0.6700587906321713
0.6212769520669293,0.9099344479417872,0.7999705598834314,0.5550362439231904,0.7542707374931458
0.8038883323788414,0.6946824174353046,0.9879523682065647,0.4258510570522623,0.7408220680812092
0.6795709895281132,0.15536991412096823,0.6296603161278346,0.661529667163856,0.557820974816381
0.6380392407291116,0.3315442036954014,0.2230489683220238,0.4307717530614282,0.38904352619166865
0.7604278425480165,0.49789670258287133,0.3384337242309269,0.5076041063764533,0.5404823826660824
0.9749232619942938,0.09665193958190432,0.5117381207029182,0.5901755965938178,0.4631667467556522
0.37092347833752903,0.9409989278250971,0.2810651489467352,0.41606113021551683,0.5891011785597223
0.9398453319443945,0.9915787947795804,0.4284311442326858,0.6638464045108068,0.7822717361305015
0.5580061903596456,0.12241999939635617,0.3017178718552357,0.41702849168518086,0.2885572639819777
0.27688306366337423,0.8221142396931961,0.08052535277382356,0.8231326094343211,0.6174749209061836
0.7830609860904382,0.7982852766484908,0.953770740076004,0.7586951511165175,0.884485729184987
0.70364035560047,0.4103474265166672,0.47835996227649646,0.9034604354195694,0.6063643940246167
0.9251031023030001,0.3242721549306129,0.5308597753272042,0.5929626856642395,0.59920684485111
0.1721290198001898,0.7086544047393853,0.5034506940020357,0.6025294217807211,0.666690944041534
0.1539373898070026,0.23602760519282517,0.2656697558564416,0.7775765385282725,0.2796876947562434
0.37565829417370167,0.08955463674379893,0.23229843631492564,0.4725598751386203,0.210236199090342
0.1458402218701604,0.6936085944838359,0.5567196848760237,0.6655138133799748,0.4607643320313842
0.5102815344417411,0.5577451404428959,0.6862250031859937,0.763369851536251,0.5904299428763603
0.31068812712159954,0.9749745626029104,0.6647969910304584,0.5796875408251212,0.6926680138246398
0.24829829814440638,0.42949167869784377,0.40871252273951886,0.4140180545667617,0.4167401002745409
0.39351909431454923,0.44398862696877506,0.7723409755538425,0.052155257972916896,0.46948251416957415
0.17155322488552424,0.4260441034642619,0.5341199810253421,0.8210895056534625,0.46292649331905333
0.2311359505727581,0.3102686186798824,0.22144744191015575,0.5353981932671007,0.20024814776362357
0.4055153398146577,0.590531499603181,0.7341473396604719,0.32180435552463754,0.5801550239789455
0.7166607203621977,0.8055166286830625,0.3784717648136534,0.8508834894540808,0.7277758335356058
0.7895354273228111,0.5989020006907649,0.5014031661635708,0.40212020733965964,0.5947793772256886
0.981482856248745,0.43111288781834967,0.06722323495459781,0.6389850254419854,0.5073527847885868
0.3130354808881269,0.2640740372957504,0.22533598307814628,0.09304515575309145,0.2985049468733754
0.9101241561637032,0.07983893135040021,0.8401131642004498,0.6485925888699468,0.559146822906816
0.7614646164669504,0.19462729104901633,0.5843524026248863,0.5361671889089819,0.49023626666061415
0.4592804657064442,0.1867854222565356,0.18447321026652408,1.0,0.41673648690220044
0.6204892587782508,0.24620164344846074,0.6732980610196827,0.45186848952994024,0.4738165622642479
0.2602588944922589,0.7911449655420719,0.2991955061317254,0.7775444958409348,0.5309352410387609
0.5098673025831582,0.6987280685593499,0.06788471186569878,0.5479850277255512,0.4620885554532519
0.6117846725611045,0.3408418550780681,0.7258743434952848,0.2989950854400108,0.5399327269342368
0.13553316529604634,0.27504026431251694,0.019476770379214026,0.36859591680807346,0.17604405940810566
0.40805365872879495,0.12503161560862253,0.6000274026791299,0.6160358347456495,0.3520309496883417
0.8572119973727037,0.20688830545736836,0.9891855285275903,0.7705818108137443,0.6337232749485825
0.6912520652902167,0.5782066652980183,0.9880557186241089,0.24395100188191182,0.6256658521743254
0.5271503758075508,0.20026860617842301,0.3240814591690073,0.7199538495181879,0.4215711572906706
0.5512768379631103,0.1612152987596931,0.9654662559815771,0.44289757805471036,0.42894416964601184
0.5979379618294575,0.22724482788806133,0.7118972503066855,0.8893055926711037,0.5187952406911436
0.4911490374271945,0.6987769473617982,0.7148819434892723,0.46467577814343364,0.6392853246748912
0.15974254655141593,0.3802648786133209,0.8550979106231523,0.4138915046777532,0.3992643016352935
0.46860522426409945,0.28227106724910045,0.27518907242754165,0.4671446748209703,0.34967947883369777
0.6701618156082336,0.6567032229331867,0.4721423371403862,0.6230697041736982,0.5775797156401048
0.4879764331677091,0.365391012333533,0.44595850633138123,0.892937876397105,0.45618072695746814
0.6900578924004899,0.4566009242058158,0.6202048319408592,0.46147531899070127,0.46053325000311973
0.8361827649361139,0.4405408877224377,0.5162736227790912,0.8814232614573806,0.5979528199336471
0.5803303360736545,0.2889769962480321,0.6576774337926303,0.48105949731485925,0.4309590092809705
0.9894229591563183,0.6051447854452936,0.8444111489426633,0.17904716184829447,0.6151328697130316
0.22110476560557715,0.013365620331787453,0.43846708056481876,0.8109352242109144,0.27648818822120563
0.41011140651289746,0.3090542420003498,0.2073779804363417,0.5709947507550841,0.34204745903291384
0.19970552043597573,0.8134545715784511,0.743697430028513,0.7724048874922784,0.7293264858565295
0.15013620612408174,0.9185101506885499,0.980329132876381,0.3968035239308183,0.6131587193595515
0.38969168579750857,0.07731879285780763,0.45606773039729886,0.5976909933416507,0.33015038355199033
0.3017999259004762,0.8012413663586723,0.08922121118818538,0.13108772845373784,0.3933378199456196
0.45325181104319623,0.874101063016566,0.6184434719336769,0.8871045293145218,0.6223008240080725
0.2871173657617957,0.6708349004962706,0.3962227401325755,0.9143754917366642,0.5467931670105921
0.1447464632391722,0.6549035322851401,0.07749602166174219,0.3976522922811221,0.3509166463637268
0.28671452689257515,0.8580305453872766,0.1902266964164131,0.824905273034069,0.576472989772198
0.5610007517027851,0.4388550281680058,0.2707952963474134,0.6511553908661348,0.4282122751835039
0.5623538728989657,0.2728714507352116,0.21010564228636963,0.5796870078958806,0.3561437094885287
0.7237789828926157,0.06180287007903473,0.738874227046373,0.7758535740105097,0.5351730156646887
0.46907537415004663,0.26931816135928444,0.4917090694359564,0.5138689624862033,0.4934763863594662
0.5525879298932261,0.9674264320830138,0.08892245888673755,0.627433239711698,0.6388984055983493
0.6233642508896909,0.9013751683784113,0.02132207348071269,0.7377723229935892,0.5846596725163316
0.6804734365546222,0.9841210770252677,0.8788080989945338,0.5898079160771627,0.8338286852236171
0.5092247484330077,0.42867611581207576,0.33644758699299104,0.5651046375306129,0.5127658450007079
0.7921873833267734,0.7620099404776617,0.5157722876737236,0.4857176952040584,0.6764897573948083
0.6038503524096739,0.5976232485569792,0.3457156944762173,0.34659861726365704,0.4475120673835228
0.7726982727885032,0.8081056645452729,0.5521538195470366,0.7163661500335372,0.7729470935737801
0.9691539610706095,0.29811555339410345,0.22315325104174077,0.5289451072850658,0.39232984549305533
0.8391398224817299,0.19729807453843295,0.04816954313643107,0.7220650609756847,0.47500612383682195
0.2434835861994718,0.6345667993449942,0.43016445251449964,0.5030577548013576,0.47065855580479965
0.936253791412455,0.2747290802416147,0.5321862928286623,0.3878084240377748,0.4458864594659867
0.613756751789912,0.5927796939767489,0.7752113172341712,0.8388824414144987,0.7682173123200995
0.30273920082554956,0.16178858502363025,0.3999945968094998,0.2513837725393384,0.2801749153726809
0.6334936477687201,0.7613099154523792,0.3321549164526644,0.41223034864834396,0.5886396939515876
0.41859446542863965,0.5648157819919711,0.8048124609782379,0.24543680569720447,0.504199086664447
0.589127428345927,0.0868364204400115,0.8951380259615161,0.5492323063912341,0.5617604137448504
0.8526295084342623,0.8085554128042612,0.959662561382447,0.7184260828136464,0.7920625548251844
0.8714043480856305,0.8627799113025006,0.5188326758482592,0.8268780588413842,0.7192069781370052
0.2604693527521803,0.07776506985777709,0.8370827514567365,0.8326392819568911,0.43140644570345016
0.3549281245947514,0.7336606390130649,0.8077302795825284,0.6992014292711723,0.6441948340464987
0.5781793932003657,0.054673071977554555,0.9527466009925385,0.3538486864745092,0.4180616916128447
0.8822478239477517,0.9329690744900826,0.8056978554380688,0.5443666275634131,0.8574049696682066
0.659022575519941,0.019355175830852223,0.35590668208563614,0.6700947590118883,0.3148087012246797
0.2520832322999605,0.857773595969114,0.930965115016544,0.4773341694644709,0.6540170672320538
0.8829558495247772,0.5592028846502348,0.8873021057555099,0.5228738292005659,0.632875903226065
0.27986253317700704,0.39977754767388674,0.16756291105986854,0.35603752334656186,0.25867891163552686
0.2739765509055493,0.2767475643735259,0.9442618634671276,0.5097052362910421,0.4139331904137181
0.7531370354419202,0.26143537635350256,0.934772650797905,0.33834619625676826,0.4760970490636514
0.7855632119912662,0.3587978571573526,0.7167980293039524,0.2503859934172491,0.49832838630397397
0.46443629794638464,0.2692764835107516,0.19850895283866132,0.6080518674379726,0.3645788036002072
0.9552021450340891,0.10693606349574392,0.5632333087435071,0.6236643086516924,0.3787351565708498
0.44084527058874245,0.0290346626756125,0.7333695515076037,0.820946583117468,0.4825830162370316
0.27100836534812706,0.716111035589251,0.050397794243381755,0.38185587384226904,0.4237957216251546
0.9467481112102097,0.5780832503647575,0.8055923295278185,0.826417127409264,0.7444363658144589
0.16260506513777323,0.5843376360811219,0.6075337912780502,0.4856579976431503,0.45275345369828646
0.14251264632074245,0.053070385439244916,0.7625518094447068,0.7250453761252754,0.26449681482834986
0.43604749409260757,0.775037426543194,0.8844646536191675,0.4168356934279146,0.6301127904036342
0.5296253742646259,0.6676693147712001,0.8022903079813608,0.5074851812215618,0.6486239769757407
0.20151330978410234,0.1561200881766951,0.9821752549309101,0.5797064971470515,0.328613271452065
0.7721438555341846,0.41227252247437973,0.6701074493444349,0.0,0.43021454752267474
0.834592739077912,0.26385988555696327,0.8295549574955342,0.40558306934214433,0.556173496334855
0.4871800870683919,0.15244288440790354,0.4110271118693115,0.42749307810700876,0.33633946769826256
0.9699676011049819,0.1262682279229892,0.04438970417518606,0.4783441420628598,0.2644860517635464
0.7981802115581842,0.648602122637279,0.6118350545991809,0.3843187904347019,0.6552172861673553
0.15277663074380413,0.753849973057166,0.045297539173452916,0.4590259515372651,0.5066945603277109
0.25545793685297014,0.06600633581166793,0.7991443889716636,0.6632747453732355,0.34991342676567444
0.5871267664844897,0.8685388285702976,0.7736119671981704,0.1753606164184847,0.7250374822835706
0.7816201936345473,0.7932982758544875,0.6953537064807057,0.2082768681264738,0.6327788907973297
0.27657347412391076,0.6943952633422986,0.26852613568607786,0.6744859715405653,0.547757810655955
0.7424627046658542,0.9296864524641508,0.7171713920582679,0.6542695231014465,0.8158282215422936
0.39325110633078886,0.10502806478013227,0.4303494979304274,0.1747844878842177,0.31439024658627823
0.1248428598157133,0.3130238029558273,0.713381111163138,0.75826586294976,0.39829557708985025
0.7350626982198263,0.6633258578816675,0.1037501769205339,0.7816683157976696,0.5347381613289977
0.9114970732090821,0.805699185335282,0.07161191208951823,0.7717169974613289,0.6450268494518969
0.627460023395013,0.7731597497876567,0.13576770556174256,0.7453288392273921,0.6733151045037039
0.7825691713843562,0.2992728927440308,0.8064003601313298,0.9439080361126013,0.6345968603722343
0.6908773925693674,0.05557290884870136,0.1152258213095968,0.8228467509035509,0.3122700335893021
0.2705454719558675,0.8663414358503905,0.7251394025958332,0.8516695534126286,0.6516310012300617
0.9188302207200948,0.44790032157195436,0.8385661414378813,0.14663806773465765,0.5984513517854092
0.6819243841848991,0.9035435925352138,0.9109938009297419,0.6754845815877273,0.77818331287262
0.2323773930433482,0.10029696692788925,0.29794045872903907,0.34611896411028825,0.274640939841741
0.47066481309909036,0.7351611223467555,0.5512107091366065,0.817048840256034,0.7022204566280781
0.10875328761807496,0.6738893989463809,0.7123876355626482,0.053186187338373964,0.5042538084293458
0.4484419355200918,0.7006217301596944,0.5835801862336887,0.42273448647115847,0.5379784539571489
0.6100681136074063,0.4467506026907695,0.7351171884165283,0.5995567613613335,0.550848639648608
0.4967851343455698,0.7237496526342934,0.814097006967236,0.24740387182306212,0.6075564818647542
0.811008114425601,0.3757202346397196,0.9954469975949847,0.4309834737670857,0.6317318049792517
0.6244727266846383,0.8418573632643214,0.9510373920730237,0.6707320499290024,0.7982270155222742
0.1685970715497226,0.6351387368348678,0.8086118025268735,0.7406796065066525,0.5874884603500208
0.29603486735668677,0.8927063140950847,0.6678145728199314,0.5345139309654058,0.6710560076362908
0.42940049297546856,0.6526296360752237,0.3056640725924573,0.19271931670798814,0.36627271417420565
0.6758487674246224,0.33346442845915625,0.7533402207477691,0.8791205549852834,0.5253492279561264
0.6657245168897562,0.9516082847335617,0.23514304270621966,0.6277899532921438,0.7349944769422855
0.1357562380282218,0.14720022816015577,0.9655469178939454,0.8154234804899759,0.43606332160393424
0.6947358251138555,0.024140777122333645,0.24986494271936677,0.59979482045129,0.2697986694102149
0.24792253813219306,0.47345835241976897,0.7301134379017,0.842650414234206,0.592360383113158
0.3639954998858592,0.7953831741226179,0.40217042704241057,0.8505631051253113,0.6511243229106971
0.7166615717858456,0.2675901783278528,0.1526975456356484,0.16432353538093403,0.3887929884013917
0.13774209903898188,0.19244560536124078,0.4244963745271675,0.19230063358616623,0.2911318583235746
0.22767992754562505,0.7927898042561032,0.9453231521002897,0.42978402256285475,0.6607084096636751
0.9818291565004196,0.9832185647962111,0.2232299302939379,0.4869585173182888,0.7193497802171858
0.4969050408380473,0.6188063073304236,0.8995027601315464,0.7901998378210092,0.6629822535823715
0.44439716665213724,0.9568688161972551,0.28817491277800666,0.4838222005653893,0.5953242763253969
0.31733473258672606,0.7059757751249032,0.3023653923900669,0.8072686727282062,0.5386096714693929
0.6555644438122783,0.9000235976577259,0.7896945127369878,0.7620093197586867,0.7607950975022363
0.7713701270974762,0.4945155505222182,0.12795816410830285,0.16868384771198866,0.5505704051048073
0.4340579471812561,0.4619740388902801,0.3391429592187487,0.6825436693724878,0.4271221683391414
0.6844604206397441,0.27745699488794395,0.5315367969539899,0.9458827546678501,0.6097517887829051
0.5932781812545846,0.8567594515799968,0.5145259152192104,0.6777527357670324,0.7183772575392448
0.8334706042178615,0.34407743751027375,0.9136327461785047,0.2625826547628457,0.5356596792291622
0.9972157732343156,0.7311395586477195,0.31452195291778273,0.39421507316529414,0.5779577306499426
0.3726054485756084,0.49801039383443346,0.1851516873433331,0.9245353312055664,0.4894721747172814
0.1443346612396589,0.1609033580525735,0.27529013576680417,0.627616554899757,0.33263222365751405
0.7675992201641549,0.8824511550400854,0.18621056247172874,0.4584830651836466,0.5956558381735313
0.8964259863439532,0.19483552259227743,0.7312055825454951,0.5829978848878985,0.4888965364698727
0.6255043423539353,0.9790694033834728,0.5719511016191978,0.3921988711773699,0.7409100576794507
0.7310670088977114,0.7506573624717106,0.4429976967544552,0.5273664451492965,0.7109074904231288
0.21773928363866363,0.8424274420445554,0.8423612745663521,0.8538910446203427,0.7180981179381023
0.7961897662622326,0.7378273273437872,0.3415830522895853,0.7208589325622419,0.6357120400196575
0.5071103676996804,0.8507993783196138,0.7783622637945344,0.7541472357584071,0.7835563934581126
0.9402292471745919,0.5969997131006655,0.9311492196038197,0.39796991460969866,0.790210386952632
0.6831678744148683,0.810248444424017,0.1395546045635644,0.7445643504490099,0.6686195483652718
0.5206940194934855,0.5869451443143201,0.8380294123603257,0.9674214971208468,0.7154902741729793
0.5038874995841512,0.12125271213239064,0.5590677276092374,0.729003472596627,0.3347221029980318
0.8562966513969863,0.010122558540114013,0.8693875859880623,0.7961666527811523,0.48660763495182024
0.529795589857454,0.40469272144787705,0.9319792195573815,0.5080331761519226,0.5458004387661528
0.3008736637481654,0.4417224912169294,0.7372686902530848,0.16011558759225378,0.41188312909002295
0.854107007228842,0.11387000260536484,0.5132883603864953,0.4478564540400382,0.4096686314501198
0.6739864480425138,0.16362249285578212,0.2838647673148528,0.17910542271122806,0.36719572165270153
0.6488894145772953,0.04084044294998834,0.7628288663942945,0.4332620784781039,0.3904191093619304
0.400062278981272,0.7001559896457247,0.9657837504365606,0.48412117204297855,0.6356954421611496
0.24264039086405076,0.07700493320219459,0.9119757436817586,0.6300681126743328,0.3278461354586108
0.472262142349712,0.7140487993824833,0.8705956337262845,0.5560529284870512,0.6176814581368457
0.7395392722075764,0.7711362712004718,0.4147789031803083,0.5657595253626824,0.6186356330431099
0.1400449841365592,0.6982692319477085,0.7322592825084565,0.8966990882370666,0.6112567491390267
0.7932888406294105,0.5698610742823985,0.6422216758104462,0.5999979999490884,0.6087009542324704
0.3010546270478862,0.8345488999148157,0.22862725864897293,0.6802342560564039,0.6421139956605214
0.7377676281738851,0.41621968075762694,0.8897356025039052,0.5024577142273143,0.6488343525616834
0.7603770244749474,0.7425115331394864,0.5815227301649282,0.4980733410996895,0.657509636164196
0.7069901251739237,0.0652872912139103,0.5849349875446256,0.7732384258915023,0.35048709813544765
0.8970934092708981,0.5790748883323548,0.227159571639019,0.7208000893195579,0.5661993095287832
0.4182562262822458,0.10278557855729642,0.5431138867153203,0.3033487292768359,0.2303780498260099
0.13164449027215797,0.44509668687254467,0.46160321677132,0.6986122230611241,0.5038042640045706
0.5871075928850297,0.8703539993056497,0.7725521342662026,0.6234865332890379,0.7660892427589918
0.3402016715346065,0.2293356351014152,0.06098331717394123,0.7766849136896331,0.2601641067494319
0.6628584186923072,0.001447220520999326,0.3531314085110525,0.4785911913994056,0.348586189150883
0.961112235630773,0.007676518076821015,0.0882977478675161,0.299642678467611,0.3525539756019057
0.19331226133392632,0.5196070954723462,0.5775212879124432,0.3151685612897596,0.46383301589505194
0.6125690319697301,0.9831264099816142,0.21749318282011443,0.168411899515062,0.5858180249605566
0.9831606939280467,0.10527306220633847,0.5623727823711995,0.667487000166757,0.47142395333074477
0.1393765300060798,0.8567251943544528,0.21975862406074242,0.7755366468316708,0.6334494881148639
0.6329310399899775,0.7198996363846994,0.6513831711560145,0.8285486162688054,0.6570623006750645
0.6432652381145417,0.24170762724401895,0.419648010722407,0.636963697229547,0.3878013273380974
0.11780395845569813,0.1978269896046735,0.47812797224086157,0.48620522350004336,0.15464540107305894
0.7138080986484043,0.3728134221419914,0.8775816279385952,0.8129408368765727,0.5965278362425853
0.21451885546872979,0.07188789140512264,0.693586082264167,0.9401070328237231,0.3923532070877343
0.37492070727520055,0.28141386145689085,0.8734752535272743,0.21032703887926352,0.4598653394852704
0.37818593982973836,0.5035521510169848,0.5587129525945216,0.7339508013487007,0.4579954272547643
0.7142830978323433,0.8445392428593794,0.46921771964611625,0.5492857624715846,0.7131783591037573
0.5006343532580503,0.27190404440149385,0.8608639621688686,0.5141091329226507,0.5123303583546582
0.9738208633264883,0.35723541661678204,0.9585082693602052,0.7364693465631796,0.628478909470885
0.10404392214602814,0.6815833201075193,0.41095383446520384,0.5746883068666239,0.5231279563038449
0.7732923087852536,0.8399372805196774,0.9284761316015001,0.8413448735616473,0.8655231173369942
0.3053383554331712,0.259372533524196,0.3761224309222736,0.09349166173500621,0.21634398739232405
0.8728361409386373,0.5601493199490124,0.38315000301126767,0.7037263769328473,0.497500538765054
0.6067042875826274,0.5024417925747218,0.4912345688318851,0.6315906270652595,0.576344027970175
0.4012691202615928,0.8265006669807281,0.7277210963267101,0.5079698183476558,0.6414700005494965
0.5529322749613198,0.6079043165963325,0.4880951562210333,0.3045649734178418,0.5211188482954084
0.7542697100149358,0.9232740863535495,0.6372856468144399,0.21475525859074351,0.6594695839033411
0.8098235655758468,0.9050891105198504,0.5829802022965151,0.3565044214547395,0.6812050285298127
0.13924304522759137,0.9048927004979163,0.5155639447214952,0.35015359174591565,0.5727917928619081
0.22443668565020697,0.9085041797704697,0.5933389405048042,0.8716558813381114,0.6978202134516047
0.810633644325746,0.36466550572000933,0.6953897509239716,0.40316458018535684,0.5661800283949521
0.5006796816435709,0.9105522508215965,0.10345828370495302,0.7301747681741549,0.5426153769663422
0.8060146418778118,0.11618917391928085,0.8468129619628856,0.5359531662282402,0.4678393762154627
0.6449074895241259,0.5269193673044325,0.017691923121148312,0.786829974614009,0.47107921152008386
0.6736187420815536,0.5356651079334027,0.5959707593878597,0.022202446529764913,0.46141611629865026
0.9577005384696143,0.10139488383301343,0.7878827550354454,0.2295803353123907,0.46927835671900325
0.8572325817241587,0.19975139753295013,0.7212412749928592,0.41486387266586994,0.4905486911220712
0.1596690823466762,0.28565563438911457,0.34331679488110467,0.8207710362735576,0.3898658789952313
0.8273514798212852,0.3689702095355373,0.9856598475582383,0.35628462101887903,0.517641989808584
0.9555307981771612,0.2192670403138518,0.3417728670478325,0.2022581825118729,0.38101333286418126
0.5374857728755209,0.619862262830103,0.5373166952330477,0.7958707844961828,0.6297569544741873
0.9898780754757346,0.9220096204897769,0.732515969932714,0.6585864066410448,0.8440608264345038
0.3791796756527541,0.026896388576857055,0.6450246416097402,0.9122453573451765,0.443148351969883
0.17125030042782585,0.5824561304695721,0.9154786028697147,0.2864443171467671,0.4901027693069895
0.9258068937616935,0.3963642027457285,0.11345368627070984,0.4430288349346086,0.4300976227239512
0.49417165553384734,0.5672773713978572,0.17916687483871485,0.5078996556702338,0.4621259161141472
0.4683145573427159,0.28344585950544543,0.09826520581332032,0.46701672621304635,0.3185278448226935
0.132131285971447,0.6006447010702178,0.6459401707613442,0.34815349971283927,0.4246050345897197
0.6405516792194663,0.8598747500702685,0.003316704404901505,0.14323152719243437,0.4699725781192682
0.11852797000351759,0.3525582554710086,0.6681439245824626,0.4688676605007014,0.3942864794171565
0.9539736851600218,0.538545442140131,0.9299941824196555,0.6053935487874431,0.7585279502924177
0.5059346765331839,0.6762349561907047,0.2667571282404816,0.7286493946811005,0.5929677918984644
0.1433136048533659,0.40572969298866846,0.6231148401627745,0.6859996901268528,0.5216379945815096
0.8171551582162188,0.19125391144534343,0.7253651528437021,0.4045876480076727,0.46588288845831066
0.5734817540053851,0.6758547376271449,0.7268820563185974,0.5951332606110544,0.5538923903106024
0.5432065343758583,0.2699410261753804,0.4910472124280867,0.7930537049694762,0.480840294285342
0.12180010457632334,0.34686187064728413,0.8067447434722521,0.19742502962504216,0.4359882984685386
0.7511832417663685,0.2826329411521309,0.022516776070323763,0.7554268990086627,0.3687979836331635
0.9277997121764916,0.20064458726609924,0.7256224779846957,0.7409567903985317,0.5643156066599063
0.7008167110150916,0.29490511601444347,0.9338186290544822,0.03929425138582959,0.43737177537574745
0.9511402284852928,0.9455435621759695,0.3075027744634301,0.43821992119201225,0.780647285809405
0.2697336986455036,0.6910445449362481,0.3293495140778486,0.3816442985442948,0.4279778694202988
0.7947784713107896,0.8356087054582734,0.8045078776832267,0.35455661434341373,0.7651509972160965
0.13542574756791584,0.7981524073104483,0.7802275640665747,0.132132381331903,0.5431656531366782
0.18558441982245644,0.24237645964925603,0.37675934332615024,0.3459179161760357,0.2902243499146441
0.4249333061281366,0.5704855543571834,0.8788721883566153,0.2823728380762271,0.47299102215255723
0.9351570294690689,0.6729023601653983,0.80267685463757,0.812124373182038,0.7514192517944913
0.4417347003794999,0.1566933338525145,0.35346719309706087,0.8385024373845789,0.3666427724012835
0.6106614237313339,0.17045952894662864,0.14036273138610056,0.6505021761237357,0.39714901267197666
0.2903245987296025,0.28571128583204974,0.8707523529985529,0.4295300350734904,0.47327600529226377
0.3016509967413791,0.8522826992627464,0.2052549984497558,0.21868612896671352,0.4892620584061646
0.351350774108643,0.006000781673981992,0.21564830163787874,0.601129544797292,0.2733602795830895
0.28582452958255034,0.2276683005494301,0.009024554767183113,0.25730258857785876,0.19470044144876553
0.8351218206906041,0.20908420294490082,0.3341577258471312,0.47134909550395127,0.5077043138139645
0.8644386478496118,0.01954258397005837,0.12344295338854105,0.718108377427324,0.2982778697083211
0.6618973509379595,0.2940190711937435,0.15809984371359154,0.5280432110061448,0.4163917462026405
0.9278569215898087,0.5763706098555442,0.18612224452875603,0.6625826415196562,0.5568117547661295
0.16273421443606112,0.22340462463622646,0.43991044391221434,0.6600942327207178,0.2900382203111514
0.14250577569892078,0.08062095217578324,0.06085915180478074,0.14651323829046528,0.09773812258953392
0.5837161332421016,0.6425731922627426,0.9585935137152951,0.6864614609764712,0.7484088963858285
0.741838585503692,0.6073090409481429,0.93514670625037,0.8303874145931378,0.7279712965442701
0.6461479384788207,0.6826512013336615,0.1734553001021375,0.8062747571752462,0.5535344551241916
0.40981612484705576,0.6664786910930929,0.9376509851916737,0.7031410898051058,0.6364366725173756
0.5892045307250228,0.06892322134514528,0.10046621150850066,0.007540612136803154,0.19740733684076672
0.6998470668138714,0.38499194773585843,0.8025422571573416,0.8888838819539993,0.6773760030572782
0.8177717340417726,0.8003122407550035,0.38214279603569457,0.7328731207043713,0.6907258003176729
0.6314422110893242,0.05566639280432828,0.9857676058248134,0.23482862476668187,0.40684042508467855
0.7281181918675124,0.04472712326539008,0.390514972778638,0.3266116232405314,0.2286199225652759
0.5354139097490622,0.6972331404402706,0.8534232695091429,0.6413772305719,0.6326186363577584
0.626048631711696,0.097475687901181,0.5723734973452973,0.38677080154538374,0.37502017768291
0.9561013710756446,0.8944687604754439,0.513408777775673,0.4488577161346337,0.7498373759454802
0.736480785654129,0.35919929564320807,0.21968288362527266,0.38562736381919577,0.45273485360319393
0.24959394507107072,0.13869089941730472,0.3373405100200981,0.44334433110438043,0.29017986462168766
0.2888702204360855,0.41652564883955956,0.9276377180531866,0.5893067826986773,0.5351557958002863
0.9497330203820316,0.8953916600801053,0.003281129010300643,0.8217129921156112,0.6369918270873381
0.1236744942429242,0.590385373250624,0.7064839881423806,0.3824037287430155,0.5176078862479077
0.6392483860304499,0.47152548545207984,0.3368945651790579,0.055229323192164476,0.32440068432818386
0.30969728924765727,0.8180615602722586,0.708210837588187,0.27888642158521254,0.6420223668084766
0.42996018677713554,0.17265794614904295,0.18501289215299044,0.2042903926728198,0.2143467548990528
0.7417692058410531,0.9929645265724708,0.9095274074254557,0.38177187514648203,0.7074798798186925
0.7839678324747237,0.8376609057760555,0.09477512139137101,0.6529997981081266,0.6598166100338203
0.37935627425606677,0.6077619830184068,0.36601435286967976,0.8589293620124676,0.5125690801437457
0.8239226602026991,0.0893195211837623,0.8594932898889782,0.3750327032191738,0.43933308373442215
0.3866744840409768,0.11383065740746501,0.6152407149578807,0.27079508986163925,0.24626300537942397
0.49085516639813653,0.6925876396716318,0.4522627625236084,0.7245731838708537,0.604234113095239
0.21018332006493337,0.5698620995550041,0.21589580029502808,0.7573220769908674,0.42143082206439564
0.47874245758101475,0.9619153014112878,0.27418916794924764,0.0256305492942763,0.5759586065994969
0.14130448108754431,0.8108609695187914,0.43426816106367105,0.8097562250426671,0.5203537753539806
0.29690593392462433,0.6439962326394858,0.9215626042943503,0.12414641184790422,0.3831288999594761
0.8212975252025558,0.5251589587779172,0.24166281037458137,0.35425691624916056,0.4284753486390041
0.9038366369673323,0.1217345689692505,0.6296257182641684,0.8486710530325499,0.4592655994027613
0.8750491864346653,0.029059041905962424,0.18375868114115845,0.5610452801453004,0.39595606075135215
0.5502023028419912,0.5194726168593257,0.6356401098079596,0.6065406101794091,0.6317059125321105
0.24025508632370657,0.21061653849286177,0.26022402103534836,0.7121606814569463,0.3366116361829751
0.32685123568964214,0.11089152324417118,0.8987592259799747,0.4749052205658648,0.45435569147435306
0.6528965869546575,0.7800301075933374,0.07432886063293709,0.5845381432462273,0.5164006412425572
0.6779477499421331,0.5063847777826904,0.9572595561690334,0.8065829063282662,0.701891990800158
0.28952550467438,0.32550216532688936,0.021165447612074284,0.6690315083723716,0.3003350516946977
0.6423691603192322,0.9981301159238253,0.10081521406538851,0.4915824651193465,0.6497522161742127
0.6023862621101874,0.22850714551446538,0.017483287408542658,0.48921283652995196,0.20448860502760138
0.743430813779012,0.05274252990653738,0.6641808218023608,0.5423527846062057,0.36318267828702133
0.14827018692200328,0.12603803066879138,0.6090589161941482,0.35346596165550326,0.3052890948955613
0.9284523635202564,0.584937498678237,0.7794233641475729,0.6175221973626005,0.7421509621572175
0.29303593062336863,0.04594726129650295,0.9652415089115334,0.8885810892248832,0.3763335723930822
0.7825242900618393,0.19680234589401646,0.7869119333755145,0.47002882453763134,0.47657367320044064
0.4458525116137797,0.19294899243760621,0.1465620028143647,0.18265134092860474,0.30454950796863456
0.7666254508024061,0.401924954309284,0.09701963149240056,0.6237489467709996,0.5018464363838442
0.5883139442834324,0.9820819010754379,0.8129005976707453,0.3595997339406747,0.6626867134232876
0.5507481396579418,0.9031839149131398,0.9398559588938638,0.5229272954126752,0.7530500174422752
0.7748359725475051,0.6756604968379388,0.9713989875699617,0.7114749002777726,0.7979139091330671
0.8877354468921981,0.9944775777076228,0.5180044523572533,0.13119911851551624,0.6898738649694885
0.3671810659294916,0.9758861880198653,0.7025914319318557,0.39047988844589376,0.6175192512386425
0.5200055371467805,0.7950526068783638,0.8333551140962026,0.7837846755516737,0.7172014848917312
0.3074816097925457,0.0484229464267778,0.7032338561123226,0.19560063256974675,0.2803340735140077
0.2410047051251329,0.28744559739058506,0.3279195513714498,0.6850083344877236,0.32045214007893
0.7845621961793234,0.37355909774660023,0.15628493469677573,0.506882647021206,0.3947907337144698
0.5532593779798586,0.2758988169218478,0.19331399724521459,0.8353976885063675,0.5213864249318829
0.9677813371987202,0.016361718817826,0.7209631282341725,0.8474636645113713,0.5643763626360526
0.45253767773329534,0.5375194262680704,0.612451448457325,0.6737204523052898,0.5069837496691126
0.7116296359551553,0.44435449012618455,0.9200488564360401,0.46690782497520333,0.6661698749908174
0.9050423903873124,0.20602737192094267,0.41619250767480453,0.8024346201985825,0.47356997672314266
0.8729611477024037,0.002232553144108751,0.23727627838375265,0.7453640881653518,0.37392481775111563
0.21214411265750321,0.7971820284078925,0.49575262866035485,0.6544544063148647,0.6479273324022379
0.5110492708669017,0.3484887429180463,0.9624510456043328,0.6319136865442034,0.5859908954141103
0.9077151525129811,0.07944568029889498,0.348909226955873,0.6113599751186509,0.5089379157448022
0.7747175419257719,0.24950000623727808,0.0016738040836772328,0.4214987071415309,0.2797067817180336
0.9279433604613201,0.23253294738528463,0.4675348227781013,0.29048250818645416,0.3700082998772312
0.4243742676532013,0.44383582480251627,0.8265426560723765,0.6339387208632561,0.5415406404024735
0.4486093656922312,0.3483875111152135,0.20439961887593938,0.38163315958447824,0.3592029638266386
0.8401506684175767,0.7599332111694933,0.02831146738523016,0.1967381614271863,0.6206798739573981
0.43516410690299856,0.6955162563474939,0.25429491455769915,0.16270414897868746,0.39139372374492576
0.16476704765363728,0.3370774899848371,0.9258905537259499,0.5844258741658142,0.4465271397138108
0.736006500027191,0.32769710425563925,0.3438804261206515,0.3709850417371773,0.4551764252625442
0.8002572625533102,0.22468204906314926,0.787318390553653,0.9075450382243041,0.6476315766391094
0.8928309691794145,0.3363347203546726,0.2719929762602392,0.6678847812869844,0.5543463723991142
0.10226290697584836,0.5099722650337079,0.9238364290370243,0.6834925660129306,0.5463994350367426
0.29825755097205936,0.7529810739761967,0.30346098463320115,0.3771365583537111,0.40833533127960375
0.663202389597605,0.5440536822479758,0.009534607801348849,0.2802272473489238,0.39753494062018524
0.5029596007132247,0.7069291351881851,0.3221944239762873,0.8122092096451086,0.6705956266135824
0.9713798312167314,0.799052137987888,0.953091872978622,0.25935947466572257,0.7745814475241563
0.9751048105094927,0.2982636930758984,0.24927786636638205,0.7944579624053463,0.472993513052264
0.8385919932570032,0.8132393318411736,0.13878281068026954,0.10160672585632363,0.45017112451507135
0.8661267699708269,0.4549736950778783,0.00019486233731713654,0.3381022431592905,0.4001292197193816
0.33569022433899176,0.9978075443171072,0.8731248897023138,0.9183266298865853,0.9067630293618136
0.9796855321742229,0.8264435142747697,0.7286156791204911,0.7578010355155256,0.7904326081781107
0.5774832073420819,0.6091612130395402,0.6093637115242541,0.28894010298444367,0.6011186125014902
0.17418661871263624,0.7304462318422019,0.39686515402788647,0.027577714289506505,0.4412084146585457
0.4767534873773699,0.9868304343061747,0.28531936128803737,0.5674019427437238,0.6714449587338605
0.12905862935182147,0.8906042828153832,0.5517615591668783,0.1687967137252643,0.4970272761667286
0.39027650902980326,0.34546177306327874,0.8477942230280165,0.5184488883601979,0.4789664390869279
0.8216818238841928,0.3771114810557945,0.7077291878066204,0.532484194334769,0.5804275335469694
0.9185999821978073,0.23418429586928824,0.09752599029680897,0.6239266153222989,0.4343041462437008
0.8527153192551408,0.3249584924246226,0.3528597428773309,0.7397482442153143,0.5000693984017838
0.21901611196959223,0.6076135260332347,0.7276731823078335,0.03619597130571128,0.4338469919736633
0.8482839352283027,0.6642194924591908,0.8612834319895647,0.5237500702537926,0.6933984846940677
0.8998993229526527,0.735484405828715,0.9034018551257333,0.6934689288327605,0.7604383563298823
0.6156515125755186,0.574793646786303,0.25583928315173365,0.27471381877884804,0.471326209018627
0.6675222543580988,0.24398700700724618,0.04828102018870184,0.743629391224024,0.39482195598405484
0.41142365562407246,0.05762338168416181,0.9304916218764343,0.5079680979845413,0.3858525412554545
0.6069730427406929,0.9233611257344634,0.9139872477695967,0.01922807982873581,0.7418065785152388
0.6359674688905907,0.9979826337074738,0.5175724179791963,0.7700278605388988,0.8531421196787482
0.9675471402852882,0.95939361244382,0.7470677343101828,0.29793749594961794,0.7454647096619577
0.6496367160967628,0.45854366454157447,0.7131347533722072,0.7652383220551872,0.5967339835772953
0.18154271440482223,0.35416967852025716,0.952024277169573,0.8040349620673237,0.5698054319224684
0.49798025305951443,0.9470356941462128,0.4797631911282484,0.5096466024632339,0.6686827118793026
0.8033026407631053,0.014679235067735275,0.6604919263212388,0.9139241818363288,0.4660928538106693
0.3013142742153947,0.43340071796257207,0.9808102639729744,0.8502943960489462,0.5792369730889486
0.9022169667600896,0.9151417436287872,0.5073201923981322,0.5998647035654951,0.8443464566320379
0.3518088275392366,0.3415699695010913,0.21845773200769214,0.7664800564854397,0.4258302956090129
0.574335392425839,0.08987047068933995,0.4632874490664348,0.6525990742096768,0.3989432560217823
0.32980540094145583,0.10403576783014701,0.2526483260561352,0.8408494830457246,0.3266907044021287
0.7140541641418993,0.38592851629316394,0.6325494446185558,1.0,0.7099680561070801
0.9211374023648742,0.8875290560107212,0.1730690417634161,0.9047545434585984,0.7254364389080226
0.29757791783405746,0.07055795526542419,0.34785732114009005,0.607815661711003,0.2520876305932223
0.8718077263592127,0.7939506871051523,0.9516272257783106,0.758188129957604,0.7669860645192981
0.3865544547269071,0.562191225420091,0.4024157233562522,0.2255174917794598,0.42056050375811094
0.4416112257129332,0.7395563750993044,0.03040290107864918,0.4402164556572795,0.48728290517900597
0.1805699916122097,0.8533207031183675,0.5348862699570007,0.32204568808253886,0.5025067875638745
0.1491312493460769,0.8048253636154794,0.809860632805359,0.1635181594320968,0.5115568768806841
0.25109988132768024,0.4272215288623039,0.645746115454008,0.10459421295265157,0.30998978522200676
0.9486689461165412,0.39865909206760886,0.22979645517860003,0.7880471105428393,0.531131416164226
0.7103640289517273,0.314836975516826,0.5684992382916041,0.5553278148044158,0.5387591992850165
0.7405126926952486,0.8266109663519666,0.9266635593944696,0.9536655828739978,0.8267371524613053
0.1517769988948721,0.1247979919861566,0.4485690978307624,0.3315956554959905,0.18996330562447866
0.3488749832036674,0.12873380938473156,0.2478501138759348,0.2787670153435406,0.23390205917658216
0.9276591707523968,0.7700370236912191,0.5983894641678092,0.18378941397425827,0.6298037098481214
0.5510063055979778,0.6461901695332372,0.5996544250464793,0.7773400835985403,0.6495430758417616
0.6313281596803177,0.6917605307632778,0.7327656810934132,0.7229220121625228,0.7000691739713928
0.1847809612019356,0.5925863574311031,0.3951855076378654,0.3711817856330166,0.42652269594653924
0.2501215663337516,0.173039766138676,0.1925976832614592,0.8005883777850374,0.3243275698322093
0.16058167607938859,0.4139285660554123,0.08011822753739606,0.8348309583970043,0.3994408868585563
0.17756094468523237,0.18593439448226712,0.18950197532638202,0.7201712832814264,0.3745635202009066
0.7380558319007413,0.19204976639603766,0.5629169201201006,0.7738431204688072,0.5591942094091948
0.7656497986606912,0.05678073925630689,0.7314219473614328,0.8518784645578443,0.4104519280086204
0.8840955581883774,0.7480777016323756,0.7033945146422178,0.5994169598563931,0.7850876988602189
0.758855887362407,0.14876857619040573,0.8545323695857865,0.8442578172252442,0.6291811362947587
0.686138235956046,0.056180359718111195,0.811199944564652,0.1287375653700094,0.3708597714806152
0.84003607235234,0.18047669609092332,0.695378534005984,0.7734771247775298,0.6060389801796282
0.394624278785213,0.3844293042801694,0.07507129257871692,0.7249336057178716,0.42047609131900715
0.5488653977311043,0.7024995732190771,0.7718631310005108,0.5619409783893856,0.6042014634572825
0.69540452276885,0.11728987764318077,0.3443824624800381,0.47545797314860044,0.2589482372504149
0.7793446947864888,0.09896759669900812,0.8781386908672774,0.7454589380316649,0.5223345607842986
0.8971544874132609,0.0750623138276455,0.8511939701767672,0.2754465828935119,0.3594438513860017
0.5445241145347322,0.12817499869842908,0.9297997237048161,0.599335780303575,0.4361201441779449
0.13895424055106267,0.2528368312264049,0.06765773649141082,0.9259583629909515,0.30557757575349737
0.4521819923848541,0.37021046704288785,0.6755690192236696,0.5213427692309032,0.3855693369521657
0.5941429277659546,0.27844449005543337,0.2719408028130017,0.08041306253769415,0.30735328005827156
0.23121326313990617,0.7384833029998428,0.6656475539671354,0.17109943419450982,0.6185847405104238
0.45970830139768337,0.721809795885717,0.9530041552097204,0.42957054305157955,0.6850356406328905
0.48760444486826726,0.39011392350635943,0.6653822319327014,0.2769137414737108,0.48600855667645193
0.3160302259368972,0.7973753747701804,0.7741986595291865,0.9035659780626694,0.6596131178368952
0.6062602744942895,0.6005983822716702,0.5744546382907958,0.5241003164325794,0.5516097644072933
0.11739443297683663,0.2266682313623034,0.7096582446345308,0.5487489160883888,0.35427862726358933
0.3481092979083528,0.9884762727946776,0.2702291732075738,0.620824684282943,0.6602016865377809
0.5564113712760309,0.9248947224902921,0.3440103668576152,0.5746173262930727,0.6451338292750042
0.37846099038523184,0.6735312598991562,0.8448482062686188,0.1817032959433499,0.48709706973678224
0.33251007985340875,0.7806495417715702,0.8306415782992095,0.43913409348222576,0.6645613892935857
0.3069041415112711,0.5202887308715046,0.40927272864618414,0.3753840175681479,0.4207705430621737
0.19989296596458767,0.23966118582619134,0.16448428657233694,0.7842620351832928,0.3976797501788853
0.6512953682789244,0.8313376624805094,0.5037650032374411,0.22270089419071043,0.568624555711791
0.6638537514709495,0.8013363152265798,0.7314992440062132,0.827915308690382,0.7516857702185914
0.9526310429597651,0.17025488272214617,0.12041090971645563,0.19058274604445488,0.3046915978395718
0.7500895235909448,0.8244508114295005,0.7026531949051722,0.24974845828296643,0.5952214677128012
0.19893755646500536,0.6391573479727525,0.13411496077363771,0.9785015889549971,0.5345999515753792
0.2619227769496284,0.4248620580135287,0.7545217247348557,0.7252848251230924,0.5982050665911287
0.7955104044454596,0.2328946834838207,0.7364520537055205,0.5657834811784754,0.5269645129213327
0.19682960013988693,0.9855774344892191,0.8418932860006726,0.9577327297050473,0.7682496208970334
0.3936657390889393,0.5392279426684237,0.5916493275249195,0.9958186757924492,0.6567577435938959
0.5256887149058265,0.44315227345490016,0.4982644992950179,0.8454528868977387,0.4356238251865633
0.401899768185216,0.6099907288150554,0.046333891134583416,0.7315457668802082,0.5559250807579833
0.12417986997624088,0.9995983822000198,0.033609240212896685,0.7131323084519028,0.5624908281648137
0.45706830258797304,0.5605149896884395,0.4020704016174279,0.3232111799792068,0.4041386828022037
0.34249386753537553,0.09360773723572036,0.4264627207239047,0.4699175034691671,0.20810393644238506
0.5034811179188595,0.9546118707097154,0.14783689452802085,0.45514142474306507,0.6343439741302439
0.8892588600846613,0.6078495289904011,0.8150184978702507,0.7465851178833857,0.760018247360748
0.9172104647177934,0.09175188782584576,0.3309483947357269,0.7765016517955938,0.4321789469869176
0.5717430084238568,0.5959473043293955,0.36248999039748686,0.3799907111572332,0.5405905787493986
0.6627367247890008,0.08773466438089184,0.33874879563944216,0.43204616215115826,0.2681230300920825
0.19984287026411,0.5188478751160991,0.3922195535122204,0.4505915855914551,0.4134573787540325
0.9992233685948588,0.29510946788160486,0.40551349722428165,0.23418303218461062,0.4905606393379924
0.9084955923314677,0.7497242022136001,0.22790050754169966,0.2638923022374552,0.5908183934293794
0.2318486896175977,0.9406871420972328,0.17051861204515495,0.5804868137704594,0.5469824534031633
0.635586793608384,0.2755558153719061,0.9575417053891399,0.6967553410223892,0.4539602623654177
0.9510425006734188,0.8453167481880334,0.44017371592400867,0.8945008901040422,0.7931399105345075
0.7171861975840506,0.3814950100469522,0.1277260646231294,0.6476753729848927,0.4150344214957271
0.6828416217270511,0.3822571474051205,0.3319977528111959,0.29201012138461446,0.4997976769733334
0.9687997578083422,0.7011964695694178,0.6408989622728906,0.05479339721895338,0.6947737099153872
0.7302192708930056,0.29314364471466714,0.1477564417662871,0.7333584731197329,0.393631623740894
0.689831705000582,0.6028873890046725,0.027428768766446066,0.7222043548146072,0.4795908173141651
0.7375362315464783,0.5450012471637505,0.8559886171264495,0.5753729007289277,0.6011190827737304
0.7777751137058851,0.7899727113656114,0.49898946659657295,0.3766677873963503,0.6069352908117068
0.3988955170411713,0.6563476943951431,0.7851759548993943,0.4979696103940981,0.6327629465408068
0.8765411344404432,0.5501067300691639,0.22934062725120907,0.6793241713992189,0.5946424675436645
0.8126620235813439,0.43297876605749697,0.023338682830647106,0.21714731904476287,0.3626210870009392
0.8813040159011324,0.7342731338758665,0.021680011666961763,0.6020148761233419,0.624470811587788
0.3374586974252885,0.4305648421698647,0.8437724743492744,0.7805559394408629,0.5456568445794121
0.4730846615661325,0.5009801634329029,0.7004850100498131,0.4247242503142894,0.5605773878986857
0.2614513173306569,0.9140866737044018,0.32447345832311114,0.17407240256212467,0.5958348060355301
0.5406715127840991,0.7553368230872337,0.5259602673341172,0.481550733710289,0.5234978566405447
0.7250286064749971,0.8202211977415281,0.9014182363793459,0.7631926412295159,0.7656380851770264
0.2985615174792288,0.4919085146648673,0.42003470666328213,0.37757412085605147,0.44946010307196754
0.513486386553278,0.9643528966401658,0.7373548100248611,0.09213392289694478,0.6673389083241221
0.7303285774678653,0.07516791467536765,0.09921295970070199,0.13719134122488785,0.17994403889526434
0.7074295993940475,0.3872127884167602,0.9786274511607533,0.7601568709757098,0.5738999944330218
0.8218203201611065,0.09030774856562673,0.697274223674543,0.12249568059182331,0.2993997037256313
0.24958129840214252,0.10855523503961673,0.15344124504364465,0.37838482709879384,0.22517322974896192
0.9568359320912567,0.6588967054113456,0.005675112852708719,0.42084572170523665,0.428397777833343
0.8039435672984017,0.5018786412518581,0.6490860200315168,0.4572012068553961,0.6046564790768288
0.34783365170950387,0.7305880306861195,0.6720373787178573,0.6574830938621579,0.6213865844515281
0.7680675403033648,0.8797726271226475,0.4252501406133349,0.5314363281484084,0.659672469626741
0.5930061436435482,0.5792599406346188,0.6617073908499546,0.44072313433130983,0.4827014913822205
0.9869382716850867,0.03430554006453024,0.04264849794656744,0.8867958972020014,0.3549183619613277
0.2124717563366501,0.9561845674765054,0.7640867829913307,0.47363009341269213,0.6777258696503466
0.47734856264930337,0.6657253212911289,0.054595586419452946,0.5760303746682465,0.55563175263477
0.6923572835624113,0.7050074741207528,0.992465078777759,0.1297541467676114,0.5301838973881334
0.49045287162462636,0.4333051445875854,0.17013379814534269,0.6140295980938248,0.4297855108757881
0.17013441959300818,0.025684875304710197,0.05502771397236739,0.03958610577923691,0.04454336609532816
0.4291851334534639,0.919069215796509,0.5778993846358342,0.2599443663798325,0.6389978063514486
0.5007430253634053,0.6689139272342777,0.616479120037994,0.20295568607530273,0.5680754949843863
0.6440178647046759,0.6172151025785602,0.36291134462338515,0.7373223159031076,0.6497517634879618
0.6924707905639629,0.9176214699566588,0.9465955914982225,0.44769160033053407,0.747922130553828
0.523150328096471,0.6775105342412363,0.5654154343211207,0.18139769775834977,0.5203726183859686
0.682343282248046,0.971438880036592,0.6183954844254573,0.8512126142376654,0.7716581491403864
0.9734903202389394,0.17583871981001864,0.4424322302855819,0.7938382160202565,0.5834355753924542
0.505795326784853,0.9833215976372357,0.2928915892038887,0.4852902015895515,0.6072611634726574
0.4141843585142153,0.24228116011795897,0.672058691385489,0.547686333836367,0.35462950198279
0.7849023649840213,0.3753093106356913,0.5678982289501747,0.6066872690199007,0.5347791845603194
0.40936742459923314,0.09173744787873073,0.16758248332401948,0.5960686230691646,0.1718670238708654
0.4524011149870898,0.9574898009560936,0.277931600345224,0.6970286148503847,0.7315186359585695
0.8836300998085787,0.35030305521297433,0.42294561005667997,0.7606666513489879,0.6760924810346141
0.4842320877041675,0.5964878392481506,0.7895625168209663,0.4632756720591617,0.5391443313964496
0.7327058345517807,0.6508052425268339,0.09103966920973805,0.28854993966674847,0.4949876877380836
0.5132901507722009,0.10934682329818912,0.9936469679185668,0.2471630412007852,0.3665077824503064
0.655571541829317,2.0517960894972376e-05,0.5503524836714523,0.5437208139220019,0.37590391244400656
0.6232655411709097,0.20412628466319716,0.7979027588941261,0.4032606982768091,0.4416154483482395
0.3261029673810907,0.7219133493118358,0.2804047996253868,0.48607798304457067,0.5084406190169507
0.3065834621337936,0.14191073972934476,0.34988192563351117,0.6688526882709103,0.37526134417121504
0.5615310672328344,0.9257402616072337,0.7701292692057136,0.5286614851183077,0.7773615928819488
0.13959912750247952,0.7347384757650869,0.046421385446754004,0.6564591029381913,0.45204011544921824
0.4179567565665896,0.6839584143246422,0.35469261307258493,0.8826735848776225,0.633080641465485
0.8043062412634063,0.6437619499528217,0.32627549115123866,0.516742807404079,0.6231176257577956
0.31554714925090765,0.00024529051199306817,0.8028491069882814,0.45515788667318563,0.3598377395655365
0.6267000587572416,0.8210206712716073,0.38966832010816566,0.4379542301352166,0.553869942138721
0.23289995002733885,0.8251161619793714,0.09414856615046996,0.5246624066219117,0.548032419508575
0.6682377768437391,0.13040388498034905,0.23493677694891535,0.4843654826500814,0.3315982233794995
0.24713860153293576,0.8860177564559486,0.8635774001340033,0.3856304882337826,0.5010187323175407
0.9971871399779771,0.6707721905902234,0.9518082859355522,0.5961147657772828,0.7666404095349618
0.8801459848911812,0.13092655949485965,0.6368544267685091,0.6136080244494972,0.5434921913936949
0.7155244990277163,0.23946310081659306,0.5958485944970862,0.21127661734766626,0.4284869635071237
0.8765979474245373,0.8845314396280024,0.8277111908134075,0.2204695859136774,0.7923183037211063
0.8578601658452738,0.5175697191475933,0.7854559686109459,0.6002872831849633,0.6280304497991173
0.7845266536097828,0.8203005952826253,0.19042946338976185,0.4066972029158735,0.5522870223905979
0.2870766164398892,0.06768435526923644,0.33720926331101475,0.3414092736739194,0.2241143998211387
0.43529060117384244,0.7036074104611557,0.336218096951017,0.7524255356938236,0.6606362844043148
0.8738267338145693,0.16683829164162434,0.24971641363500263,0.23070275179293628,0.3187267073645878
0.8559847223755725,0.681474906378319,0.7805867126366647,0.5634195760232489,0.7008904460487294
0.10021679558845084,0.6969901542217924,0.5622353217144787,0.43399239665566086,0.4622220363514325
0.7893937092396475,0.8154662974069145,0.031083810722495997,0.5369094313447553,0.5766361794261541
0.4654810379655161,0.3293374119469007,0.21408746858852135,0.14422246374812372,0.23974445059422966
0.9005390240822393,0.05563838475618399,0.8233738668247605,0.4155084251332388,0.485692795666699
0.41184900056828766,0.8785904243758396,0.02180706251510678,0.49030200001055296,0.5339523487006124
0.1907113336584576,0.8457068636520463,0.6465916837902598,0.43921179155541873,0.6376396735742954
0.920603279561755,0.6011416668628448,0.23599599583783226,0.8030058711176267,0.5571967156732677
0.8803915758440838,0.2520593518695575,0.10096381124120113,0.47362946944234463,0.41971760112956763
0.40475894599457063,0.7568118192423505,0.06644827686128185,0.1269651185752163,0.3986524178979962
0.26622439906809353,0.3082670029862493,0.48684857510347335,0.5695075108061045,0.3965637656857618
0.7327648197164313,0.9610088489108218,0.152374063415453,0.47669573369780666,0.7100701347285517
0.3641845048633753,0.33398421826600155,0.02713322486806613,0.8056829609198713,0.38868284409471887
0.2745112735815798,0.34410846732296885,0.1882406555595525,0.4889425316653111,0.33591997692054754
0.2944362020262218,0.3002698358518022,0.9671183544949824,0.306221333365884,0.3990816910469729
0.706199552892612,0.9162619838498018,0.9562086593676148,0.30398610556016936,0.733376818259027
0.9143668916201165,0.6022001233327833,0.05230685350968567,0.1293670293303708,0.451515307693106
0.32635082794096254,0.8025589003095854,0.7962118790817143,0.9250989827457294,0.6781888677195196
0.16324861229892995,0.5047978339289786,0.43832704087905927,0.7970333426363715,0.42482318028993094
0.6524190631378727,0.49049465163702,0.7230362948592811,0.6358152691148335,0.6119940916520005
0.9322218421245385,0.8301377644387733,0.2745794074330027,0.913108128091127,0.8049043292292882
0.12598864233916277,0.43697143363394164,0.5988499363061168,0.7059661893696978,0.3702341209870913
0.6065340578360131,0.13956681730832166,0.5581608582861015,0.5758006836833471,0.4508364017974246
0.8036449413840209,0.8645574903021568,0.7496056865823539,0.7045739129002663,0.7449945889947425
0.755109645277533,0.8990645917806059,0.8527545665512919,0.49608706536483693,0.7887462595329021
0.1999348341308662,0.49981693740841404,0.811183419483786,0.6247649091100611,0.5973601859114659
0.38574360312858214,0.9394957865224813,0.13427353951692345,0.7920609093308093,0.6783962589482941
0.9903564046901587,0.40920821135192476,0.6821933922090193,0.7587715747532927,0.58697963254401
0.293344786990023,0.9068107423588597,0.7161978304673624,0.3302718070843352,0.6100346054388875
0.660686844018776,0.8264086383102858,0.5031682570551604,0.4734396149780483,0.6369643198825273
0.672522628339924,0.24664337536167524,0.23392839265389187,0.8694214821132253,0.37362901693693523
0.509241304974797,0.4553677044654809,0.5383365129442652,0.5418741914454738,0.506203703540529
0.5589989781033444,0.07164166537153616,0.36401791592633637,0.5151851417982949,0.30646831260359264
0.8189294678789516,0.543177874874176,0.8822910389513379,0.9633584832409059,0.6981179935378333
0.3403291039493457,0.8137385606288366,0.9803784690587429,0.8133295550514374,0.8293762696523501
0.24956305612387467,0.9699645374926902,0.25583453851109783,0.2679255717379096,0.5252553761253127
0.7790815013709413,0.68097742269322,0.9499249709744731,0.1565926120964373,0.6383384221686901
0.10527066810857702,0.45766158832931836,0.6325719807953342,0.6970599960342925,0.4605042356317458
0.5860125876333531,0.27753247421052707,0.9150267805923954,0.49302917092896187,0.5041453507891915
0.921440196427757,0.591727459440488,0.21761158539728187,0.4499369611938021,0.48718288090411277
0.2595378688983132,0.7873970396737204,0.20024303650123054,0.6567259471344602,0.5294607768480083
0.3477501348419325,0.23286696234834114,0.30335828602225345,0.7051707848191756,0.41808470044484947
0.7558019935863673,0.07077367014030544,0.02261545816418631,0.6449413768996868,0.30407028315777745
0.16212890485654424,0.8368044917030427,0.4794307599378621,0.4980698524698174,0.572865171635886
0.6620379004968586,0.13801460547566624,0.04352208862330964,0.15899773583356075,0.22520935235585812
0.9371224715607636,0.4453722938425705,0.6742577101274053,0.4443377044317557,0.6244616256911857
0.9094010110598216,0.08171475703630482,0.9642488410362291,0.4281143252691561,0.44355971810110606
0.22461813646270828,0.42394308493982424,0.7804236689714765,0.6898740311543489,0.5004969262637375
0.9166027884822426,0.18045671678168085,0.0404340955151572,0.3229225577408944,0.3786121786445334
0.2529558197197055,0.1048947330432719,0.45139883906806744,0.6647572367998232,0.2898856822111069
0.19820910841776088,0.8824611478477513,0.6740259530086843,0.8214207605777842,0.7232311656628481
0.9901867397112304,0.013376239408776525,0.30615356213210076,0.7824571551485303,0.4001914733583977
0.9287758827516295,0.08056079940497873,0.77713405306577,0.8229670326389755,0.5173647013682685
0.8781758571815031,0.0047702561781248765,0.06665559174667346,0.7550938749976922,0.30102421813699637
0.7518946607326191,0.27833437546329365,0.6995703298454095,0.6038756289614503,0.5758463378704232
0.9882312184471045,0.4638640292616176,0.3217706951544964,0.8000798268652441,0.645962480267055
0.9645064314631077,0.938085259516154,0.9029097382343195,0.5559271002747489,0.905780748323548
0.3477863119470196,0.6590239862667921,0.38398562389269675,0.2530117562251002,0.4535582696422435
0.6974238582197073,0.31207301829542244,0.79336001223668,0.2844924379039861,0.47800752892163156
0.7781421766042392,0.9839174948547723,0.11355064280773808,0.3526163008149059,0.618561910727185
0.1631943305746536,0.5340089097405041,0.916025519351948,0.5442759580388808,0.5031808554371717
0.9730804885679115,0.9603111505236865,0.2211056095380688,0.43827167927235255,0.6474640095006448
0.9291472448040036,0.6172129780442768,0.7214906275690198,0.3950871270112146,0.6284585504747382
0.5798598343842655,0.28022015361070374,0.5419647874261011,0.502343345556451,0.48228533915723043
0.7737699524373159,0.7250847969865215,0.5829645666945688,0.5338329210181784,0.7173013473652813
0.3724891755242534,0.1320236769133356,0.8195204565492692,0.8547202216331387,0.4020008700683303
0.39403942788452406,0.5051633885700391,0.894926515139504,0.8339693689726266,0.6525216184728803
0.12991629248794911,0.21662808758268048,0.07486862942267469,0.3085224773567778,0.17156158938341093
0.848475663395179,0.6564983125788874,0.5095294466308278,0.8121721990940264,0.6928416322058932
0.476686025560064,0.025158782461582763,0.9558370369750374,0.7173062949090538,0.4063267587076748
0.8854954529980786,0.8367661102549542,0.9413812499770292,0.10895823258302763,0.6443734722888084
0.6977692175556346,0.9089314962133026,0.7494252279711053,0.3761504241807108,0.7804369428200258
0.6095570875799302,0.17623283815091684,0.49866002081865446,0.41142726599286833,0.4151162925743008
0.8538110794727711,0.7412445570252967,0.9553757278069176,0.35975925755972216,0.7493668349410146
0.8050919222499138,0.02888817227196183,0.7808473448187374,0.5715790690713733,0.46147528606952193
0.7630831811138062,0.8384117226401352,0.5937377461864164,0.1653362636198354,0.6042025317401747
0.1805034235823612,0.6611351469183497,0.6344814959190118,0.7763453420359065,0.590505977051318
0.8145949750028515,0.6442231695110412,0.8019564947306976,0.6385568869499295,0.755922668165393
0.7383425897549803,0.519375105210803,0.9797175003857866,0.48371383377181193,0.728565534098537
0.7635456726861838,0.2780833787896416,0.9610369280667572,0.41461873401676097,0.5671824947710477
0.6863767168285067,0.1689805892337125,0.7888217210923385,0.861135006281567,0.59478760807728
0.29113986624892596,0.07803111760562131,0.4838901392678898,0.8650640842397203,0.39427667769123625
0.6918236981229959,0.18801715355357784,0.11178429910494203,0.32705806052553277,0.35928218082206154
0.47298436357469287,0.8525297193095475,0.9718018040481599,0.7583634144263387,0.7930830590150496
0.7417489564236587,0.4142821135633178,0.19326922690316484,0.47328418069976336,0.4771237583360585
0.29578926888775964,0.011530036733138793,0.4146094592361932,0.4842520961121656,0.22719119727257586
0.6226738986762825,0.7998582217528911,0.5288433742187594,0.53528265977941,0.7782178662625956
0.7133563206491242,0.4527332057356356,0.1236030990478505,0.577317168497832,0.5639461406521526
0.4131045467931195,0.9813487170871562,0.9268033664397854,0.1681596425945907,0.7305169667972197
0.9474888477636016,0.6258281432777371,0.6240760468558998,0.404518311057226,0.629197138283299
0.6388086871607626,0.724033596655804,0.8260867738954308,0.4151050278691645,0.6255785958699052
0.3381395087347452,0.8938070253874942,0.09605226358380392,0.6310393179661726,0.4902831693059112
0.29394410053687253,0.6448954103016111,0.13440612688778908,0.41106716096307594,0.4528492454157408
0.5395141749858563,0.43770000593574876,0.027750597988638437,0.3256705669300629,0.43777300762421917
0.23389868156252472,0.9361260208818007,0.35048628389807657,0.13066700953981186,0.40525172624439687
0.15525306796795194,0.8171409702270372,0.21580899896586603,0.5981153459213868,0.6672480930837483
0.41141536680754853,0.5587272687257594,0.5582997673713045,0.8021045706792752,0.6272305009861524
0.7931684359943423,0.01960356804628205,0.7161618846067205,0.8290728748963738,0.4503330438707607
0.4935290506147829,0.690666389761429,0.03637083374723271,0.2554650058489349,0.3674785701985046
0.23880021447602898,0.9508102127815516,0.8424167157882098,0.43217692267927726,0.6058186704357627
0.5710948379740121,0.035823587570585014,0.22305395470619038,0.5838338502629224,0.2669831832074468
0.89626904635602,0.5019692206275332,0.6496419722771659,0.12853836872589183,0.5414369146031666
0.9399130221158586,0.31583976379740464,0.6921862883801171,0.8570252723543625,0.6619122117650119
0.5719599751967734,0.7006744145945571,0.6640158905283466,0.409482987273973,0.6550183688839661
0.7597424673024253,0.5346050545557092,0.07392836488661492,0.6608107269904636,0.4888436419573446
0.31356913248422674,0.6999187748384222,0.9115893876727305,0.7115774246055541,0.6231338535041374
0.884492040521706,0.7913649433497222,0.6940709638425651,0.4956166633060854,0.7332478084494011
0.37160467456586477,0.21304674677215862,0.18731374609066742,0.4667208413776172,0.2852868752523125
0.5445771879479329,0.6465129677051235,0.43775840158428103,0.3702774124249551,0.5404770382699938
0.38669692375279263,0.4179880241888735,0.712810757115764,0.7883215474223603,0.5664756283995193
0.38917625442474857,0.4391586709577402,0.2750530633406537,0.3847086164201061,0.41314908314845117
0.4356558285767218,0.37486159965176824,0.7568968771088819,0.13381449056363082,0.39750696422152243
0.1096733491764236,0.8329234276131146,0.5127538925310988,0.7970284717928454,0.6143827115425631
0.8742155824026986,0.9029654268909035,0.8323279199794039,0.6784189551749319,0.7843035836567076
0.713152566988713,0.30495194125754177,0.3290801523248035,0.8998278353999208,0.4567839297401429
0.6784725560134381,0.05187610599699166,0.2726890400480637,0.4392673089582303,0.26919903693214575
0.7292933534326793,0.3107359537174299,0.6854512888619886,0.8225278451666986,0.500551228488259
0.25073477737861666,0.41440685567053215,0.3724516435038677,0.3644624115674855,0.3443736300218443
0.4110807341208601,0.786744892061148,0.2451788141725172,0.8650943169181675,0.6337537237859818
0.3619944149744575,0.2450950073048921,0.32425800069796207,0.281788196670747,0.3203543358087827
0.3653656452166354,0.6525097736006843,0.0424554357253637,0.39973374784682286,0.383996788086076
0.12427715787027763,0.6623670951866807,0.4471534241935079,0.8538626583163229,0.5097898729282497
0.8459275049592603,0.901165915271192,0.8247563134684233,0.512761921809614,0.9001226094911632
0.8356423558839341,0.6917430396287367,0.8383972484821333,0.8551841584568586,0.734358489513995
0.9892005717403919,0.5889817000934034,0.8142372474353075,0.6457136811419567,0.6993161918400508
0.16145738535377813,0.2802918611327917,0.03911557880397076,0.33760857981550874,0.1786529272420228
0.3050126396284254,0.8489045625556306,0.9236891294005924,0.41647301930369984,0.7424093751135501
0.8922160412159094,0.8238265118132903,0.07977592530942323,0.15541206637731722,0.5366145049588312
0.42360557300002843,0.7240819597838186,0.4952085994495308,0.36451089301243467,0.4797269837597303
0.9362711228763972,0.19947568511065672,0.01113757647217306,0.6916089101215996,0.40608315959908253
0.5423610315036265,0.6418607787630198,0.41148487613654217,0.6823618145484487,0.5512748428765435
0.8321617411523523,0.4961405572349502,0.7228119173729131,0.49304677929566304,0.6188340412345991
0.5630832088228059,0.9919948163241387,0.23309914639221307,0.4159395385961856,0.6595894127932482
0.2451307127724865,0.8206880082146192,0.5762482501211877,0.5258469563272636,0.5623483831189079
0.8302476012291963,0.9189145969959962,0.600465813176246,0.8563198153257037,0.8434167598221367
0.1534127230509749,0.46746879740765823,0.058410131917145613,0.7529994395105745,0.37874822867973096
0.6278581899809924,0.7978432226303555,0.5832862022013471,0.6601114057658173,0.6621493444651455
0.31294840833187554,0.3946506269986648,0.3145670663263369,0.3059146470417819,0.31917901534026305
0.1176963309782936,0.472910946688326,0.7685909587698068,0.524176688988431,0.48492315664823304
0.8664278869135963,0.7728475800744501,0.6112206731406038,0.45638810507797656,0.7410577066487245
0.24133660759401007,0.2703589138157041,0.44622713218005283,0.45003563188689105,0.3498657654193926
0.18357610088192566,0.2434124320801364,0.459532273025993,0.8286655140547847,0.3357616587092729
0.2417860338324033,0.4165338974751863,0.30242618699254886,0.4892634561134892,0.31823744762012807
0.738893301947803,0.7118502228763062,0.6411627058451771,0.6024724420816009,0.668144151776123
0.1638167125719301,0.4295824236321526,0.2620300933311447,0.24599086840847068,0.28856787435191306
0.20854794101672464,0.16555684209839294,0.8202795606708995,0.5464795269443965,0.44286885758746164
0.12342938484124509,0.3271769425285439,0.42063965756531785,0.5778932180520511,0.35397653936117796
0.9910883072944464,0.8618640162829053,0.4387858542389209,0.20008213367794603,0.6721960534581957
0.970177561046833,0.18968180735562556,0.9466655450784626,0.6208019141601405,0.6669213822547307
0.2621273984190775,0.19598426137766112,0.4087207622276604,0.35524838195230435,0.23059352220163354
0.7760630453492426,0.059529232248179076,0.33995589823820205,0.64206425066548,0.3599210819993226
0.3693880982253125,0.6344992293392767,0.8833026637337129,0.5634274485976531,0.6020635763385803
0.7642365694453547,0.977967241053244,0.06798446321562812,0.4174829734772604,0.5926314878534038
0.8404544991226124,0.7364517854198005,0.5692911269711404,0.618345202722231,0.7409076350986952
0.28040991517484193,0.6885842889075168,0.8504255619876321,0.23011729428874866,0.5447769791213317
0.4406707391169279,0.9302959407264291,0.2853785175725395,0.6642367555051093,0.6438361161461899
0.8716637525172319,0.3040394618905642,0.8107920721628282,0.11900831432108183,0.5243523040707065
0.569095374204294,0.7075256683349804,0.021072010656900564,0.7445811505341466,0.5551920905054935
0.7576722251627456,0.2716668066830147,0.4968638557447399,0.4968520718290667,0.4543198506448632
0.5655012536046251,0.20818487800854113,0.7767473661838907,0.46790160760438265,0.3603793675975856
0.4826510856880931,0.20751462525023023,0.6330077925320383,0.6713010082539919,0.4381910385865089
0.5240208866242799,0.18322586690535436,0.5850420481447424,0.9739279442772578,0.4381852727643398
0.4789253069152125,0.7237206905139878,0.2496758159476592,0.6492119095228076,0.6058225915727984
0.8445942737064468,0.9055203785046868,0.39276298094757767,0.22773729515578822,0.649514865658731
0.7037753095777817,0.3101568086177675,0.40426134723402285,0.26536591982043056,0.4285589631849725
0.8331278855548074,0.31132267934833846,0.5753682021777919,0.3499784136406243,0.4125743054024166
0.9216386213480634,0.5977715612220723,0.8462800106620166,0.26636949584198777,0.61769546944321
0.3358638338519334,0.6541455922412722,0.6991989027572331,0.6655810948170227,0.4955143232845396
0.5699344519720531,0.9137858325239185,0.3810148029276955,0.27067631298979844,0.5688928103042435
0.4684596716879236,0.6138414836549797,0.1861843426165226,0.5354256031608282,0.46254032760653824
0.40344851157120265,0.4444414341769959,0.8994782704536088,0.16946262639063517,0.3613721293178997
0.8220188961908634,0.2434309250098028,0.32479506541193337,0.7684624996311891,0.4682325148206762
0.535893672244156,0.010173818067478968,0.6974880565979574,0.35839521666714735,0.256536024432363
0.4305179851706985,0.18298173654368066,0.8746594341333682,0.40362542117463585,0.44054253773550445
0.10921420231839585,0.28533849517467125,0.18909152050378042,0.8522871266914299,0.3061487083032062
0.8331526482646454,0.07973427509508269,0.7882466284948126,0.6793350737906644,0.49183675083381434
0.6427187634584098,0.824854774413739,0.09422428516449166,0.3005917005501429,0.5966566835662208
0.5536691247752964,0.019638197319673867,0.42412558809937373,0.7201150164487836,0.44830435307849137
0.5688965133872352,0.5889417840769567,0.7298866645227469,0.26918418040088565,0.524803188990998
0.5491353732353772,0.7605313649698012,0.5248483545437927,0.1796212430583249,0.529705513543614
0.7407812155037463,0.6530489715116166,0.5716164606504173,0.6565299115664149,0.7260214149441775
0.2893615217834342,0.7852700659100745,0.11081160283663549,0.6525295490995184,0.5344594166747565
0.20212876180876366,0.9041108125595333,0.44617958483049336,0.31980279081675483,0.5762261179030135
0.2998681299495366,0.5758134318481806,0.37257667645802905,0.7110107585756329,0.45024058347646223
0.7610650968463925,0.1027554423205892,0.6206132439459738,0.49817398466709717,0.3488506140775653
0.7541671687914686,0.37743181621796773,0.7177731344581402,0.20915478569418086,0.5219263659603657
0.7138691362460285,0.6652813932565596,0.42615832514527696,0.44809436382755363,0.6225695345060178
0.4114490556688666,0.505846376942053,0.18591702734373627,0.36276268373387166,0.4019981819961015
0.5589590554023528,0.3362261930848156,0.3420890412006775,0.5140362906720843,0.4171877386859598
0.906150064349892,0.9739702166140551,0.579386250945089,0.37975130951337505,0.704351168593483
0.12059314661771549,0.4311646483110637,0.42672577987339366,0.754537558677868,0.40264624844718166
0.9237854733753722,0.5875759776432724,0.02761637610492962,0.6241783996795458,0.5297611690777674
0.6840140487038507,0.759515003356136,0.8596401445880826,0.5315772476241073,0.7275878253584978
0.22401403717462526,0.4994275969978428,0.802765287536304,0.6032037160538204,0.47787847910693876
0.2565320293087543,0.02864075166529112,0.16450184550146363,0.46864489593580627,0.2196975967127192
0.38791978890546286,0.14237446559261635,0.9492406376871397,0.4931777265525128,0.4461595458195582
0.8672543657490057,0.3281604201436864,0.06880515375705398,0.47863838944510306,0.44301771397464873
0.46724259784108024,0.7806245451637019,0.6118514835317286,0.9565154058599692,0.7386940246879388
0.4027959535263276,0.8116584270601219,0.7541479847464423,0.7696344222770221,0.7481085092595621
0.5859219671757631,0.5738187600337467,0.5774728981194759,0.7670768166843029,0.6682094254073758
0.6007955536979106,0.8801287620481147,0.8850695137641408,0.699188946416611,0.792704877328667
0.2393481863741021,0.985682902572168,0.31980124594798853,0.6957956232035689,0.6443998577184493
0.2760907850590857,0.057616565520395624,0.4145109440443233,0.9540552383847611,0.415226564407507
0.15579994450429724,0.39874930925105856,0.3025238209896878,0.4568964384836334,0.2718848724026571
0.24583718007527158,0.10231925665499764,0.04402579580030763,0.3118538957383288,0.19192717936510223
0.5149591202886548,0.33029373759275005,0.7860148088684331,0.8284839301186491,0.5380099838918336
0.43315938024771217,0.5182863702935722,0.011686603536618545,0.8928316937212124,0.4836232768194282
0.986994095400663,0.189803958666388,0.6299469606983389,0.07996795478026833,0.4214711252527674
0.4749388531405999,0.14125608746559382,0.5917144508271667,0.45717413857996214,0.27905755959404555
0.24984959599122647,0.3267286905875062,0.07031659271775403,0.6850324625986739,0.3414126190424465
0.5501238734617576,0.8309903105675974,0.31739042916343385,0.33608391004801064,0.5932045144501676
0.7132962389175073,0.19515306056772086,0.6398397656097723,0.723231004486232,0.4541217667312605
0.44090260418143234,0.3508663225852223,0.10806817149040959,0.6831550351399551,0.3632280125228302
0.9618485348155188,0.6655621562121212,0.102534981287696,0.7467644329733826,0.6768856415854599
0.9001865219282251,0.5282742659256304,0.6281317451820445,0.80559542376927,0.7105033828649161
0.6663065533680954,0.7081211518124652,0.6402850995783188,0.5203264978966708,0.69409664457891
0.3993240614440253,0.23359025825436397,0.8326425783351343,0.4789080589702522,0.4814036959673321
0.6732883342819052,0.3086279898511681,0.22539911112464028,0.5440992912092907,0.4467196427277847
0.6458507767091185,0.7369084948458416,0.9739056734370036,0.3385584519738788,0.6779696303287387
0.6775437165903001,0.539365268844742,0.1588975124346247,0.5937439715674593,0.5126087468154743
0.8519591391238535,0.8803427414293161,0.5013116998750204,0.675236224517568,0.7474319551477897
0.5914965328256687,0.7988295904903792,0.7589477695912663,0.7179421020135012,0.7181852619221216
0.6491287405679761,0.4231435213464778,0.9197646338134479,0.28062812177312735,0.6226976225783805
0.9839819342997406,0.18940768403012354,0.2937948504605328,0.9216041452308301,0.5370215753626507
0.5794471641549692,0.20353471792042743,0.8333747742543871,0.13486391683070414,0.3526837598168434
0.5594174313719161,0.28206683660531406,0.2842840597184866,0.8391815163707729,0.4706345396436378
0.15569219012157923,0.4544348665747845,0.2875595650906989,0.3101199129276737,0.2959554811609856
0.9476426118449849,0.027402097797213254,0.16474341585302876,0.7544945367999586,0.40150942031683706
0.9829493545692788,0.9911980103191901,0.3559397100173025,0.7555856451551856,0.8120556541155267
0.7040304205688548,0.723542524050032,0.031246618969337447,0.17129558277400508,0.43587611865120485
0.5386093040286857,0.7855117848990438,0.9769592068119898,0.33825211623397844,0.6762320615940778
0.49447349236188165,0.5633312538407954,0.29438035887794045,0.6337196028360715,0.42319261159370414
0.9237984252116651,0.04195457129062896,0.23457015987027463,0.4452811393305071,0.3584299980576086
0.3208921162514917,0.8701484180491779,0.651239434425481,0.1252049839976257,0.5807805338996792
0.23502002486897744,0.29117806474891517,0.5800919374896184,0.4544991254278862,0.42473434496030704
0.82138804480508,0.19689144754123877,0.07151631509363277,0.3312241301137736,0.3197501740771798
0.3312323785461665,0.4260604198427498,0.8894147899213677,0.5481741032587626,0.5279834734265777
0.3443735116284927,0.50168866231351,0.15627120882426326,0.7724508918394104,0.40484704616378264
0.9541265878403268,0.38368740163842463,0.8327833141884883,0.4983422774504055,0.6518181755322204
0.4393178710038155,0.15887901419540407,0.5865038814724253,0.7806414923296501,0.3555549218190802
0.3278161121712354,0.7014750617029408,0.9232762501126367,0.774972823812708,0.6935660625881298
0.10320978941163511,0.8984232428642643,0.21779856090374639,0.44222474987583543,0.5087089395816254
0.41433358711851964,0.17445674172430503,0.06780144371151198,0.7400865935398251,0.29705845736009234
0.5117091893992317,0.17592292933028209,0.46487244391937266,0.9185227694085907,0.5300957780822658
0.8500606205944508,0.13058155749185252,0.03186015897844319,0.8499395133617189,0.38449505985148946
0.4687093682408574,0.1814648532600327,0.4672323823097815,0.24882534619118357,0.4198796072551011
0.35622936558955387,0.6613321606996709,0.11229472140989771,0.5459329651601532,0.4348111155246016
0.8091275836385289,0.45150971489177405,0.6762804576995428,0.126358411182904,0.5470676408923715
0.9259986271356235,0.22577226269746686,0.11997530815930002,0.34899618254856646,0.3463576704415101
0.8180553113008366,0.495537774744111,0.3885194403786828,0.6860121319394288,0.6011655634844579
0.34663860273393665,0.23896653358859643,0.49874127956330483,0.8143423187534584,0.33444009066949254
0.8755268789795704,0.9955923386674953,0.9232086927115225,0.7274482405236865,0.933185874249664
0.5743849086814754,0.32679418510779545,0.7561490119385038,1.0,0.616996772667729
0.1899328421653592,0.10354817273798278,0.39534842497064626,0.563279465718407,0.2717518077163276
0.15707919212229762,0.16728473929341225,0.8572766360412897,0.3401002056449156,0.3595737758424644
0.8409127952899659,0.5506137077446087,0.17712059569910488,0.8236466675931045,0.5323661244982109
0.8479719340968386,0.05440279467759901,0.7119441151782727,0.5141500137192274,0.40391457333635084
0.4303528195158728,0.880787496657658,0.8005117069674723,0.4783496856244239,0.7190677274443402
0.47182106919821454,0.616412820093165,0.11728945722547202,0.9454664291385046,0.5181494313518894
0.38071788650769134,0.4390799863377891,0.271824850165441,0.3745610128345409,0.3800495459340676
0.6504481565154941,0.37273142794878744,0.0406052219599915,0.23941149744146095,0.3216330378861105
0.9999764808816312,0.595287639396805,0.6283585626419088,0.7772378215257598,0.673468969598062
0.3766636896941421,0.8384972179114751,0.7019178934652667,0.4968022706676261,0.6255884008159386
0.32399521885197585,0.6455614051052366,0.0873996891051958,0.5539736504582128,0.39251112549670175
0.2885012396464248,0.0933303077139771,0.35177976609569983,0.2194732252801611,0.1553120841944988
0.12862663037014846,0.5429163499329398,0.8059404029893552,0.5528288332474668,0.49976358649474517
0.16882581937964888,0.15993930943956403,0.8370028687209183,0.3339999885476209,0.31328314718035616
0.536058001462394,0.8995770574131097,0.8866385104021997,0.8567323692698476,0.8014814596656176
0.6437978920835664,0.43325656368922305,0.38277165554402903,0.24991186481272362,0.46227156337955044
0.8457611452463114,0.6326033330020768,0.8262487919984304,0.37112931147139405,0.712353235760699
0.4355044839476738,0.7452338530569891,0.42746814551987755,0.8111220915483428,0.6944015617746102
0.43809675850506435,0.2605532153697756,0.37033407800111307,0.5041800471911222,0.3625880866140432
0.9262980730307278,0.785682081776031,0.2196379914349047,0.19332973745342763,0.5850020142425563
0.5807090796118858,0.5261181600475464,0.36741724498340966,0.335828182319157,0.33404936451960554
0.3780078420658637,0.40543822807154384,0.9686581357002118,0.2358048838856571,0.4115833513911483
0.15156799775439322,0.022428868437680438,0.352528462578349,0.29182010039215217,0.2294495499439267
0.6989123287251834,0.8065546226242687,0.09948561470384476,0.4322775648970274,0.5747264615018111
0.47402623067014515,0.6433001660361084,0.6620886770924774,0.3998547401222144,0.5037684137522234
0.49895783519700665,0.16580447082658012,0.3132169431566907,0.36189997719319456,0.2864936919596352
0.5868426188782676,0.07275152527663176,0.6038233722281834,0.6464458016732902,0.4342459548331161
0.720461342112627,0.5541873131373541,0.9398158431472485,0.7164497426455377,0.739198714444059
0.5138335213023701,0.7251643669290058,0.9517366350898714,0.6224005622583608,0.6783851673438984
0.1704634994280359,0.557976850286288,0.18350883353938585,0.7947557162062564,0.5319315301343762
0.18444601105037628,0.12363676733801388,0.43056390494130126,0.5900915761785309,0.2597684149259077
0.8208510386652023,0.26681492266832363,0.8493227687624766,0.5357921239274581,0.5280629748376888
0.8842276313376344,0.5353438492401724,0.9753820837519926,0.15672255651139957,0.6284755399110777
0.7016680435494489,0.8281352338029582,0.19208698235602417,0.19990945515451375,0.5976544024949837
0.33521529107303955,0.162350609105824,0.4047114863417496,0.49648323737740274,0.3255352447240657
0.4547177638953639,0.16290269329298857,0.1170871673548447,0.020383534083141863,0.21011407949634567
0.5637659912207031,0.763906912597169,0.31328771731890026,0.4743262310272444,0.5414566682412616
0.5343185653489066,0.4535576297157372,0.7960856962695749,0.5183929326271597,0.5447365053351138
0.4741275511667886,0.8747273622498103,0.0640259331430123,0.6656885732761868,0.6255944760773
0.14173135193228514,0.9143591298520531,0.09867485666111098,0.3427361480575797,0.46619698979976776
0.6540510271035614,0.7387583897648439,0.7244153263220431,0.7350132475165031,0.7540470174238311
0.7782843540894225,0.8476326983857129,0.6196496815183151,0.1652604353586615,0.653030193435177
0.4845402233427054,0.25008006311574826,0.7151354744582011,0.8501469124016596,0.4520718095463677
0.7256241752747479,0.6486654724626412,0.6704338440627419,0.678971088576962,0.7060052810623303
0.21613902658794393,0.10806874964606106,0.2827077840845025,0.02681713603171465,0.2169419382756767
0.8037854682190385,0.7453502883125159,0.9052249235299403,0.6240686165143343,0.6637368034627567
0.6153830892925206,0.9736509022809144,0.07988665787759319,0.17078053517890213,0.5189320066570098
0.8426965207626477,0.8409420244918254,0.7463609082634696,0.586540327000224,0.7033881324059374
0.5055834214908322,0.3824350849805105,0.9136400867900556,0.5430814070697415,0.47165107965282216
0.7092015549299419,0.14356112155737832,0.12138394209725911,0.23183201883362192,0.19800779322231502
0.24920540760585153,0.5033212592453877,0.6521420616113862,0.20902538923446562,0.49237612120357976
0.8910875302087955,0.33528637617186197,0.7179875612211187,0.8148159463737799,0.6034062713811207
0.9240614029601064,0.3918007709246617,0.23507341056408526,0.2842095967898436,0.5381079717775125
0.4092981051915795,0.3982103086341018,0.2911385674793693,0.29475611856380834,0.4241322402164135
0.1701552246367127,0.6572658521313314,0.9769756442566836,0.38918976346556144,0.5377771553641991
0.3890812138237586,0.5476840062653433,0.7737885090780497,0.2585168744209188,0.49648966314275594
0.9863216630953706,0.8762030410414817,0.6167259493093792,0.30037009854546654,0.7444065584325351
0.6401861718334042,0.5069321033959847,0.6932868725572886,0.5138638949687134,0.4387318325616978
0.3648309092643395,0.44154426363565746,0.806812478906251,0.4044015947224614,0.4676624315112078
0.23297131789677802,0.28512590706084473,0.8810810055538921,0.5045523295131263,0.4599225970725968
0.7107614710662505,0.5489495100466395,0.2757363066355323,0.38443738774845043,0.5223552502573029
0.9340099304459635,0.9859534755428703,0.7449354477457982,0.5387681981268654,0.878975161728704
0.9687810395921184,0.8330644898880977,0.7171498830838108,0.5583687890326454,0.7585253603855444
0.3980416031419278,0.4604217100767578,0.039779531836692805,0.749216941952527,0.3716979293916305
0.6453647267417152,0.5468869000288528,0.7988445872971748,0.5806774035712389,0.6610330832703605
0.4184932162185375,0.9334365905329528,0.05426977371655395,0.6737771862766168,0.5460337667209594
0.7077759612157235,0.5064960014725218,0.14655714098142647,0.5382307341984621,0.44620014876580233
0.4075480382036739,0.18538289955472853,0.1783282494554148,0.3232629470202941,0.3680597837199138
0.37633773294093287,0.09745594724472584,0.8967823686630506,0.6610484735323203,0.4665005922771875
0.32755506396913914,0.720576529089341,0.7934329588249409,0.5234070322481872,0.5898259111660313
0.8718808135333427,0.02490377217859263,0.08349507081485064,0.5579934331652067,0.37721204306401357
0.652580926604716,0.9301906274221508,0.6555370314380662,0.6249007274124381,0.7941750583884707
0.23386089977414326,0.764001456027842,0.6328859000204128,0.6680820167294172,0.6884620600270821
0.621024669862115,0.3234806959930736,0.5553132907266125,0.36783176314835225,0.3615869722263337
0.8340394931926971,0.997940416284136,0.4121944490530943,0.24870089678081553,0.7027897039060297
0.8631469712362864,0.5520731039476319,0.6077251782060195,0.5295480619993507,0.6173354140455042
0.2809287372991793,0.081352372723005,0.3395220864738546,0.7117570438480949,0.23087011025364113
0.7576301518218921,0.8895299483880946,0.17581155423015737,0.27600230548759624,0.5004825645449816
0.8374721540859958,0.07341882408462808,0.4491763961563344,0.5851151731833323,0.4287871056780269
0.30428756311747246,0.0740955934544294,0.42661973194189595,0.7992810681644343,0.3018787699230609
0.8853116151266683,0.6882501650723424,0.3457642178215381,0.3641167909472439,0.5680932059377092
0.3994881393155807,0.5415040824827427,0.8133285309336971,0.6390882049642412,0.47554328710363974
0.2793046994110181,0.4102053449726214,0.5319854954775457,0.8644451157913382,0.5578652591161846
0.5034058449935901,0.6359818511292005,0.008427457562125151,0.3394548713955706,0.43125239257618725
0.6628977971254102,0.03955072933625525,0.17743678427341592,0.6022350688996434,0.24671860619810587
0.6175232091444923,0.27032826976538393,0.17296887610409972,0.2978158484634104,0.28465824437191956
0.825385415345494,0.45666571374333953,0.14994132227583457,0.5636534983814537,0.47658990723034345
0.5390501254730591,0.3495581125110284,0.9369689504338609,0.5181896452771936,0.5494415882309382
0.28948697369582704,0.8600663207239564,0.8659364506764247,0.2510586123503268,0.5291861073575516
0.525187034906176,0.9111421535577872,0.7397169467931821,0.7237935981722032,0.8643364283177524
0.8661199450272264,0.3339994199500148,0.14225724497081538,0.7540006104902134,0.4713198275239842
0.8313132454633855,0.21570752514685154,0.4473218130008154,0.7649340613122726,0.5214105535638149
0.2673170518185586,0.4879903705755618,0.7832111553790515,0.22195156161626856,0.45955064419222375
0.5925713567454474,0.3471122571083173,0.8369384527732424,0.4648513196624847,0.5139532910907543
0.6615497951163644,0.19233236963947686,0.14838536349964004,0.6134789399646265,0.40525971506785624
0.8097212952273727,0.7111155988266735,0.319214107346533,0.7187887509677133,0.6530529793115759
0.34679128453360963,0.21806763557193198,0.21410841172799588,0.5151347567513072,0.3101134576485931
0.47551610725814353,0.26045780039088695,0.7882720931463884,0.6743048588149512,0.5191514786760334
0.6944225161319053,0.8390219583342059,0.47394951584929745,0.9198837038261284,0.7704276979144637
0.4686887552970853,0.41869257489005063,0.5271818363471004,0.19972644439088866,0.3868664638260794
0.9351587641526032,0.08773529875303132,0.4593204620198018,0.4734529218424488,0.4914326601776199
0.6051525766421958,0.9470743096629892,0.7608862503328047,0.7226063972590401,0.8826673707152979
0.4218352994787521,0.46433044139626267,0.555002472376395,0.14139466355040034,0.4400010499004446
0.30281000522578816,0.03398841675937547,0.8426642462959465,0.7202834493280768,0.3202710679114205
0.9073881380857649,0.5343144197853958,0.13462820740298465,0.7042944861135031,0.5456085530873679
0.5582521086196605,0.8287587121491553,0.227787974959193,0.4468788036605059,0.6173748848538558
0.21558718149444323,0.10175475636221887,0.93211151878558,0.6438856833781141,0.34684044228735056
0.8203600191554459,0.18386664144794107,0.3522798933142033,0.8116232717292569,0.4174198692338535
0.28914241060645934,0.4743929207350639,0.28848104223372784,0.5578431539841406,0.4026564629376258
0.9017662486232646,0.9940090280619832,0.41683022486404486,0.19079699664106572,0.6887297573798362
0.22164742879067373,0.29997217876000104,0.05616616454485868,0.053933863444004526,0.1800574838886032
0.8693802861131297,0.6664191957654461,0.7909803430551121,0.8011222763673292,0.6268331301571572
0.8120130311890077,0.026289979875180114,0.4431019024958478,0.45269285310410656,0.35711799202083316
0.7419946010624936,0.04271866766767052,0.2582777470036145,0.45714478586289387,0.28600855820306015
0.7659808988499327,0.27277703392537733,0.8244492381357122,0.7702683893290908,0.6202839926128402
0.6547416441540745,0.31610705512783144,0.04564239952731031,0.2613675919221592,0.39121312033443456
0.9356106894566867,0.46446058183239725,0.030902817467594712,0.5444404673784051,0.4832505177647157
0.7444299114471947,0.22149485232884047,0.7013927662860725,0.6367002967703708,0.5522825384719938
0.858665507354288,0.07782464843201375,0.8964940341502134,0.7566379890564716,0.41224964381397433
0.6383516246971781,0.7103434329791919,0.5249403390752041,0.08892637489849996,0.5980414951773194
0.15807791781979225,0.5455406085610935,0.08739617602171468,0.5375149039775409,0.3556332945180689
0.4225109578055728,0.6534434586108001,0.5571564196202363,0.8170784147600209,0.5901846417675768
0.8737525790423414,0.7080029996457701,0.20906918242617079,0.12362076015640505,0.4983514129471279
0.6529248493376603,0.1224272985556355,0.3785668501891366,0.32249026062046177,0.25315528417946487
0.5902266668028278,0.32668482178994906,0.863717975010348,0.43282808264548733,0.49561849617129344
0.3016603422236912,0.5078772158556225,0.6486897845498887,0.3017373671800492,0.5012531417647635
0.7577154563771306,0.6221359325193333,0.03160215566018376,0.66549912443845,0.4761931135344888
0.33204500141208565,0.26715571517776004,0.6208608000767594,0.5161113560280554,0.42302377117271717
0.32418356901104245,0.5728968616834146,0.8817116471665708,0.9101730087658684,0.6657564119540279
0.4493370592800754,0.286175105771892,0.7056372943682397,0.08688765132395022,0.337093217084958
0.4454512936506009,0.9398963580895366,0.9802516574758353,0.27113996495187503,0.6910263226816552
0.2048092802727428,0.08783431501234051,0.6613426119979924,0.36748016779357306,0.33907039595069444
0.28645923473776935,0.6223035132347998,0.5800486593363733,0.21711246250631272,0.44104749683626887
0.35487640522679564,0.570848430939669,0.059536065534150584,0.6119734360522967,0.42567047080738196
0.15422848544259918,0.5971832294778445,0.8792280825136088,0.6735006742165972,0.5790179343809841
0.9098092012536315,0.701637854015257,0.9661955545114572,0.41910259397911526,0.8129380950521939
0.7440144491822215,0.538208886979813,0.9328750797401246,0.722328790914059,0.6416317616008957
0.7256905028626218,0.34211246743083246,0.3202197436664187,0.8699209647851276,0.5488902128213425
0.15859422325442193,0.5098621284446674,0.9592379046834011,0.4026698409035857,0.5282257057776025
0.9943644594919483,0.4218539669894834,0.16684654559365786,0.44383096155919305,0.40188848098033436
0.41430906181822325,0.07144030060882389,0.7438247703851323,0.8971350649001291,0.5229593668330036
0.8558349254236122,0.6333826706057111,0.1664180482447235,0.806791469706713,0.5871599830949815
0.3111543612327098,0.541100051727418,0.537991420533321,0.37292967203544214,0.4457434928604277
0.8041261209459871,0.16831658195591348,0.8119967425989417,0.20137097673012927,0.4195873650389826
0.689158841680283,0.11321857750192676,0.5819151551265778,0.40076898383640125,0.3025934559275558
0.48270967074879456,0.4340003902403837,0.5528646478382048,0.38523898556238767,0.5326315268227829
0.11341790999471665,0.425066330151061,0.5906452509876585,0.7043831939749331,0.40758186194385626
0.11290225796723496,0.8038751995898854,0.7032610899208193,0.4441902282979929,0.5053385277924541
0.20138777809103436,0.4682561245740561,0.1689844095595593,0.7888887285927284,0.40339671776252317
0.20959504448001204,0.8295441618119768,0.2528018664471231,0.3953481735709148,0.5099082742703956
0.10185131865570607,0.3439130891837887,0.4945832980456698,0.4392778192732032,0.3631913306013685
0.6906936460918028,0.2643066921844105,0.05960434113844626,0.2799906665069401,0.30955069285187886
0.32214926514027137,0.5016470955969989,0.16562019173291676,0.67889414826521,0.3905649645596342
0.47780376581993367,0.3307977946003753,0.10587761764841208,0.3190638904157045,0.3102311177576064
0.7485173957464025,0.3660917367453087,0.7084190806820514,0.28180726038345083,0.48836094945770897
0.21946476792843772,0.11448281890653589,0.023059308457610728,0.7050469690687543,0.17435060059201
0.1130398175433598,0.8803644095245726,0.9540497599279182,0.9529330653691702,0.7787973720348097
0.49964072300183293,0.7890509430486558,0.49216764864948914,0.5824229294474593,0.6256359737451991
0.17051975249287116,0.3102610946530415,0.6734680717201794,0.9040263865735756,0.47469708034611763
0.6844667675497572,0.47746547062712485,0.15431182346765093,0.6444216195744699,0.5638415178902054
0.4893051167617697,0.7987536228167271,0.7604567395401959,0.5129438050018736,0.6197098604211967
0.3909628907325974,0.41296659276464,0.8953518672122619,0.5630061695473032,0.48978943105719736
0.8719383276489122,0.8948435376929863,0.5976438756841155,0.9506516741214772,0.8440122427315176
0.11381381312402299,0.4070945827547695,0.5077741328967769,0.3130677419957421,0.2742172992473167
0.742323742431111,0.8273648712046098,0.10046360865970583,0.28425550476340444,0.6004673951330921
0.9611818838630999,0.9014895298426958,0.1149522224736661,0.6574933224855675,0.6388144105635504
0.18831344801214472,0.3848901349691817,0.9920715504965113,0.39639992359884346,0.5249057068490038
0.9529695950157753,0.9152311157931542,0.9413155286662127,0.44084735534760583,0.8784959525228371
0.9934761459267561,0.3874027205942633,0.5938812372144722,0.7619620694943202,0.660516748417771
0.9319243710375703,0.5755055767780443,0.637700178357888,0.3243951402122621,0.6880610506490115
0.8645212233869274,0.9917556495045424,0.34866741021174785,0.14187440500244647,0.6888925373238148
0.32582369434802605,0.29328754809259294,0.7625409966287506,0.7808824648397424,0.5720598754947012
0.4716396086344208,0.6120875690234753,0.6419515709043047,0.413769562787398,0.633249678425483
0.5821190749717757,0.6708103843260437,0.3408560108146844,0.3069795361463743,0.5724168536099975
0.5939618997814736,0.3601556895557724,0.5403132677076319,0.5152233385564616,0.4578769614347425
0.6640579448267037,0.8111507711978535,0.986652354774753,0.5778505984384387,0.7811013578482771
0.3526063392343014,0.8714037914261629,0.8963433041346933,0.3203788656664959,0.6956521926049913
0.9700099788252067,0.28265496422746417,0.15415094664311213,0.5810051396725016,0.37900387277344383
0.3926477381432998,0.056329670630577144,0.20987070985110756,0.5521722899508567,0.2246640951217168
0.33199092296701654,0.4903138189633014,0.9461369177232423,0.658876522322982,0.5203726176616728
0.1421126656911471,0.5035326258967027,0.06591364670392086,0.2319500766415519,0.31363254012249203
0.25781491977123017,0.7993853249551963,0.4781865753423794,0.543773017401477,0.5341387359353403
0.35584979292159025,0.26374619527682663,0.5213976879026785,0.5223265605847309,0.3547339952780147
0.15615586291874806,0.40368684999865023,0.6579906885914178,0.9095880659589733,0.39408667811973974
0.5752469236919611,0.12344000969309754,0.25177593222717,0.9997844773627146,0.49022256149299037
0.16930314325559437,0.7536958926347542,0.9094281989890066,0.5814673447712788,0.6378795890780486
0.6783604794532143,0.6743257244310511,0.7214044133839546,0.8538084786311639,0.6425099737963916
0.5070670155178492,0.773874811061997,0.08451550916121853,0.7759786114972242,0.5918968358313821
0.516857140020182,0.9888589747340482,0.5894737132624394,0.8680964149413524,0.7757457366070064
0.23226925690768704,0.7367291487334057,0.13887222791593357,0.8323942780718271,0.5923036667779742
0.7534695385348866,0.6596406107758882,0.7597963596679459,0.7508354523057849,0.6932751138236545
0.25170861755210017,0.1293592282716498,0.5639907834416131,0.8571556571038762,0.4170669330269791
0.7572611774718526,0.184634264929884,0.6063675581993586,0.3345980104930535,0.44774371405435315
0.220850170175785,0.6743358037395014,0.6466766889940057,0.7923035463559566,0.5546212542775788
0.7011032942247727,0.5484673282084135,0.8038294972201466,0.6444100902006061,0.6116908265780737
0.8682312312500439,0.9005885678697881,0.3888864371758042,0.4424007428400315,0.6783458201003894
0.3860205569907288,0.8289923438524542,0.003036019125454037,0.8364376094197221,0.6367590768086953
0.30479628480966137,0.26434366263817477,0.051432444037472935,0.4930666291850698,0.3103238142596199
0.8550503314934421,0.5747296875305629,0.9574273352691922,0.37406425081310474,0.6538748980829747
0.4928898771653708,0.5171773814385163,0.8079472338769499,0.0933886123267445,0.5120677409202055
0.6540849084608747,0.9580345196896101,0.33078782020700626,0.41914551111248294,0.7436562665504864
0.6537748862158832,0.9671761782897036,0.1243082992512724,0.33403619454800837,0.6098298177908852
0.6585424098345921,0.8410569360307546,0.730328421726071,0.8882366424242494,0.7878398570374416
0.6145944176508864,0.2701138069779352,0.950473859150974,0.5468625555470413,0.44170537971232765
0.29282306404786607,0.668150432116208,0.73846340808164,0.40280761811161714,0.6391452462175407
0.5935198756701328,0.8401662954934006,0.9035000343027458,0.12256490129406923,0.6406753437053608
0.8742992219464217,0.7494020318593119,0.35352880688780397,0.4024845250963861,0.6539192040035976
0.24374176293162123,0.7183001804198077,0.8285051500522498,0.2866672773363029,0.5115287772210734
0.3179086845661336,0.017953470999239052,0.34658225379235463,0.22201768246765663,0.19520072297877436
0.36006602260981535,0.4094461645115737,0.4238374848872488,0.5544530211923016,0.44200942226913603
0.3170785111041235,0.2174767398104167,0.3023800188134036,0.23770947274423446,0.284137576077262
0.5569785861693431,0.26713884549346034,0.07431591383591762,0.1945576224114174,0.1679170087943025
0.8997248052016643,0.33604256259668785,0.16443750535756618,0.8860624427108126,0.5618812046150301
0.22558766629906385,0.709420882669351,0.41729253773465524,0.6824725787106514,0.588263096225377
0.4474429899015794,0.3267523893783747,0.1265221715036069,0.12762112108861196,0.23398913523986437
0.11373606247008847,0.6168365907684797,0.25591009642192375,0.2312223454863657,0.33686871062090745
0.8576501011801264,0.24943004274491343,0.14556011970709826,0.08126948559376419,0.2322393185501156
0.7967740385147407,0.35559539408103125,0.008395492084141698,0.8205412697218661,0.4653892888908073
0.36686111647304565,0.17072693174247067,0.4751759729268158,0.6406144009882531,0.42016375199823963
0.5188819723676895,0.7870358421952763,0.10144349704178457,0.42674722801878684,0.5632354575594382
0.1691442611776917,0.4960481517161013,0.33468795253639627,0.09501849488680983,0.34423543837282433
0.3333922830932381,0.8272336728041425,0.41796014906714973,0.6513666122756979,0.5588159799967405
0.4995959703200078,0.5484989969501705,0.8798721705950927,0.17859372852676203,0.6511541555006709
0.21664786685874826,0.5711367094613602,0.2754529722464739,0.0,0.34257160522109675
0.9021446549542851,0.7425812233716312,0.1755837128492468,0.7391081509416717,0.6499021539156373
0.25313837637798764,0.18096856320240862,0.02885636651348067,1.0,0.3374719625762844
0.9201116167260363,0.8851102891081147,0.18738780009611367,0.8142404625582609,0.7212280118045298
0.5722657536161639,0.049290670652444524,0.3795886703393012,0.5337128461437189,0.274574258786727
0.6960371617815848,0.40197012813039046,0.9994961124018776,0.4142406773072065,0.5529945387844875
0.11967719733224086,0.9106957964263788,0.21555526691574156,0.6423236332695088,0.568283509330771
0.10861956651710994,0.5659276445453306,0.6293796696169047,0.4923942671073134,0.46429029072835193
0.9698899514315837,0.8223621190827128,0.43119025546603795,0.756088429901035,0.8287241795713323
0.9974233138270079,0.35526181313852834,0.3864486584836231,0.8362729566565971,0.5480996240545618
0.6659808357655417,0.22315772840292658,0.38787226722646795,0.7434610715548923,0.4811683033017835
0.56079606313837,0.9960980943632757,0.7418479954138819,0.6139671562336053,0.8016629263985923
0.7993638921905876,0.1582595598103197,0.12330420558804378,0.3511455360968049,0.2876960883154084
0.19220846156301497,0.6009049859978148,0.666589649163026,0.5176853795101181,0.4520667041462952
0.8430080404108434,0.4069710304280071,0.6869219076574815,0.4415023897041813,0.4678657473657416
0.9549168483978588,0.7188173469272647,0.374351890776185,0.8295062863732355,0.6829640981458547
0.15038569164460594,0.6842239308063731,0.6253184708160521,0.6835688330764148,0.6083888039124106
0.5280028643126229,0.21400090171172415,0.7733086427256216,0.30449822964605217,0.3803582760163817
0.18140830029131538,0.9713526750860549,0.632397264412137,0.6159187198440217,0.670944231567654
0.3947504531580105,0.3356289924741156,0.6356089965451698,0.5483428230647461,0.41944133395520344
0.710594763036446,0.32971618596345664,0.6307116373085602,0.18550376770356236,0.4650025583801284
0.1243545886424038,0.727976322412388,0.8166215242927363,0.8108439989727473,0.6108757553769852
0.24511604424221234,0.21126135302684368,0.7997768971550031,0.388828247415114,0.3148920041387059
0.67002831303472,0.976359099631306,0.11782285261993442,0.6640046496598009,0.6318760569078311
0.5205078574757328,0.32161060025582167,0.5612038322088613,0.7381285805350276,0.4176590576085791
0.8237269201731813,0.9242557264380008,0.7595721921569119,0.8205855169847773,0.7058422395159467
0.1285986361814904,0.6518539681768095,0.4956592463138698,0.37707108066224937,0.4803261814435054
0.926592388900407,0.7196265745161413,0.0480731125340601,0.8359692104317047,0.692410619788302
0.20378545675116386,0.47632318027494025,0.4801415782727543,0.46536070113128497,0.5390769445381516
0.534346372533105,0.1692302309001269,0.04404833616254977,0.25751970656515394,0.18495555818094928
0.5527199916506806,0.19722628702530254,0.36899761256344,0.7429585231257982,0.3314973737033173
0.2558831525039916,0.34895241145135414,0.32966900549836686,0.4793600942559458,0.35861318675037757
0.8173586706415485,0.47715772514039,0.5464466013712611,0.8693513006512067,0.685814767953419
0.21196828526952544,0.044956333489487355,0.9393103630055759,0.25272144840151145,0.2866638863249139
0.9168093634027146,0.9039290528460883,0.9236760450107129,0.5117196164341796,0.8314254685068786
0.49911547297354975,0.4117474438166201,0.04806284397274385,0.8260043102938464,0.45146805350664043
0.16650293069218053,0.5234983842885422,0.1223134840837452,0.09771873559273037,0.2429173200365104
0.8739189175826723,0.34941554671859676,0.05008235420257101,0.11637510947344078,0.3904111950800254
0.30420670596060045,0.4649246471158478,0.00880900739351631,0.2620804180019578,0.30313832977217176
0.2706059114337791,0.6732035127414665,0.42867839977534217,0.07947909957043575,0.4173480823218405
0.901555148140131,0.9413403512331711,0.4957924232990394,0.2941358029214534,0.6250838202792273
0.37500097074491234,0.6738334940258299,0.5624184054329758,0.3563367388244853,0.5580019606828412
0.8172036682353998,0.1749335627507892,0.11456204339604814,0.5640710948579835,0.4516668315526007
0.7092402973771953,0.7515707669539775,0.3987273247186035,0.9628404789863424,0.7077925851659573
0.668616058724296,0.8875553009463553,0.6462727180159138,0.40937455203352413,0.7680036291543921
0.7447837479904599,0.34930044243618075,0.7992380999762859,0.6163232866263506,0.5612108544020117
0.11024025069954907,0.632688395972375,0.45188911749312566,0.7979946859331579,0.48947222063960266
0.6956082401184308,0.8249547142166315,0.28794936963263706,0.6423631181818513,0.5581445199978183
0.13527045373342209,0.09867209808541344,0.10046657930436131,0.7120725537919322,0.18790477439102438
0.12034745600424668,0.21584190252405466,0.3274199595294599,0.7038838773120413,0.2967797947871761
0.8649453796801717,0.7077891569099033,0.8692584708267963,0.629142411925775,0.7637337993024806
0.5861881701117181,0.05176738094206512,0.6685228650359667,0.48766705352669776,0.3508521653740575
0.973089751965854,0.9826924270520004,0.5269293106708222,0.9982958238553709,0.9100061009323311
0.3076488950087666,0.06265798630461095,0.38666928457518956,0.8187024713342963,0.3217702512500329
0.9589431042812044,0.13844600940023932,0.44621881858218715,0.6178713204279829,0.5555068340250413
0.3586216336865694,0.23365604625771574,0.34390320058308965,0.401530657484551,0.3687190424871903
0.4460740453238792,0.10583041207856803,0.904035739738738,0.7291861313014654,0.45540263122025315
0.3182923523227692,0.3297680171708267,0.7056598112446697,0.11227081154622703,0.381895752107286
0.3777872290614219,0.8453361850586673,0.4927622733435041,0.157422183768552,0.5993009235771954
0.2504245256004306,0.9163458535949663,0.8967836940126095,0.7956403965549186,0.7659278083839758
0.18113805956295803,0.28212454043328306,0.8496751053435114,0.6196904162764518,0.4185646480035988
0.44542552878953157,0.247770536315587,0.6232136782009433,0.3601078810855646,0.3899655636889302
0.33129240738202825,0.3066416976731857,0.4670959639823826,0.8195225650163982,0.4660289166063112
0.6939739041028099,0.007107747087859662,0.2655851973476776,0.525811761597042,0.3364248771477606
0.8109467248645992,0.3092279754336761,0.9484802213487599,0.39080351877399516,0.5786946328975188
0.49911914418110004,0.6422981233693712,0.31125692288669604,0.8224179484853793,0.5608862160482075
0.8160479732592447,0.5342476210769824,0.22147021113891152,0.5988012220657662,0.46632108663338334
0.569916364226307,0.5299894378050086,0.6873377015489488,0.8671987740136496,0.578609873600969
0.6483334134045637,0.18625154340029237,0.8944621265293148,0.3980339232673191,0.46039208330933934
0.26107865444361333,0.01687739085793938,0.15979860378902566,0.41610144372703434,0.1610290690271095
0.6033104850960049,0.7598963288209111,0.6871331767550724,0.3680698311840972,0.6426391948686692
0.8807946946241756,0.5259368750140431,0.47059711693600814,0.30892601284105703,0.5772116469427961
0.5458220579815348,0.2524041095324747,0.9555798781283702,0.7732537872785583,0.5556471981899048
0.4212764192811551,0.2921438522052976,0.2187709725943373,0.6502233175666949,0.40262647764338
0.7006153410741545,0.8971277916691947,0.5540098543941463,0.49487994053644174,0.7844761587565396
0.7045329298993552,0.0016059472396448005,0.4295170503296527,0.773302246359995,0.48761822023876933
0.8370120488627169,0.5986820094616057,0.021994053259063673,0.6716556934306013,0.5146837352734621
0.30749201219948663,0.6002347697799049,0.5766327978837642,0.30711175415898345,0.44489149913842363
0.12762871713869667,0.8490485850930637,0.3838796327500079,0.2175634344735317,0.4357647342804589
0.8120698018987597,0.7196831530826893,0.887427954498092,0.470587772987464,0.711305687631394
0.9545046092855872,0.7006522339805773,0.8364428937104676,0.4993119497127817,0.7302986584138835
0.1969680148585139,0.7848376325911943,0.19823792557702935,0.4773916136722926,0.5041472304297219
0.2062342677753582,0.6213736953114487,0.4549886343119963,0.39847314958943986,0.5017301933787668
0.29291100405730663,0.9987804057487236,0.670982232385235,0.12696555202788812,0.6095664749484363
0.805383672397817,0.483296579244777,0.7152035108847681,0.2802766889903253,0.5626179847730423
0.36634937919354427,0.34844933400145783,0.5195860529671238,0.7085070085387394,0.4661671903757277
0.9621147576460939,0.36945556215460085,0.05705045537797293,0.871165071043602,0.5744565871505339
0.3033229454886326,0.10009951284725327,0.38446098925378946,0.4089686599954409,0.30072462514186954
0.39127390150520946,0.13208704522218495,0.473223736106158,0.37239273180294286,0.30051869532215825
0.9984089186870471,0.5933428337551634,0.4657380942265624,0.2527098642559538,0.5786104875255327
0.6043802667542815,0.7134080637109191,0.6767481250628593,0.5492783973923527,0.6189288135826125
0.9474043323915627,0.13167252967273768,0.23425525680916204,0.5236869181610129,0.38295100805811405
0.3997335376492661,0.9649448154923829,0.7719734107089788,0.4468361829873025,0.7305565163428891
0.37737468429350807,0.6241815293460617,0.6165466891494674,0.15856202342924447,0.39468090074638557
0.35691742260397086,0.2083068156016652,0.5811336736901933,0.309805173171222,0.4047040309636562
0.229033280525789,0.001962018310955327,0.07687821328212519,0.9831928089933373,0.2420988661202647
0.5454051466363723,0.3539631310924124,0.309974171531501,0.34044972780946015,0.30292788704071355
0.837356094227924,0.25293916892448987,0.909935774424347,0.3361495518389754,0.516428090981462
0.5366023606029925,0.5463228557138162,0.07991292058259036,0.42066981168993023,0.4459637817148327
0.6256209260947164,0.6635440761545146,0.3878602298271203,0.2662179785031535,0.5837499486249703
0.9670113467623568,0.18500229710806504,0.8061966116696198,0.1579572329364768,0.385483119288176
0.5470001379641487,0.7374534716181153,0.782827019958449,0.37261583696873724,0.5776879118943726
0.8603437431062828,0.44295518701592795,0.20097568854824255,0.45262485386830476,0.6063045658957973
0.128537268302406,0.5915217678953557,0.7434360917776291,0.27960099700058577,0.5150079811707353
0.1531113991057449,0.5341366191363328,0.782969071657256,0.45875252900639946,0.5361487834684389
0.7707495432075618,0.599410561968372,0.5532494259466301,0.5507097033763506,0.6479306697970961
0.7792380807792094,0.669191388807639,0.8114452100924915,0.15033791343313377,0.6364813205128489
0.12899334012835037,0.5466297553367805,0.9893806264604754,0.31252245740701357,0.5042481044996749
0.8442299376715598,0.3125936006777432,0.0501787769163633,0.7867660141055615,0.45944742213748596
0.4299555727976372,0.06477136048283672,0.63691950538251,0.747894018893263,0.43742328426744215
0.7613687463925648,0.7014858269004094,0.7690330987867587,0.0,0.6063236878546194
0.9830979448514713,0.6601602587447604,0.6248104890245506,0.7353556781657136,0.6681863140181016
0.7425535514611916,0.9313693880151561,0.538883451537076,0.631817397793312,0.6719529283072737
0.3946906627462351,0.8735342010653153,0.4443015359750696,0.49572630761791636,0.6868446220538785
0.3679351565269784,0.28313516490684953,0.2421383328631822,0.2800376599378626,0.3238227457148674
0.6867853393043055,0.3489607646063928,0.03975754247288232,0.8523021525803448,0.3789305224199977
0.6819204524120351,0.21828588977074148,0.22671734579984992,0.3122153621980245,0.3239522930607012
0.4539801365101599,0.09422565678491568,0.5640487104486067,0.2817359399400755,0.27048012464918025
0.2865549752641664,0.4115053353219349,0.20305806919996738,0.6286750871916027,0.4070404543172042
0.26778254122165623,0.07525186198548006,0.5279021250702065,0.6479553200810166,0.35342219196622165
0.22529691416563918,0.17631477418691532,0.2521525920588158,0.619783314503814,0.2358614868365538
0.12535535017459418,0.3822725950399758,0.24638512789259648,0.21577766033466111,0.2721464619365992
0.4831167152065905,0.36824354514511615,0.7849492188798577,0.026509252334863398,0.3679930704495346
0.5503667044810279,0.7077250081444839,0.7649895326681984,0.5470056728162322,0.676868107859713
0.47131698387017773,0.8892280721922076,0.7195802535455866,0.6706203809943762,0.684456032084724
0.6799274860149108,0.8493187318800468,0.9531328593075122,0.13019684953590366,0.7234250095681423
0.9803303415141424,0.3222809297082381,0.7667911913900511,0.43320497090983695,0.5422931221155363
0.874245770675391,0.21260642727620083,0.6726579532422394,0.4368796133109285,0.5121513112923861
0.3220541228516917,0.3933595464831485,0.9507680742803991,0.4418893209150757,0.5755939529103412
0.11201719107311132,0.5242872668360271,0.5755637498240401,0.10318645263800474,0.3927662052940804
0.18550269291105992,0.02321230745046443,0.5486739234330212,0.39844618412634797,0.32396708880677055
0.9267702242480554,0.8982949723547385,0.16052803844865327,0.6468573117425607,0.7493779490290369
0.5706281520768147,0.226989932347761,0.6251682323299085,0.4537940529221693,0.31519223608582825
0.5633778092009589,0.6286452406137031,0.24464563853046373,0.3666649553190996,0.42413399078056396
0.2830469705051661,0.6873336287683399,0.09740090937326984,0.40408770414857725,0.3626170130266478
0.31686836609774593,0.22627915251183084,0.49171764415020336,0.45063825384880585,0.29416846177850675
0.5151570186308113,0.5425875024397518,0.1419302622587958,0.7652354929068588,0.5191959235215343
0.37562411473953583,0.9954244998135077,0.1032500280703732,0.4717094551904341,0.5429100988999784
0.9834424675430556,0.29186498339972766,0.9034432902155357,0.5441944383808378,0.5806705585390002
0.5983189230467028,0.34343346009854436,0.7616131446665031,0.37928955143307447,0.47496698356408074
0.26084893237043966,0.4710272429322744,0.9335941719120803,0.8197785937947242,0.5178645721634125
0.8818091551960574,0.7296650976171215,0.05558846678878915,0.7103775603181712,0.6229455162217288
0.3354306364072604,0.995780892168142,0.15628395850962695,0.8970248514668157,0.723613763730943
0.23750533084288725,0.17997411389903029,0.2247226773668094,0.6350617416754116,0.3348405554463196
0.4479659808844457,0.30023234937794574,0.9475769333231167,0.9867106817187974,0.6154862203981991
0.979152353767228,0.025730579777456186,0.7216695257005598,0.7731275768459234,0.47544589998812636
0.829438772563307,0.8556366241949785,0.2714878861425558,0.857233987637452,0.7021743557265199
0.7521382099388553,0.40683620505387275,0.14057975943726098,0.1535947580940172,0.3861299169734056
0.6467366527210462,0.9303505003746975,0.15098049854523587,0.6806292828186421,0.7445722444361694
0.5516426637494274,0.23378461204900525,0.46118323895245805,0.1561921268515017,0.42274661098559296
0.33204362279037203,0.35146021275310957,0.3547211368896337,0.4901587752630151,0.3350858807532991
0.2984268929347754,0.6796612273970557,0.3162153881423563,0.11325856707609248,0.3989148390006997
0.4079292773920635,0.6763168034302147,0.7414594688425534,0.3394674718646282,0.5986555170309003
0.326737724214073,0.9029128353539181,0.7663857500825573,0.5534636532637468,0.690080879475679
0.39568192926125334,0.09546730079404708,0.5437456448134136,0.043060257886339104,0.311685596006038
0.9988471648538583,0.8060287267835794,0.34986948576758925,0.2694697095658546,0.7044546069251755
0.8119093403280474,0.022391369320348686,0.12437234378458784,0.42342851461021563,0.2932780116112375
0.1586875954706231,0.25940629024688133,0.4617728360858461,0.21639974957668257,0.2253887444847014
0.7572545266185504,0.10109843234705662,0.8939384594545691,0.24259831217850367,0.37316808536566776
0.8176880322337872,0.6961394962040893,0.18246654465471634,0.29520326402673625,0.41779512338082636
0.3882565010971989,0.9916735495337348,0.5903997659597278,0.8229441902920568,0.8488141972802782
0.7768654619499777,0.6571461156801605,0.9977430614437768,0.9827978249155571,0.796517389892719
0.5114575247982568,0.9691672663905854,0.03229101712660809,0.7824471937402953,0.5480603447280071
0.9092143909059506,0.2862444002121587,0.2577048321094443,0.4431357689059874,0.477530665677317
0.5674402312429931,0.9922881929721737,0.3852327547120866,0.7443399178507922,0.6605308713126542
0.13235309307641602,0.5004297365192644,0.3947820662702183,0.2203541278829995,0.3751267258372096
0.683452292541193,0.9334941744447357,0.6254269529086849,0.6819053840037493,0.8198822092049423
0.8872766048383524,0.7044619043679154,0.687498086697512,0.14252027037530696,0.6588818461744338
0.23076761830828915,0.195151968574919,0.7754172353702062,0.364500959953982,0.26926113756438236
0.1851863593618341,0.7689996117969582,0.08655922384330861,0.1299813309205377,0.4538227017029418
0.9717916400098986,0.23232166518671626,0.09371048004275273,0.34241597878019897,0.3564215864370303
0.586573611950152,0.6731379510014559,0.4380504183748679,0.7164301393107573,0.5317710700255788
0.8291378889065545,0.881471389893441,0.9294439897402434,0.2772228101415589,0.7936091936417072
0.14251273467693631,0.7553122932649062,0.37372804714929986,0.11710991808285136,0.36367626985552376
0.9129417350450356,0.10990993974174568,0.843069272725063,0.42706346493640535,0.422707605617511
0.35129781975263463,0.17951544700063715,0.0729849726279348,0.8518499176612722,0.42328155224581726
0.42034395401966895,0.6313740799691089,0.913088178051939,0.8230926764039656,0.6918856849368309
0.7210807652815326,0.033689837177403814,0.6397577124394452,0.6907263466444367,0.37282357732858906
0.5919733169154114,0.3559267096208225,0.7927369942692357,0.6432509819822543,0.5984064176200664
0.9772291114376318,0.34491707131397786,0.9229932740121771,0.4756005000407988,0.6499844811849402
0.15704640666955755,0.5275533961458343,0.5535239541623472,0.44682940460046394,0.38796440865864007
0.3565029088787409,0.15556806076536867,0.992561958665454,0.5065615259708312,0.3749164574307364
0.26573827078680534,0.6100690361975077,0.7247049468219717,0.7433994851691459,0.5610236353510556
0.19149252760449686,0.8343207120423889,0.3821164941872488,0.028468073115097192,0.5192333421305951
0.8082702893240137,0.5555999247190837,0.7247946228587325,0.7381683741275382,0.6442362703264607
0.8193403396231512,0.5991658753229868,0.35490212526980025,0.5545757852782602,0.5596831310978124
0.5927586830312107,0.1809731153658678,0.7675048387476743,0.3909013861960764,0.4378923618360107
0.22519745198465865,0.5496440439982709,0.509129670394423,0.7219267290730893,0.4148337930791326
0.38883008346882497,0.29315883201854775,0.7382725746665123,0.38087489883328624,0.39671706745212887
0.5294876427579326,0.9046034835440229,0.5751384410508071,0.6211469952975142,0.6287530996902815
0.8177355706645526,0.6800282512726602,0.7705089046949158,0.3143794486672358,0.6352731929421328
0.37970821411629263,0.805232276849842,0.5091525383027069,0.9411071062345523,0.6240055703653634
0.13448490943719776,0.2917193238773741,0.9093375737908073,0.4516405948391149,0.4115102576109603
0.9976815761329804,0.6975809089595323,0.7763934240664878,0.4810227832302433,0.7197860380296509
0.3474597566786747,0.3017506457478424,0.7743638428425841,1.0,0.5247824971394556
0.7639533411713614,0.02540075899465455,0.9262030165625189,0.8304537398515959,0.47655264466328706
0.7343726503419701,0.46687730604245636,0.40472122634454855,0.6344453052726328,0.5335418337045187
0.11437824595904411,0.619131870047114,0.5600929176752085,0.8678377199644627,0.4943934161352719
0.1914002973555765,0.32391144955153617,0.6035862092860723,0.4722872117767303,0.3995606632760336
0.35841750242807524,0.9827301048579323,0.6845397405050858,0.12176666001504544,0.6136908807241112
0.7443970981154365,0.7097722775838923,0.5946655256131199,0.9119412913483402,0.708427091420456
0.6354609585024386,0.02062180074288833,0.39854739938433337,0.3462710989107611,0.35490808319712597
0.8483413039039057,0.2157961324394687,0.9472755353525584,0.392004207282687,0.5578519955282598
0.6424533314566774,0.8215685009737982,0.6299400789230429,0.7626806400418836,0.7655385644750526
0.5314013364910886,0.0938167711441853,0.6108731899715513,0.849909661728933,0.4288711091920141
0.9551641543585021,0.5744409832063994,0.8432083783995635,0.44516243803656297,0.6005975316150036
0.7688772579140393,0.020493615388880837,0.028969796097377043,0.31741489472210754,0.27738414675118567
0.15552230596274008,0.3849049686623861,0.40982477778470494,0.6860274930839153,0.3617987091127012
0.39459097345946736,0.3465472564358447,0.763004935567106,0.10773596321857776,0.39566096289190633
0.22760605935805542,0.35390662401023076,0.3211747805452563,0.7886782702375231,0.4434065262266912
0.3121417756543794,0.4246298457758879,0.28438964441076253,0.23488069422553456,0.4289473391568288
0.40207035329409346,0.0927453273787272,0.6199774063799428,0.5232379200017291,0.27303598029327447
0.21732772129657532,0.8985762906858054,0.2307005573759301,0.2596765672202216,0.5486147976336754
0.5755880605534383,0.6536361550837712,0.7593472407820314,0.8618141941563251,0.6988323226827835
0.8751240667906509,0.17057155320619222,0.3601523314550882,0.6246911928243176,0.4938958712574348
0.35275033263059785,0.20991110766322651,0.6144574769376007,0.5041389189237123,0.3040511440676809
0.3088308363656657,0.292059632501678,0.427407231360863,0.08134053789134243,0.20326694813996404
0.9997274886931622,0.3224035101206495,0.8423276072603297,0.6216051725228441,0.5843439388331682
0.6532939118319481,0.7569165505829645,0.2723264302396825,0.5546671744553243,0.606166399866028
0.6884381495023709,0.07878769593336499,0.050643860275723984,0.3675301629227969,0.24901111698561815
0.10506059764422619,0.13470076046595614,0.07627398643886574,0.6757943161289126,0.18404207174802795
0.6935384228998159,0.8935551411080014,0.4549456508116988,0.4783736056594964,0.64555400170641
0.5436856070562173,0.8379170061884502,0.9001391686098242,0.3403043924300828,0.6826913529342943
0.7615347787458304,0.6401270860538799,0.7454137336239759,0.3851259285200862,0.6271482890911206
0.4338713947062468,0.3022666413674179,0.49119881971252655,0.6627849284708318,0.4438213004354206
0.6319250163632126,0.11653282059212633,0.7432202504026062,0.420149451784469,0.47503233536754846
0.12550325004044927,0.48965060876796496,0.9524290447723615,0.31473562381962145,0.42932777838715874
0.9150206508753582,0.053653308739827876,0.08352370501794681,0.10666118843680594,0.27245235241821153
0.7628129618073677,0.6678005407173057,0.8149031719599663,0.6080051542154056,0.7331191752754167
0.8155350801841397,0.23669924065539316,0.08672033057521134,0.8995786969828143,0.4551512677777186
0.5813035525781974,0.30012492809283176,0.7760999296899824,0.40320743275571874,0.471522470307733
0.4400226689883815,0.63564110631968,0.5060782601178351,0.24603517437997635,0.5460391152464981
0.2663978472478258,0.10440345901393233,0.07447748318903558,0.9023507441805372,0.2913334680316516
0.37671755769170356,0.8980869926009849,0.5860379474301891,0.7811165695218077,0.7506962305982265
0.21681982073200598,0.3972375821829185,0.9847446628317466,0.7012943980145232,0.5425559003484987
0.9561554166567782,0.4499278612412104,0.13686685788379327,0.42649486011968724,0.48873900785550056
0.822989014321364,0.4227488039706151,0.09646315414485107,0.7688663346552812,0.5065457978811861
0.8427487071454668,0.8287947463711232,0.41692953220351137,0.3605195535226066,0.7405961573476749
0.6706472114617579,0.37987796510656335,0.5483715636485033,0.665160304415658,0.5715465614143863
0.5024568581509847,0.8180251088367764,0.04890713430494775,0.826583052463183,0.7003387376958352
0.47059383577614733,0.5702275873856214,0.08204555366298083,0.5820086037506695,0.49842217643774434
0.543991592359619,0.05051511797024333,0.036411728482617645,0.05002851890914409,0.14524341726765097
0.8885861289981843,0.011036079208309513,0.6546616285613827,0.5130378351035088,0.41830056788605885
0.7392996920328734,0.6755391621632953,0.3937619212832725,0.19983931653807982,0.4800642674218255
0.8619215307840178,0.9089708782214917,0.9241358782643574,0.8779408368632996,0.9389365663675188
0.36581716558465704,0.8952184867225975,0.17756823480965112,0.8806318593837563,0.6577122144442286
0.49775968146258665,0.7580110894721658,0.5094094269112358,0.404374767287521,0.5532334691366467
0.949241886141073,0.9091340755568451,0.4828880420104019,0.5913921134304296,0.6866794756576782
0.3032389688495911,0.7079052491734066,0.6715654830218243,0.4666886598417716,0.5474150516633726
0.373759682978393,0.02583151031938169,0.0637820508260818,0.7725642624142,0.29122340248884526
0.23788069879999557,0.49810521691824705,0.3318886552204653,0.2612149148169775,0.32884847657785243
0.3076172591153037,0.6238831551240446,0.5109488132196301,0.7927957997643588,0.6405284041857768
0.448279231181132,0.7527094129707596,0.7766034619777757,0.4253190007110961,0.6651876253883932
0.14178799420510524,0.9703266726373028,0.7948395747721578,0.3440678022524317,0.5688857013930501
